"8bitoperator JVE (DO NOT EDIT IN GAMEMAKER, Japanese characters will disappear)";12;False;False;1;0;1;1
32;79;81;3;16;3;0
33;73;81;4;13;6;1
34;92;81;5;8;6;0
35;60;2;7;13;8;0
36;105;2;6;15;7;0
37;51;2;7;13;8;0
38;78;2;7;13;8;0
39;119;81;2;8;3;0
40;67;81;4;13;5;0
41;55;81;4;13;5;0
42;2;20;8;11;9;0
43;98;66;6;11;7;0
44;103;81;2;15;3;0
45;41;81;6;9;7;0
46;111;81;2;13;3;0
47;20;20;6;14;7;0
48;106;36;6;13;7;0
49;74;36;6;13;7;0
50;58;51;6;13;7;0
51;108;20;6;13;7;0
52;76;20;6;13;7;0
53;66;36;6;13;7;0
54;116;20;6;13;7;0
55;26;36;6;13;7;0
56;66;51;6;13;7;0
57;26;51;6;13;7;0
58;107;81;2;13;3;0
59;99;81;2;15;3;0
60;2;81;5;13;6;0
61;33;81;6;10;7;0
62;106;66;5;13;6;0
63;114;51;6;13;7;0
64;106;51;6;13;7;0
65;2;36;6;13;7;0
66;92;20;6;13;7;0
67;34;36;6;13;7;0
68;2;66;6;13;7;0
69;34;66;6;13;7;0
70;26;66;6;13;7;0
71;100;20;6;13;7;0
72;2;51;6;13;7;0
73;36;20;6;13;7;0
74;82;36;6;13;7;0
75;98;36;6;13;7;0
76;50;66;6;13;7;0
77;87;2;7;13;8;0
78;60;20;6;13;7;0
79;18;51;6;13;7;0
80;34;51;6;13;7;0
81;113;2;6;15;7;0
82;114;36;6;13;7;0
83;42;66;6;13;7;0
84;90;36;6;13;7;0
85;42;51;6;13;7;0
86;10;66;6;13;7;0
87;42;2;7;13;8;0
88;28;20;6;13;7;0
89;18;66;6;13;7;0
90;90;66;6;13;7;0
91;61;81;4;13;5;0
92;12;20;6;14;7;0
93;49;81;4;13;5;0
94;84;81;6;7;7;0
95;9;81;4;16;5;0
96;2;99;3;5;4;0
97;10;51;6;13;7;0
98;98;51;6;13;7;0
99;68;20;6;13;7;0
100;66;66;6;13;7;0
101;42;36;6;13;7;0
102;50;36;6;13;7;0
103;2;2;6;16;7;0
104;52;20;6;13;7;0
105;74;51;6;13;7;0
106;18;2;6;16;7;0
107;82;66;6;13;7;0
108;50;51;6;13;7;0
109;69;2;7;13;8;0
110;10;36;6;13;7;0
111;44;20;6;13;7;0
112;34;2;6;16;7;0
113;26;2;6;16;7;0
114;74;66;6;13;7;0
115;90;51;6;13;7;0
116;18;36;6;13;7;0
117;58;66;6;13;7;0
118;58;36;6;13;7;0
119;96;2;7;13;8;0
120;84;20;6;13;7;0
121;10;2;6;16;7;0
122;82;51;6;13;7;0
123;120;66;5;13;6;0
124;115;81;2;13;3;0
125;113;66;5;13;6;0
126;24;81;7;9;8;0
127;15;81;7;9;8;0
12353;1;130;7;15;8;0
12354;9;130;7;15;8;0
12355;17;130;6;15;8;1
12356;24;130;7;15;8;0
12357;32;130;5;15;8;2
12358;38;130;6;15;8;0
12359;45;130;6;15;8;1
12360;52;130;7;15;8;0
12361;60;130;6;15;8;0
12362;67;130;7;15;8;0
12363;75;130;7;15;8;0
12364;83;130;7;15;8;0
12365;91;130;6;15;8;1
12366;98;130;7;15;8;0
12367;106;130;5;15;8;2
12368;112;130;6;15;8;2
12369;119;130;7;15;8;0
12370;127;130;7;15;8;0
12371;135;130;6;15;8;1
12372;142;130;7;15;8;1
12373;150;130;6;15;8;1
12374;157;130;7;15;8;1
12375;165;130;6;15;8;2
12376;172;130;6;15;8;2
12377;179;130;7;15;8;0
12378;187;130;7;15;8;0
12379;195;130;7;15;8;0
12380;203;130;7;15;8;0
12381;211;130;7;15;8;0
12382;219;130;7;15;8;0
12383;227;130;7;15;8;0
12384;235;130;7;15;8;0
12385;243;130;7;15;8;0
12386;1;147;7;15;8;0
12387;9;147;7;15;8;0
12388;17;147;7;15;8;0
12389;25;147;7;15;8;0
12390;33;147;7;15;8;0
12391;41;147;7;15;8;0
12392;49;147;6;15;8;1
12393;56;147;7;15;8;1
12394;64;147;7;15;8;0
12395;72;147;7;15;8;0
12396;80;147;7;15;8;0
12397;88;147;7;15;8;0
12398;96;147;7;15;8;0
12399;104;147;7;15;8;0
12400;112;147;7;15;8;0
12401;120;147;7;15;8;0
12402;128;147;7;15;8;0
12403;136;147;7;15;8;0
12404;144;147;7;15;8;0
12405;152;147;7;15;8;0
12406;160;147;7;15;8;0
12407;168;147;7;15;8;0
12408;176;147;7;15;8;0
12409;184;147;7;15;8;0
12410;192;147;7;15;8;0
12411;200;147;7;15;8;0
12412;208;147;7;15;8;0
12413;216;147;7;15;8;0
12414;224;147;6;15;8;1
12415;231;147;7;15;8;0
12416;239;147;7;15;8;0
12417;247;147;7;15;8;0
12418;1;164;7;15;8;0
12419;9;164;7;15;8;0
12420;17;164;7;15;8;0
12421;25;164;7;15;8;0
12422;33;164;7;15;8;0
12423;41;164;6;15;8;1
12424;48;164;7;15;8;0
12425;56;164;6;15;8;1
12426;63;164;5;15;8;2
12427;69;164;7;15;8;0
12428;77;164;7;15;8;0
12429;85;164;7;15;8;0
12430;93;164;6;15;8;1
12431;100;164;7;15;8;0
12432;108;164;7;15;8;0
12433;116;164;7;15;8;0
12434;124;164;7;15;8;0
12435;132;164;7;15;8;0
12443;140;164;3;15;8;0
12444;144;164;3;15;8;0
12449;148;164;6;15;8;1
12450;155;164;7;15;8;0
12451;163;164;6;15;8;1
12452;170;164;6;15;8;0
12453;177;164;6;15;8;1
12454;184;164;7;15;8;0
12455;192;164;6;15;8;1
12456;199;164;7;15;8;0
12457;207;164;6;15;8;1
12458;214;164;7;15;8;0
12459;222;164;7;15;8;0
12460;230;164;7;15;8;0
12461;238;164;7;15;8;0
12462;246;164;7;15;8;0
12463;1;181;6;15;8;1
12464;8;181;7;15;8;0
12465;16;181;7;15;8;0
12466;24;181;7;15;8;0
12467;32;181;7;15;8;0
12468;40;181;7;15;8;0
12469;48;181;7;15;8;0
12470;56;181;7;15;8;0
12471;64;181;7;15;8;1
12472;72;181;7;15;8;1
12473;80;181;7;15;8;0
12474;88;181;7;15;8;0
12475;96;181;7;15;8;0
12476;104;181;7;15;8;0
12477;112;181;6;15;8;1
12478;119;181;7;15;8;1
12479;127;181;7;15;8;0
12480;135;181;7;15;8;0
12481;143;181;7;15;8;0
12482;151;181;7;15;8;0
12483;159;181;6;15;8;1
12484;166;181;7;15;8;1
12485;174;181;7;15;8;0
12486;182;181;7;15;8;0
12487;190;181;7;15;8;0
12488;198;181;5;15;8;3
12489;204;181;6;15;8;2
12490;211;181;7;15;8;0
12491;219;181;7;15;8;0
12492;227;181;7;15;8;0
12493;235;181;7;15;8;0
12494;243;181;6;15;8;0
12495;1;198;7;15;8;0
12496;9;198;7;15;8;0
12497;17;198;7;15;8;0
12498;25;198;6;15;8;1
12499;32;198;7;15;8;1
12500;40;198;7;15;8;1
12501;48;198;7;15;8;0
12502;56;198;7;15;8;0
12503;64;198;7;15;8;0
12504;72;198;7;15;8;0
12505;80;198;7;15;8;0
12506;88;198;7;15;8;0
12507;96;198;7;15;8;0
12508;104;198;7;15;8;0
12509;112;198;7;15;8;0
12510;120;198;7;15;8;0
12511;128;198;6;15;8;1
12512;135;198;7;15;8;0
12513;143;198;7;15;8;0
12514;151;198;7;15;8;0
12515;159;198;6;15;8;1
12516;166;198;7;15;8;0
12517;174;198;6;15;8;1
12518;181;198;7;15;8;0
12519;189;198;5;15;8;2
12520;195;198;6;15;8;0
12521;202;198;7;15;8;0
12522;210;198;5;15;8;2
12523;216;198;7;15;8;0
12524;224;198;6;15;8;2
12525;231;198;7;15;8;0
12526;239;198;6;15;8;2
12527;246;198;7;15;8;0
12528;1;215;7;15;8;0
12529;9;215;7;15;8;0
12530;17;215;6;15;8;1
12531;24;215;7;15;8;1
12532;32;215;7;15;8;0
12533;40;215;6;15;8;1
12534;47;215;6;15;8;0
12539;54;215;3;15;8;4
12540;58;215;7;15;8;0
12593;0;256;15;16;15;0
12594;16;256;15;16;15;0
12595;32;256;15;16;15;0
12596;48;256;15;16;15;0
12597;64;256;15;16;15;0
12598;80;256;15;16;15;0
12599;96;256;15;16;15;0
12600;112;256;15;16;15;0
12601;128;256;15;16;15;0
12602;144;256;15;16;15;0
12603;160;256;15;16;15;0
12604;176;256;15;16;15;0
12605;192;256;15;16;15;0
12606;208;256;15;16;15;0
12607;224;256;15;16;15;0
12608;240;256;15;16;15;0
12609;256;256;15;16;15;0
12610;272;256;15;16;15;0
12611;288;256;15;16;15;0
12612;304;256;15;16;15;0
12613;320;256;15;16;15;0
12614;336;256;15;16;15;0
12615;352;256;15;16;15;0
12616;368;256;15;16;15;0
12617;384;256;15;16;15;0
12618;400;256;15;16;15;0
12619;416;256;15;16;15;0
12620;432;256;15;16;15;0
12621;448;256;15;16;15;0
12622;464;256;15;16;15;0
12623;480;256;15;16;15;0
12624;496;256;15;16;15;0
12625;512;256;15;16;15;0
12626;528;256;15;16;15;0
12627;544;256;15;16;15;0
12628;560;256;15;16;15;0
12629;576;256;15;16;15;0
12630;592;256;15;16;15;0
12631;608;256;15;16;15;0
12632;624;256;15;16;15;0
12633;640;256;15;16;15;0
12634;656;256;15;16;15;0
12635;672;256;15;16;15;0
12636;688;256;15;16;15;0
12637;704;256;15;16;15;0
12638;720;256;15;16;15;0
12639;736;256;15;16;15;0
12640;752;256;15;16;15;0
12641;768;256;15;16;15;0
12642;784;256;15;16;15;0
12643;800;256;15;16;15;0
44032;816;256;14;16;14;0
44033;831;256;14;16;14;0
44034;846;256;14;16;14;0
44035;861;256;14;16;14;0
44036;876;256;14;16;14;0
44037;891;256;14;16;14;0
44038;906;256;14;16;14;0
44039;921;256;14;16;14;0
44040;936;256;14;16;14;0
44041;951;256;14;16;14;0
44042;966;256;14;16;14;0
44043;981;256;14;16;14;0
44044;996;256;14;16;14;0
44045;1011;256;14;16;14;0
44046;1026;256;14;16;14;0
44047;1041;256;14;16;14;0
44048;1056;256;14;16;14;0
44049;1071;256;14;16;14;0
44050;1086;256;14;16;14;0
44051;1101;256;14;16;14;0
44052;1116;256;14;16;14;0
44053;1131;256;14;16;14;0
44054;1146;256;14;16;14;0
44055;1161;256;14;16;14;0
44056;1176;256;14;16;14;0
44057;1191;256;14;16;14;0
44058;1206;256;14;16;14;0
44059;1221;256;14;16;14;0
44060;1236;256;14;16;14;0
44061;1251;256;14;16;14;0
44062;1266;256;14;16;14;0
44063;1281;256;14;16;14;0
44064;1296;256;14;16;14;0
44065;1311;256;14;16;14;0
44066;1326;256;14;16;14;0
44067;1341;256;14;16;14;0
44068;1356;256;14;16;14;0
44069;1371;256;14;16;14;0
44070;1386;256;14;16;14;0
44071;1401;256;14;16;14;0
44072;1416;256;14;16;14;0
44073;1431;256;14;16;14;0
44074;1446;256;14;16;14;0
44075;1461;256;14;16;14;0
44076;1476;256;14;16;14;0
44077;1491;256;14;16;14;0
44078;1506;256;14;16;14;0
44079;1521;256;14;16;14;0
44080;1536;256;14;16;14;0
44081;1551;256;14;16;14;0
44082;1566;256;14;16;14;0
44083;1581;256;14;16;14;0
44084;1596;256;14;16;14;0
44085;1611;256;14;16;14;0
44086;1626;256;14;16;14;0
44087;1641;256;14;16;14;0
44088;1656;256;14;16;14;0
44089;1671;256;14;16;14;0
44090;1686;256;14;16;14;0
44091;1701;256;14;16;14;0
44092;1716;256;14;16;14;0
44093;1731;256;14;16;14;0
44094;1746;256;14;16;14;0
44095;1761;256;14;16;14;0
44096;1776;256;14;16;14;0
44097;1791;256;14;16;14;0
44098;1806;256;14;16;14;0
44099;1821;256;14;16;14;0
44100;1836;256;14;16;14;0
44101;1851;256;14;16;14;0
44102;1866;256;14;16;14;0
44103;1881;256;14;16;14;0
44104;1896;256;14;16;14;0
44105;1911;256;14;16;14;0
44106;1926;256;14;16;14;0
44107;1941;256;14;16;14;0
44108;1956;256;14;16;14;0
44109;1971;256;14;16;14;0
44110;1986;256;14;16;14;0
44111;2001;256;14;16;14;0
44112;2016;256;14;16;14;0
44113;2031;256;14;16;14;0
44114;0;273;14;16;14;0
44115;15;273;14;16;14;0
44116;30;273;14;16;14;0
44117;45;273;14;16;14;0
44118;60;273;14;16;14;0
44119;75;273;14;16;14;0
44120;90;273;14;16;14;0
44121;105;273;14;16;14;0
44122;120;273;14;16;14;0
44123;135;273;14;16;14;0
44124;150;273;14;16;14;0
44125;165;273;14;16;14;0
44126;180;273;14;16;14;0
44127;195;273;14;16;14;0
44128;210;273;14;16;14;0
44129;225;273;14;16;14;0
44130;240;273;14;16;14;0
44131;255;273;14;16;14;0
44132;270;273;14;16;14;0
44133;285;273;14;16;14;0
44134;300;273;14;16;14;0
44135;315;273;14;16;14;0
44136;330;273;14;16;14;0
44137;345;273;14;16;14;0
44138;360;273;14;16;14;0
44139;375;273;14;16;14;0
44140;390;273;14;16;14;0
44141;405;273;14;16;14;0
44142;420;273;14;16;14;0
44143;435;273;14;16;14;0
44144;450;273;14;16;14;0
44145;465;273;14;16;14;0
44146;480;273;14;16;14;0
44147;495;273;14;16;14;0
44148;510;273;14;16;14;0
44149;525;273;14;16;14;0
44150;540;273;14;16;14;0
44151;555;273;14;16;14;0
44152;570;273;14;16;14;0
44153;585;273;14;16;14;0
44154;600;273;14;16;14;0
44155;615;273;14;16;14;0
44156;630;273;14;16;14;0
44157;645;273;14;16;14;0
44158;660;273;14;16;14;0
44159;675;273;14;16;14;0
44160;690;273;14;16;14;0
44161;705;273;14;16;14;0
44162;720;273;14;16;14;0
44163;735;273;14;16;14;0
44164;750;273;14;16;14;0
44165;765;273;14;16;14;0
44166;780;273;14;16;14;0
44167;795;273;14;16;14;0
44168;810;273;14;16;14;0
44169;825;273;14;16;14;0
44170;840;273;14;16;14;0
44171;855;273;14;16;14;0
44172;870;273;14;16;14;0
44173;885;273;14;16;14;0
44174;900;273;14;16;14;0
44175;915;273;14;16;14;0
44176;930;273;14;16;14;0
44177;945;273;14;16;14;0
44178;960;273;14;16;14;0
44179;975;273;14;16;14;0
44180;990;273;14;16;14;0
44181;1005;273;14;16;14;0
44182;1020;273;14;16;14;0
44183;1035;273;14;16;14;0
44184;1050;273;14;16;14;0
44185;1065;273;14;16;14;0
44186;1080;273;14;16;14;0
44187;1095;273;14;16;14;0
44188;1110;273;14;16;14;0
44189;1125;273;14;16;14;0
44190;1140;273;14;16;14;0
44191;1155;273;14;16;14;0
44192;1170;273;14;16;14;0
44193;1185;273;14;16;14;0
44194;1200;273;14;16;14;0
44195;1215;273;14;16;14;0
44196;1230;273;14;16;14;0
44197;1245;273;14;16;14;0
44198;1260;273;14;16;14;0
44199;1275;273;14;16;14;0
44200;1290;273;14;16;14;0
44201;1305;273;14;16;14;0
44202;1320;273;14;16;14;0
44203;1335;273;14;16;14;0
44204;1350;273;14;16;14;0
44205;1365;273;14;16;14;0
44206;1380;273;14;16;14;0
44207;1395;273;14;16;14;0
44208;1410;273;14;16;14;0
44209;1425;273;14;16;14;0
44210;1440;273;14;16;14;0
44211;1455;273;14;16;14;0
44212;1470;273;14;16;14;0
44213;1485;273;14;16;14;0
44214;1500;273;14;16;14;0
44215;1515;273;14;16;14;0
44216;1530;273;14;16;14;0
44217;1545;273;14;16;14;0
44218;1560;273;14;16;14;0
44219;1575;273;14;16;14;0
44220;1590;273;14;16;14;0
44221;1605;273;14;16;14;0
44222;1620;273;14;16;14;0
44223;1635;273;14;16;14;0
44224;1650;273;14;16;14;0
44225;1665;273;14;16;14;0
44226;1680;273;14;16;14;0
44227;1695;273;14;16;14;0
44228;1710;273;14;16;14;0
44229;1725;273;14;16;14;0
44230;1740;273;14;16;14;0
44231;1755;273;14;16;14;0
44232;1770;273;14;16;14;0
44233;1785;273;14;16;14;0
44234;1800;273;14;16;14;0
44235;1815;273;14;16;14;0
44236;1830;273;14;16;14;0
44237;1845;273;14;16;14;0
44238;1860;273;14;16;14;0
44239;1875;273;14;16;14;0
44240;1890;273;14;16;14;0
44241;1905;273;14;16;14;0
44242;1920;273;14;16;14;0
44243;1935;273;14;16;14;0
44244;1950;273;14;16;14;0
44245;1965;273;14;16;14;0
44246;1980;273;14;16;14;0
44247;1995;273;14;16;14;0
44248;2010;273;14;16;14;0
44249;2025;273;14;16;14;0
44250;0;290;14;16;14;0
44251;15;290;14;16;14;0
44252;30;290;14;16;14;0
44253;45;290;14;16;14;0
44254;60;290;14;16;14;0
44255;75;290;14;16;14;0
44256;90;290;14;16;14;0
44257;105;290;14;16;14;0
44258;120;290;14;16;14;0
44259;135;290;14;16;14;0
44260;150;290;14;16;14;0
44261;165;290;14;16;14;0
44262;180;290;14;16;14;0
44263;195;290;14;16;14;0
44264;210;290;14;16;14;0
44265;225;290;14;16;14;0
44266;240;290;14;16;14;0
44267;255;290;14;16;14;0
44268;270;290;14;16;14;0
44269;285;290;14;16;14;0
44270;300;290;14;16;14;0
44271;315;290;14;16;14;0
44272;330;290;14;16;14;0
44273;345;290;14;16;14;0
44274;360;290;14;16;14;0
44275;375;290;14;16;14;0
44276;390;290;14;16;14;0
44277;405;290;14;16;14;0
44278;420;290;14;16;14;0
44279;435;290;14;16;14;0
44280;450;290;14;16;14;0
44281;465;290;14;16;14;0
44282;480;290;14;16;14;0
44283;495;290;14;16;14;0
44284;510;290;14;16;14;0
44285;525;290;14;16;14;0
44286;540;290;14;16;14;0
44287;555;290;14;16;14;0
44288;570;290;14;16;14;0
44289;585;290;14;16;14;0
44290;600;290;14;16;14;0
44291;615;290;14;16;14;0
44292;630;290;14;16;14;0
44293;645;290;14;16;14;0
44294;660;290;14;16;14;0
44295;675;290;14;16;14;0
44296;690;290;14;16;14;0
44297;705;290;14;16;14;0
44298;720;290;14;16;14;0
44299;735;290;14;16;14;0
44300;750;290;14;16;14;0
44301;765;290;14;16;14;0
44302;780;290;14;16;14;0
44303;795;290;14;16;14;0
44304;810;290;14;16;14;0
44305;825;290;14;16;14;0
44306;840;290;14;16;14;0
44307;855;290;14;16;14;0
44308;870;290;14;16;14;0
44309;885;290;14;16;14;0
44310;900;290;14;16;14;0
44311;915;290;14;16;14;0
44312;930;290;14;16;14;0
44313;945;290;14;16;14;0
44314;960;290;14;16;14;0
44315;975;290;14;16;14;0
44316;990;290;14;16;14;0
44317;1005;290;14;16;14;0
44318;1020;290;14;16;14;0
44319;1035;290;14;16;14;0
44320;1050;290;14;16;14;0
44321;1065;290;14;16;14;0
44322;1080;290;14;16;14;0
44323;1095;290;14;16;14;0
44324;1110;290;14;16;14;0
44325;1125;290;14;16;14;0
44326;1140;290;14;16;14;0
44327;1155;290;14;16;14;0
44328;1170;290;14;16;14;0
44329;1185;290;14;16;14;0
44330;1200;290;14;16;14;0
44331;1215;290;14;16;14;0
44332;1230;290;14;16;14;0
44333;1245;290;14;16;14;0
44334;1260;290;14;16;14;0
44335;1275;290;14;16;14;0
44336;1290;290;14;16;14;0
44337;1305;290;14;16;14;0
44338;1320;290;14;16;14;0
44339;1335;290;14;16;14;0
44340;1350;290;14;16;14;0
44341;1365;290;14;16;14;0
44342;1380;290;14;16;14;0
44343;1395;290;14;16;14;0
44344;1410;290;14;16;14;0
44345;1425;290;14;16;14;0
44346;1440;290;14;16;14;0
44347;1455;290;14;16;14;0
44348;1470;290;14;16;14;0
44349;1485;290;14;16;14;0
44350;1500;290;14;16;14;0
44351;1515;290;14;16;14;0
44352;1530;290;14;16;14;0
44353;1545;290;14;16;14;0
44354;1560;290;14;16;14;0
44355;1575;290;14;16;14;0
44356;1590;290;14;16;14;0
44357;1605;290;14;16;14;0
44358;1620;290;14;16;14;0
44359;1635;290;14;16;14;0
44360;1650;290;14;16;14;0
44361;1665;290;14;16;14;0
44362;1680;290;14;16;14;0
44363;1695;290;14;16;14;0
44364;1710;290;14;16;14;0
44365;1725;290;14;16;14;0
44366;1740;290;14;16;14;0
44367;1755;290;14;16;14;0
44368;1770;290;14;16;14;0
44369;1785;290;14;16;14;0
44370;1800;290;14;16;14;0
44371;1815;290;14;16;14;0
44372;1830;290;14;16;14;0
44373;1845;290;14;16;14;0
44374;1860;290;14;16;14;0
44375;1875;290;14;16;14;0
44376;1890;290;14;16;14;0
44377;1905;290;14;16;14;0
44378;1920;290;14;16;14;0
44379;1935;290;14;16;14;0
44380;1950;290;14;16;14;0
44381;1965;290;14;16;14;0
44382;1980;290;14;16;14;0
44383;1995;290;14;16;14;0
44384;2010;290;14;16;14;0
44385;2025;290;14;16;14;0
44386;0;307;14;16;14;0
44387;15;307;14;16;14;0
44388;30;307;14;16;14;0
44389;45;307;14;16;14;0
44390;60;307;14;16;14;0
44391;75;307;14;16;14;0
44392;90;307;14;16;14;0
44393;105;307;14;16;14;0
44394;120;307;14;16;14;0
44395;135;307;14;16;14;0
44396;150;307;14;16;14;0
44397;165;307;14;16;14;0
44398;180;307;14;16;14;0
44399;195;307;14;16;14;0
44400;210;307;14;16;14;0
44401;225;307;14;16;14;0
44402;240;307;14;16;14;0
44403;255;307;14;16;14;0
44404;270;307;14;16;14;0
44405;285;307;14;16;14;0
44406;300;307;14;16;14;0
44407;315;307;14;16;14;0
44408;330;307;14;16;14;0
44409;345;307;14;16;14;0
44410;360;307;14;16;14;0
44411;375;307;14;16;14;0
44412;390;307;14;16;14;0
44413;405;307;14;16;14;0
44414;420;307;14;16;14;0
44415;435;307;14;16;14;0
44416;450;307;14;16;14;0
44417;465;307;14;16;14;0
44418;480;307;14;16;14;0
44419;495;307;14;16;14;0
44420;510;307;14;16;14;0
44421;525;307;14;16;14;0
44422;540;307;14;16;14;0
44423;555;307;14;16;14;0
44424;570;307;14;16;14;0
44425;585;307;14;16;14;0
44426;600;307;14;16;14;0
44427;615;307;14;16;14;0
44428;630;307;14;16;14;0
44429;645;307;14;16;14;0
44430;660;307;14;16;14;0
44431;675;307;14;16;14;0
44432;690;307;14;16;14;0
44433;705;307;14;16;14;0
44434;720;307;14;16;14;0
44435;735;307;14;16;14;0
44436;750;307;14;16;14;0
44437;765;307;14;16;14;0
44438;780;307;14;16;14;0
44439;795;307;14;16;14;0
44440;810;307;14;16;14;0
44441;825;307;14;16;14;0
44442;840;307;14;16;14;0
44443;855;307;14;16;14;0
44444;870;307;14;16;14;0
44445;885;307;14;16;14;0
44446;900;307;14;16;14;0
44447;915;307;14;16;14;0
44448;930;307;14;16;14;0
44449;945;307;14;16;14;0
44450;960;307;14;16;14;0
44451;975;307;14;16;14;0
44452;990;307;14;16;14;0
44453;1005;307;14;16;14;0
44454;1020;307;14;16;14;0
44455;1035;307;14;16;14;0
44456;1050;307;14;16;14;0
44457;1065;307;14;16;14;0
44458;1080;307;14;16;14;0
44459;1095;307;14;16;14;0
44460;1110;307;14;16;14;0
44461;1125;307;14;16;14;0
44462;1140;307;14;16;14;0
44463;1155;307;14;16;14;0
44464;1170;307;14;16;14;0
44465;1185;307;14;16;14;0
44466;1200;307;14;16;14;0
44467;1215;307;14;16;14;0
44468;1230;307;14;16;14;0
44469;1245;307;14;16;14;0
44470;1260;307;14;16;14;0
44471;1275;307;14;16;14;0
44472;1290;307;14;16;14;0
44473;1305;307;14;16;14;0
44474;1320;307;14;16;14;0
44475;1335;307;14;16;14;0
44476;1350;307;14;16;14;0
44477;1365;307;14;16;14;0
44478;1380;307;14;16;14;0
44479;1395;307;14;16;14;0
44480;1410;307;14;16;14;0
44481;1425;307;14;16;14;0
44482;1440;307;14;16;14;0
44483;1455;307;14;16;14;0
44484;1470;307;14;16;14;0
44485;1485;307;14;16;14;0
44486;1500;307;14;16;14;0
44487;1515;307;14;16;14;0
44488;1530;307;14;16;14;0
44489;1545;307;14;16;14;0
44490;1560;307;14;16;14;0
44491;1575;307;14;16;14;0
44492;1590;307;14;16;14;0
44493;1605;307;14;16;14;0
44494;1620;307;14;16;14;0
44495;1635;307;14;16;14;0
44496;1650;307;14;16;14;0
44497;1665;307;14;16;14;0
44498;1680;307;14;16;14;0
44499;1695;307;14;16;14;0
44500;1710;307;14;16;14;0
44501;1725;307;14;16;14;0
44502;1740;307;14;16;14;0
44503;1755;307;14;16;14;0
44504;1770;307;14;16;14;0
44505;1785;307;14;16;14;0
44506;1800;307;14;16;14;0
44507;1815;307;14;16;14;0
44508;1830;307;14;16;14;0
44509;1845;307;14;16;14;0
44510;1860;307;14;16;14;0
44511;1875;307;14;16;14;0
44512;1890;307;14;16;14;0
44513;1905;307;14;16;14;0
44514;1920;307;14;16;14;0
44515;1935;307;14;16;14;0
44516;1950;307;14;16;14;0
44517;1965;307;14;16;14;0
44518;1980;307;14;16;14;0
44519;1995;307;14;16;14;0
44520;2010;307;14;16;14;0
44521;2025;307;14;16;14;0
44522;0;324;14;16;14;0
44523;15;324;14;16;14;0
44524;30;324;14;16;14;0
44525;45;324;14;16;14;0
44526;60;324;14;16;14;0
44527;75;324;14;16;14;0
44528;90;324;14;16;14;0
44529;105;324;14;16;14;0
44530;120;324;14;16;14;0
44531;135;324;14;16;14;0
44532;150;324;14;16;14;0
44533;165;324;14;16;14;0
44534;180;324;14;16;14;0
44535;195;324;14;16;14;0
44536;210;324;14;16;14;0
44537;225;324;14;16;14;0
44538;240;324;14;16;14;0
44539;255;324;14;16;14;0
44540;270;324;14;16;14;0
44541;285;324;14;16;14;0
44542;300;324;14;16;14;0
44543;315;324;14;16;14;0
44544;330;324;14;16;14;0
44545;345;324;14;16;14;0
44546;360;324;14;16;14;0
44547;375;324;14;16;14;0
44548;390;324;14;16;14;0
44549;405;324;14;16;14;0
44550;420;324;14;16;14;0
44551;435;324;14;16;14;0
44552;450;324;14;16;14;0
44553;465;324;14;16;14;0
44554;480;324;14;16;14;0
44555;495;324;14;16;14;0
44556;510;324;14;16;14;0
44557;525;324;14;16;14;0
44558;540;324;14;16;14;0
44559;555;324;14;16;14;0
44560;570;324;14;16;14;0
44561;585;324;14;16;14;0
44562;600;324;14;16;14;0
44563;615;324;14;16;14;0
44564;630;324;14;16;14;0
44565;645;324;14;16;14;0
44566;660;324;14;16;14;0
44567;675;324;14;16;14;0
44568;690;324;14;16;14;0
44569;705;324;14;16;14;0
44570;720;324;14;16;14;0
44571;735;324;14;16;14;0
44572;750;324;14;16;14;0
44573;765;324;14;16;14;0
44574;780;324;14;16;14;0
44575;795;324;14;16;14;0
44576;810;324;14;16;14;0
44577;825;324;14;16;14;0
44578;840;324;14;16;14;0
44579;855;324;14;16;14;0
44580;870;324;14;16;14;0
44581;885;324;14;16;14;0
44582;900;324;14;16;14;0
44583;915;324;14;16;14;0
44584;930;324;14;16;14;0
44585;945;324;14;16;14;0
44586;960;324;14;16;14;0
44587;975;324;14;16;14;0
44588;990;324;14;16;14;0
44589;1005;324;14;16;14;0
44590;1020;324;14;16;14;0
44591;1035;324;14;16;14;0
44592;1050;324;14;16;14;0
44593;1065;324;14;16;14;0
44594;1080;324;14;16;14;0
44595;1095;324;14;16;14;0
44596;1110;324;14;16;14;0
44597;1125;324;14;16;14;0
44598;1140;324;14;16;14;0
44599;1155;324;14;16;14;0
44600;1170;324;14;16;14;0
44601;1185;324;14;16;14;0
44602;1200;324;14;16;14;0
44603;1215;324;14;16;14;0
44604;1230;324;14;16;14;0
44605;1245;324;14;16;14;0
44606;1260;324;14;16;14;0
44607;1275;324;14;16;14;0
44608;1290;324;14;16;14;0
44609;1305;324;14;16;14;0
44610;1320;324;14;16;14;0
44611;1335;324;14;16;14;0
44612;1350;324;14;16;14;0
44613;1365;324;14;16;14;0
44614;1380;324;14;16;14;0
44615;1395;324;14;16;14;0
44616;1410;324;14;16;14;0
44617;1425;324;14;16;14;0
44618;1440;324;14;16;14;0
44619;1455;324;14;16;14;0
44620;1470;324;14;16;14;0
44621;1485;324;14;16;14;0
44622;1500;324;14;16;14;0
44623;1515;324;14;16;14;0
44624;1530;324;14;16;14;0
44625;1545;324;14;16;14;0
44626;1560;324;14;16;14;0
44627;1575;324;14;16;14;0
44628;1590;324;14;16;14;0
44629;1605;324;14;16;14;0
44630;1620;324;14;16;14;0
44631;1635;324;14;16;14;0
44632;1650;324;14;16;14;0
44633;1665;324;14;16;14;0
44634;1680;324;14;16;14;0
44635;1695;324;14;16;14;0
44636;1710;324;14;16;14;0
44637;1725;324;14;16;14;0
44638;1740;324;14;16;14;0
44639;1755;324;14;16;14;0
44640;1770;324;14;16;14;0
44641;1785;324;14;16;14;0
44642;1800;324;14;16;14;0
44643;1815;324;14;16;14;0
44644;1830;324;14;16;14;0
44645;1845;324;14;16;14;0
44646;1860;324;14;16;14;0
44647;1875;324;14;16;14;0
44648;1890;324;14;16;14;0
44649;1905;324;14;16;14;0
44650;1920;324;14;16;14;0
44651;1935;324;14;16;14;0
44652;1950;324;14;16;14;0
44653;1965;324;14;16;14;0
44654;1980;324;14;16;14;0
44655;1995;324;14;16;14;0
44656;2010;324;14;16;14;0
44657;2025;324;14;16;14;0
44658;0;341;14;16;14;0
44659;15;341;14;16;14;0
44660;30;341;14;16;14;0
44661;45;341;14;16;14;0
44662;60;341;14;16;14;0
44663;75;341;14;16;14;0
44664;90;341;14;16;14;0
44665;105;341;14;16;14;0
44666;120;341;14;16;14;0
44667;135;341;14;16;14;0
44668;150;341;14;16;14;0
44669;165;341;14;16;14;0
44670;180;341;14;16;14;0
44671;195;341;14;16;14;0
44672;210;341;14;16;14;0
44673;225;341;14;16;14;0
44674;240;341;14;16;14;0
44675;255;341;14;16;14;0
44676;270;341;14;16;14;0
44677;285;341;14;16;14;0
44678;300;341;14;16;14;0
44679;315;341;14;16;14;0
44680;330;341;14;16;14;0
44681;345;341;14;16;14;0
44682;360;341;14;16;14;0
44683;375;341;14;16;14;0
44684;390;341;14;16;14;0
44685;405;341;14;16;14;0
44686;420;341;14;16;14;0
44687;435;341;14;16;14;0
44688;450;341;14;16;14;0
44689;465;341;14;16;14;0
44690;480;341;14;16;14;0
44691;495;341;14;16;14;0
44692;510;341;14;16;14;0
44693;525;341;14;16;14;0
44694;540;341;14;16;14;0
44695;555;341;14;16;14;0
44696;570;341;14;16;14;0
44697;585;341;14;16;14;0
44698;600;341;14;16;14;0
44699;615;341;14;16;14;0
44700;630;341;14;16;14;0
44701;645;341;14;16;14;0
44702;660;341;14;16;14;0
44703;675;341;14;16;14;0
44704;690;341;14;16;14;0
44705;705;341;14;16;14;0
44706;720;341;14;16;14;0
44707;735;341;14;16;14;0
44708;750;341;14;16;14;0
44709;765;341;14;16;14;0
44710;780;341;14;16;14;0
44711;795;341;14;16;14;0
44712;810;341;14;16;14;0
44713;825;341;14;16;14;0
44714;840;341;14;16;14;0
44715;855;341;14;16;14;0
44716;870;341;14;16;14;0
44717;885;341;14;16;14;0
44718;900;341;14;16;14;0
44719;915;341;14;16;14;0
44720;930;341;14;16;14;0
44721;945;341;14;16;14;0
44722;960;341;14;16;14;0
44723;975;341;14;16;14;0
44724;990;341;14;16;14;0
44725;1005;341;14;16;14;0
44726;1020;341;14;16;14;0
44727;1035;341;14;16;14;0
44728;1050;341;14;16;14;0
44729;1065;341;14;16;14;0
44730;1080;341;14;16;14;0
44731;1095;341;14;16;14;0
44732;1110;341;14;16;14;0
44733;1125;341;14;16;14;0
44734;1140;341;14;16;14;0
44735;1155;341;14;16;14;0
44736;1170;341;14;16;14;0
44737;1185;341;14;16;14;0
44738;1200;341;14;16;14;0
44739;1215;341;14;16;14;0
44740;1230;341;14;16;14;0
44741;1245;341;14;16;14;0
44742;1260;341;14;16;14;0
44743;1275;341;14;16;14;0
44744;1290;341;14;16;14;0
44745;1305;341;14;16;14;0
44746;1320;341;14;16;14;0
44747;1335;341;14;16;14;0
44748;1350;341;14;16;14;0
44749;1365;341;14;16;14;0
44750;1380;341;14;16;14;0
44751;1395;341;14;16;14;0
44752;1410;341;14;16;14;0
44753;1425;341;14;16;14;0
44754;1440;341;14;16;14;0
44755;1455;341;14;16;14;0
44756;1470;341;14;16;14;0
44757;1485;341;14;16;14;0
44758;1500;341;14;16;14;0
44759;1515;341;14;16;14;0
44760;1530;341;14;16;14;0
44761;1545;341;14;16;14;0
44762;1560;341;14;16;14;0
44763;1575;341;14;16;14;0
44764;1590;341;14;16;14;0
44765;1605;341;14;16;14;0
44766;1620;341;14;16;14;0
44767;1635;341;14;16;14;0
44768;1650;341;14;16;14;0
44769;1665;341;14;16;14;0
44770;1680;341;14;16;14;0
44771;1695;341;14;16;14;0
44772;1710;341;14;16;14;0
44773;1725;341;14;16;14;0
44774;1740;341;14;16;14;0
44775;1755;341;14;16;14;0
44776;1770;341;14;16;14;0
44777;1785;341;14;16;14;0
44778;1800;341;14;16;14;0
44779;1815;341;14;16;14;0
44780;1830;341;14;16;14;0
44781;1845;341;14;16;14;0
44782;1860;341;14;16;14;0
44783;1875;341;14;16;14;0
44784;1890;341;14;16;14;0
44785;1905;341;14;16;14;0
44786;1920;341;14;16;14;0
44787;1935;341;14;16;14;0
44788;1950;341;14;16;14;0
44789;1965;341;14;16;14;0
44790;1980;341;14;16;14;0
44791;1995;341;14;16;14;0
44792;2010;341;14;16;14;0
44793;2025;341;14;16;14;0
44794;0;358;14;16;14;0
44795;15;358;14;16;14;0
44796;30;358;14;16;14;0
44797;45;358;14;16;14;0
44798;60;358;14;16;14;0
44799;75;358;14;16;14;0
44800;90;358;14;16;14;0
44801;105;358;14;16;14;0
44802;120;358;14;16;14;0
44803;135;358;14;16;14;0
44804;150;358;14;16;14;0
44805;165;358;14;16;14;0
44806;180;358;14;16;14;0
44807;195;358;14;16;14;0
44808;210;358;14;16;14;0
44809;225;358;14;16;14;0
44810;240;358;14;16;14;0
44811;255;358;14;16;14;0
44812;270;358;14;16;14;0
44813;285;358;14;16;14;0
44814;300;358;14;16;14;0
44815;315;358;14;16;14;0
44816;330;358;14;16;14;0
44817;345;358;14;16;14;0
44818;360;358;14;16;14;0
44819;375;358;14;16;14;0
44820;390;358;14;16;14;0
44821;405;358;14;16;14;0
44822;420;358;14;16;14;0
44823;435;358;14;16;14;0
44824;450;358;14;16;14;0
44825;465;358;14;16;14;0
44826;480;358;14;16;14;0
44827;495;358;14;16;14;0
44828;510;358;14;16;14;0
44829;525;358;14;16;14;0
44830;540;358;14;16;14;0
44831;555;358;14;16;14;0
44832;570;358;14;16;14;0
44833;585;358;14;16;14;0
44834;600;358;14;16;14;0
44835;615;358;14;16;14;0
44836;630;358;14;16;14;0
44837;645;358;14;16;14;0
44838;660;358;14;16;14;0
44839;675;358;14;16;14;0
44840;690;358;14;16;14;0
44841;705;358;14;16;14;0
44842;720;358;14;16;14;0
44843;735;358;14;16;14;0
44844;750;358;14;16;14;0
44845;765;358;14;16;14;0
44846;780;358;14;16;14;0
44847;795;358;14;16;14;0
44848;810;358;14;16;14;0
44849;825;358;14;16;14;0
44850;840;358;14;16;14;0
44851;855;358;14;16;14;0
44852;870;358;14;16;14;0
44853;885;358;14;16;14;0
44854;900;358;14;16;14;0
44855;915;358;14;16;14;0
44856;930;358;14;16;14;0
44857;945;358;14;16;14;0
44858;960;358;14;16;14;0
44859;975;358;14;16;14;0
44860;990;358;14;16;14;0
44861;1005;358;14;16;14;0
44862;1020;358;14;16;14;0
44863;1035;358;14;16;14;0
44864;1050;358;14;16;14;0
44865;1065;358;14;16;14;0
44866;1080;358;14;16;14;0
44867;1095;358;14;16;14;0
44868;1110;358;14;16;14;0
44869;1125;358;14;16;14;0
44870;1140;358;14;16;14;0
44871;1155;358;14;16;14;0
44872;1170;358;14;16;14;0
44873;1185;358;14;16;14;0
44874;1200;358;14;16;14;0
44875;1215;358;14;16;14;0
44876;1230;358;14;16;14;0
44877;1245;358;14;16;14;0
44878;1260;358;14;16;14;0
44879;1275;358;14;16;14;0
44880;1290;358;14;16;14;0
44881;1305;358;14;16;14;0
44882;1320;358;14;16;14;0
44883;1335;358;14;16;14;0
44884;1350;358;14;16;14;0
44885;1365;358;14;16;14;0
44886;1380;358;14;16;14;0
44887;1395;358;14;16;14;0
44888;1410;358;14;16;14;0
44889;1425;358;14;16;14;0
44890;1440;358;14;16;14;0
44891;1455;358;14;16;14;0
44892;1470;358;14;16;14;0
44893;1485;358;14;16;14;0
44894;1500;358;14;16;14;0
44895;1515;358;14;16;14;0
44896;1530;358;14;16;14;0
44897;1545;358;14;16;14;0
44898;1560;358;14;16;14;0
44899;1575;358;14;16;14;0
44900;1590;358;14;16;14;0
44901;1605;358;14;16;14;0
44902;1620;358;14;16;14;0
44903;1635;358;14;16;14;0
44904;1650;358;14;16;14;0
44905;1665;358;14;16;14;0
44906;1680;358;14;16;14;0
44907;1695;358;14;16;14;0
44908;1710;358;14;16;14;0
44909;1725;358;14;16;14;0
44910;1740;358;14;16;14;0
44911;1755;358;14;16;14;0
44912;1770;358;14;16;14;0
44913;1785;358;14;16;14;0
44914;1800;358;14;16;14;0
44915;1815;358;14;16;14;0
44916;1830;358;14;16;14;0
44917;1845;358;14;16;14;0
44918;1860;358;14;16;14;0
44919;1875;358;14;16;14;0
44920;1890;358;14;16;14;0
44921;1905;358;14;16;14;0
44922;1920;358;14;16;14;0
44923;1935;358;14;16;14;0
44924;1950;358;14;16;14;0
44925;1965;358;14;16;14;0
44926;1980;358;14;16;14;0
44927;1995;358;14;16;14;0
44928;2010;358;14;16;14;0
44929;2025;358;14;16;14;0
44930;0;375;14;16;14;0
44931;15;375;14;16;14;0
44932;30;375;14;16;14;0
44933;45;375;14;16;14;0
44934;60;375;14;16;14;0
44935;75;375;14;16;14;0
44936;90;375;14;16;14;0
44937;105;375;14;16;14;0
44938;120;375;14;16;14;0
44939;135;375;14;16;14;0
44940;150;375;14;16;14;0
44941;165;375;14;16;14;0
44942;180;375;14;16;14;0
44943;195;375;14;16;14;0
44944;210;375;14;16;14;0
44945;225;375;14;16;14;0
44946;240;375;14;16;14;0
44947;255;375;14;16;14;0
44948;270;375;14;16;14;0
44949;285;375;14;16;14;0
44950;300;375;14;16;14;0
44951;315;375;14;16;14;0
44952;330;375;14;16;14;0
44953;345;375;14;16;14;0
44954;360;375;14;16;14;0
44955;375;375;14;16;14;0
44956;390;375;14;16;14;0
44957;405;375;14;16;14;0
44958;420;375;14;16;14;0
44959;435;375;14;16;14;0
44960;450;375;14;16;14;0
44961;465;375;14;16;14;0
44962;480;375;14;16;14;0
44963;495;375;14;16;14;0
44964;510;375;14;16;14;0
44965;525;375;14;16;14;0
44966;540;375;14;16;14;0
44967;555;375;14;16;14;0
44968;570;375;14;16;14;0
44969;585;375;14;16;14;0
44970;600;375;14;16;14;0
44971;615;375;14;16;14;0
44972;630;375;14;16;14;0
44973;645;375;14;16;14;0
44974;660;375;14;16;14;0
44975;675;375;14;16;14;0
44976;690;375;14;16;14;0
44977;705;375;14;16;14;0
44978;720;375;14;16;14;0
44979;735;375;14;16;14;0
44980;750;375;14;16;14;0
44981;765;375;14;16;14;0
44982;780;375;14;16;14;0
44983;795;375;14;16;14;0
44984;810;375;14;16;14;0
44985;825;375;14;16;14;0
44986;840;375;14;16;14;0
44987;855;375;14;16;14;0
44988;870;375;14;16;14;0
44989;885;375;14;16;14;0
44990;900;375;14;16;14;0
44991;915;375;14;16;14;0
44992;930;375;14;16;14;0
44993;945;375;14;16;14;0
44994;960;375;14;16;14;0
44995;975;375;14;16;14;0
44996;990;375;14;16;14;0
44997;1005;375;14;16;14;0
44998;1020;375;14;16;14;0
44999;1035;375;14;16;14;0
45000;1050;375;14;16;14;0
45001;1065;375;14;16;14;0
45002;1080;375;14;16;14;0
45003;1095;375;14;16;14;0
45004;1110;375;14;16;14;0
45005;1125;375;14;16;14;0
45006;1140;375;14;16;14;0
45007;1155;375;14;16;14;0
45008;1170;375;14;16;14;0
45009;1185;375;14;16;14;0
45010;1200;375;14;16;14;0
45011;1215;375;14;16;14;0
45012;1230;375;14;16;14;0
45013;1245;375;14;16;14;0
45014;1260;375;14;16;14;0
45015;1275;375;14;16;14;0
45016;1290;375;14;16;14;0
45017;1305;375;14;16;14;0
45018;1320;375;14;16;14;0
45019;1335;375;14;16;14;0
45020;1350;375;14;16;14;0
45021;1365;375;14;16;14;0
45022;1380;375;14;16;14;0
45023;1395;375;14;16;14;0
45024;1410;375;14;16;14;0
45025;1425;375;14;16;14;0
45026;1440;375;14;16;14;0
45027;1455;375;14;16;14;0
45028;1470;375;14;16;14;0
45029;1485;375;14;16;14;0
45030;1500;375;14;16;14;0
45031;1515;375;14;16;14;0
45032;1530;375;14;16;14;0
45033;1545;375;14;16;14;0
45034;1560;375;14;16;14;0
45035;1575;375;14;16;14;0
45036;1590;375;14;16;14;0
45037;1605;375;14;16;14;0
45038;1620;375;14;16;14;0
45039;1635;375;14;16;14;0
45040;1650;375;14;16;14;0
45041;1665;375;14;16;14;0
45042;1680;375;14;16;14;0
45043;1695;375;14;16;14;0
45044;1710;375;14;16;14;0
45045;1725;375;14;16;14;0
45046;1740;375;14;16;14;0
45047;1755;375;14;16;14;0
45048;1770;375;14;16;14;0
45049;1785;375;14;16;14;0
45050;1800;375;14;16;14;0
45051;1815;375;14;16;14;0
45052;1830;375;14;16;14;0
45053;1845;375;14;16;14;0
45054;1860;375;14;16;14;0
45055;1875;375;14;16;14;0
45056;1890;375;14;16;14;0
45057;1905;375;14;16;14;0
45058;1920;375;14;16;14;0
45059;1935;375;14;16;14;0
45060;1950;375;14;16;14;0
45061;1965;375;14;16;14;0
45062;1980;375;14;16;14;0
45063;1995;375;14;16;14;0
45064;2010;375;14;16;14;0
45065;2025;375;14;16;14;0
45066;0;392;14;16;14;0
45067;15;392;14;16;14;0
45068;30;392;14;16;14;0
45069;45;392;14;16;14;0
45070;60;392;14;16;14;0
45071;75;392;14;16;14;0
45072;90;392;14;16;14;0
45073;105;392;14;16;14;0
45074;120;392;14;16;14;0
45075;135;392;14;16;14;0
45076;150;392;14;16;14;0
45077;165;392;14;16;14;0
45078;180;392;14;16;14;0
45079;195;392;14;16;14;0
45080;210;392;14;16;14;0
45081;225;392;14;16;14;0
45082;240;392;14;16;14;0
45083;255;392;14;16;14;0
45084;270;392;14;16;14;0
45085;285;392;14;16;14;0
45086;300;392;14;16;14;0
45087;315;392;14;16;14;0
45088;330;392;14;16;14;0
45089;345;392;14;16;14;0
45090;360;392;14;16;14;0
45091;375;392;14;16;14;0
45092;390;392;14;16;14;0
45093;405;392;14;16;14;0
45094;420;392;14;16;14;0
45095;435;392;14;16;14;0
45096;450;392;14;16;14;0
45097;465;392;14;16;14;0
45098;480;392;14;16;14;0
45099;495;392;14;16;14;0
45100;510;392;14;16;14;0
45101;525;392;14;16;14;0
45102;540;392;14;16;14;0
45103;555;392;14;16;14;0
45104;570;392;14;16;14;0
45105;585;392;14;16;14;0
45106;600;392;14;16;14;0
45107;615;392;14;16;14;0
45108;630;392;14;16;14;0
45109;645;392;14;16;14;0
45110;660;392;14;16;14;0
45111;675;392;14;16;14;0
45112;690;392;14;16;14;0
45113;705;392;14;16;14;0
45114;720;392;14;16;14;0
45115;735;392;14;16;14;0
45116;750;392;14;16;14;0
45117;765;392;14;16;14;0
45118;780;392;14;16;14;0
45119;795;392;14;16;14;0
45120;810;392;14;16;14;0
45121;825;392;14;16;14;0
45122;840;392;14;16;14;0
45123;855;392;14;16;14;0
45124;870;392;14;16;14;0
45125;885;392;14;16;14;0
45126;900;392;14;16;14;0
45127;915;392;14;16;14;0
45128;930;392;14;16;14;0
45129;945;392;14;16;14;0
45130;960;392;14;16;14;0
45131;975;392;14;16;14;0
45132;990;392;14;16;14;0
45133;1005;392;14;16;14;0
45134;1020;392;14;16;14;0
45135;1035;392;14;16;14;0
45136;1050;392;14;16;14;0
45137;1065;392;14;16;14;0
45138;1080;392;14;16;14;0
45139;1095;392;14;16;14;0
45140;1110;392;14;16;14;0
45141;1125;392;14;16;14;0
45142;1140;392;14;16;14;0
45143;1155;392;14;16;14;0
45144;1170;392;14;16;14;0
45145;1185;392;14;16;14;0
45146;1200;392;14;16;14;0
45147;1215;392;14;16;14;0
45148;1230;392;14;16;14;0
45149;1245;392;14;16;14;0
45150;1260;392;14;16;14;0
45151;1275;392;14;16;14;0
45152;1290;392;14;16;14;0
45153;1305;392;14;16;14;0
45154;1320;392;14;16;14;0
45155;1335;392;14;16;14;0
45156;1350;392;14;16;14;0
45157;1365;392;14;16;14;0
45158;1380;392;14;16;14;0
45159;1395;392;14;16;14;0
45160;1410;392;14;16;14;0
45161;1425;392;14;16;14;0
45162;1440;392;14;16;14;0
45163;1455;392;14;16;14;0
45164;1470;392;14;16;14;0
45165;1485;392;14;16;14;0
45166;1500;392;14;16;14;0
45167;1515;392;14;16;14;0
45168;1530;392;14;16;14;0
45169;1545;392;14;16;14;0
45170;1560;392;14;16;14;0
45171;1575;392;14;16;14;0
45172;1590;392;14;16;14;0
45173;1605;392;14;16;14;0
45174;1620;392;14;16;14;0
45175;1635;392;14;16;14;0
45176;1650;392;14;16;14;0
45177;1665;392;14;16;14;0
45178;1680;392;14;16;14;0
45179;1695;392;14;16;14;0
45180;1710;392;14;16;14;0
45181;1725;392;14;16;14;0
45182;1740;392;14;16;14;0
45183;1755;392;14;16;14;0
45184;1770;392;14;16;14;0
45185;1785;392;14;16;14;0
45186;1800;392;14;16;14;0
45187;1815;392;14;16;14;0
45188;1830;392;14;16;14;0
45189;1845;392;14;16;14;0
45190;1860;392;14;16;14;0
45191;1875;392;14;16;14;0
45192;1890;392;14;16;14;0
45193;1905;392;14;16;14;0
45194;1920;392;14;16;14;0
45195;1935;392;14;16;14;0
45196;1950;392;14;16;14;0
45197;1965;392;14;16;14;0
45198;1980;392;14;16;14;0
45199;1995;392;14;16;14;0
45200;2010;392;14;16;14;0
45201;2025;392;14;16;14;0
45202;0;409;14;16;14;0
45203;15;409;14;16;14;0
45204;30;409;14;16;14;0
45205;45;409;14;16;14;0
45206;60;409;14;16;14;0
45207;75;409;14;16;14;0
45208;90;409;14;16;14;0
45209;105;409;14;16;14;0
45210;120;409;14;16;14;0
45211;135;409;14;16;14;0
45212;150;409;14;16;14;0
45213;165;409;14;16;14;0
45214;180;409;14;16;14;0
45215;195;409;14;16;14;0
45216;210;409;14;16;14;0
45217;225;409;14;16;14;0
45218;240;409;14;16;14;0
45219;255;409;14;16;14;0
45220;270;409;14;16;14;0
45221;285;409;14;16;14;0
45222;300;409;14;16;14;0
45223;315;409;14;16;14;0
45224;330;409;14;16;14;0
45225;345;409;14;16;14;0
45226;360;409;14;16;14;0
45227;375;409;14;16;14;0
45228;390;409;14;16;14;0
45229;405;409;14;16;14;0
45230;420;409;14;16;14;0
45231;435;409;14;16;14;0
45232;450;409;14;16;14;0
45233;465;409;14;16;14;0
45234;480;409;14;16;14;0
45235;495;409;14;16;14;0
45236;510;409;14;16;14;0
45237;525;409;14;16;14;0
45238;540;409;14;16;14;0
45239;555;409;14;16;14;0
45240;570;409;14;16;14;0
45241;585;409;14;16;14;0
45242;600;409;14;16;14;0
45243;615;409;14;16;14;0
45244;630;409;14;16;14;0
45245;645;409;14;16;14;0
45246;660;409;14;16;14;0
45247;675;409;14;16;14;0
45248;690;409;14;16;14;0
45249;705;409;14;16;14;0
45250;720;409;14;16;14;0
45251;735;409;14;16;14;0
45252;750;409;14;16;14;0
45253;765;409;14;16;14;0
45254;780;409;14;16;14;0
45255;795;409;14;16;14;0
45256;810;409;14;16;14;0
45257;825;409;14;16;14;0
45258;840;409;14;16;14;0
45259;855;409;14;16;14;0
45260;870;409;14;16;14;0
45261;885;409;14;16;14;0
45262;900;409;14;16;14;0
45263;915;409;14;16;14;0
45264;930;409;14;16;14;0
45265;945;409;14;16;14;0
45266;960;409;14;16;14;0
45267;975;409;14;16;14;0
45268;990;409;14;16;14;0
45269;1005;409;14;16;14;0
45270;1020;409;14;16;14;0
45271;1035;409;14;16;14;0
45272;1050;409;14;16;14;0
45273;1065;409;14;16;14;0
45274;1080;409;14;16;14;0
45275;1095;409;14;16;14;0
45276;1110;409;14;16;14;0
45277;1125;409;14;16;14;0
45278;1140;409;14;16;14;0
45279;1155;409;14;16;14;0
45280;1170;409;14;16;14;0
45281;1185;409;14;16;14;0
45282;1200;409;14;16;14;0
45283;1215;409;14;16;14;0
45284;1230;409;14;16;14;0
45285;1245;409;14;16;14;0
45286;1260;409;14;16;14;0
45287;1275;409;14;16;14;0
45288;1290;409;14;16;14;0
45289;1305;409;14;16;14;0
45290;1320;409;14;16;14;0
45291;1335;409;14;16;14;0
45292;1350;409;14;16;14;0
45293;1365;409;14;16;14;0
45294;1380;409;14;16;14;0
45295;1395;409;14;16;14;0
45296;1410;409;14;16;14;0
45297;1425;409;14;16;14;0
45298;1440;409;14;16;14;0
45299;1455;409;14;16;14;0
45300;1470;409;14;16;14;0
45301;1485;409;14;16;14;0
45302;1500;409;14;16;14;0
45303;1515;409;14;16;14;0
45304;1530;409;14;16;14;0
45305;1545;409;14;16;14;0
45306;1560;409;14;16;14;0
45307;1575;409;14;16;14;0
45308;1590;409;14;16;14;0
45309;1605;409;14;16;14;0
45310;1620;409;14;16;14;0
45311;1635;409;14;16;14;0
45312;1650;409;14;16;14;0
45313;1665;409;14;16;14;0
45314;1680;409;14;16;14;0
45315;1695;409;14;16;14;0
45316;1710;409;14;16;14;0
45317;1725;409;14;16;14;0
45318;1740;409;14;16;14;0
45319;1755;409;14;16;14;0
45320;1770;409;14;16;14;0
45321;1785;409;14;16;14;0
45322;1800;409;14;16;14;0
45323;1815;409;14;16;14;0
45324;1830;409;14;16;14;0
45325;1845;409;14;16;14;0
45326;1860;409;14;16;14;0
45327;1875;409;14;16;14;0
45328;1890;409;14;16;14;0
45329;1905;409;14;16;14;0
45330;1920;409;14;16;14;0
45331;1935;409;14;16;14;0
45332;1950;409;14;16;14;0
45333;1965;409;14;16;14;0
45334;1980;409;14;16;14;0
45335;1995;409;14;16;14;0
45336;2010;409;14;16;14;0
45337;2025;409;14;16;14;0
45338;0;426;14;16;14;0
45339;15;426;14;16;14;0
45340;30;426;14;16;14;0
45341;45;426;14;16;14;0
45342;60;426;14;16;14;0
45343;75;426;14;16;14;0
45344;90;426;14;16;14;0
45345;105;426;14;16;14;0
45346;120;426;14;16;14;0
45347;135;426;14;16;14;0
45348;150;426;14;16;14;0
45349;165;426;14;16;14;0
45350;180;426;14;16;14;0
45351;195;426;14;16;14;0
45352;210;426;14;16;14;0
45353;225;426;14;16;14;0
45354;240;426;14;16;14;0
45355;255;426;14;16;14;0
45356;270;426;14;16;14;0
45357;285;426;14;16;14;0
45358;300;426;14;16;14;0
45359;315;426;14;16;14;0
45360;330;426;14;16;14;0
45361;345;426;14;16;14;0
45362;360;426;14;16;14;0
45363;375;426;14;16;14;0
45364;390;426;14;16;14;0
45365;405;426;14;16;14;0
45366;420;426;14;16;14;0
45367;435;426;14;16;14;0
45368;450;426;14;16;14;0
45369;465;426;14;16;14;0
45370;480;426;14;16;14;0
45371;495;426;14;16;14;0
45372;510;426;14;16;14;0
45373;525;426;14;16;14;0
45374;540;426;14;16;14;0
45375;555;426;14;16;14;0
45376;570;426;14;16;14;0
45377;585;426;14;16;14;0
45378;600;426;14;16;14;0
45379;615;426;14;16;14;0
45380;630;426;14;16;14;0
45381;645;426;14;16;14;0
45382;660;426;14;16;14;0
45383;675;426;14;16;14;0
45384;690;426;14;16;14;0
45385;705;426;14;16;14;0
45386;720;426;14;16;14;0
45387;735;426;14;16;14;0
45388;750;426;14;16;14;0
45389;765;426;14;16;14;0
45390;780;426;14;16;14;0
45391;795;426;14;16;14;0
45392;810;426;14;16;14;0
45393;825;426;14;16;14;0
45394;840;426;14;16;14;0
45395;855;426;14;16;14;0
45396;870;426;14;16;14;0
45397;885;426;14;16;14;0
45398;900;426;14;16;14;0
45399;915;426;14;16;14;0
45400;930;426;14;16;14;0
45401;945;426;14;16;14;0
45402;960;426;14;16;14;0
45403;975;426;14;16;14;0
45404;990;426;14;16;14;0
45405;1005;426;14;16;14;0
45406;1020;426;14;16;14;0
45407;1035;426;14;16;14;0
45408;1050;426;14;16;14;0
45409;1065;426;14;16;14;0
45410;1080;426;14;16;14;0
45411;1095;426;14;16;14;0
45412;1110;426;14;16;14;0
45413;1125;426;14;16;14;0
45414;1140;426;14;16;14;0
45415;1155;426;14;16;14;0
45416;1170;426;14;16;14;0
45417;1185;426;14;16;14;0
45418;1200;426;14;16;14;0
45419;1215;426;14;16;14;0
45420;1230;426;14;16;14;0
45421;1245;426;14;16;14;0
45422;1260;426;14;16;14;0
45423;1275;426;14;16;14;0
45424;1290;426;14;16;14;0
45425;1305;426;14;16;14;0
45426;1320;426;14;16;14;0
45427;1335;426;14;16;14;0
45428;1350;426;14;16;14;0
45429;1365;426;14;16;14;0
45430;1380;426;14;16;14;0
45431;1395;426;14;16;14;0
45432;1410;426;14;16;14;0
45433;1425;426;14;16;14;0
45434;1440;426;14;16;14;0
45435;1455;426;14;16;14;0
45436;1470;426;14;16;14;0
45437;1485;426;14;16;14;0
45438;1500;426;14;16;14;0
45439;1515;426;14;16;14;0
45440;1530;426;14;16;14;0
45441;1545;426;14;16;14;0
45442;1560;426;14;16;14;0
45443;1575;426;14;16;14;0
45444;1590;426;14;16;14;0
45445;1605;426;14;16;14;0
45446;1620;426;14;16;14;0
45447;1635;426;14;16;14;0
45448;1650;426;14;16;14;0
45449;1665;426;14;16;14;0
45450;1680;426;14;16;14;0
45451;1695;426;14;16;14;0
45452;1710;426;14;16;14;0
45453;1725;426;14;16;14;0
45454;1740;426;14;16;14;0
45455;1755;426;14;16;14;0
45456;1770;426;14;16;14;0
45457;1785;426;14;16;14;0
45458;1800;426;14;16;14;0
45459;1815;426;14;16;14;0
45460;1830;426;14;16;14;0
45461;1845;426;14;16;14;0
45462;1860;426;14;16;14;0
45463;1875;426;14;16;14;0
45464;1890;426;14;16;14;0
45465;1905;426;14;16;14;0
45466;1920;426;14;16;14;0
45467;1935;426;14;16;14;0
45468;1950;426;14;16;14;0
45469;1965;426;14;16;14;0
45470;1980;426;14;16;14;0
45471;1995;426;14;16;14;0
45472;2010;426;14;16;14;0
45473;2025;426;14;16;14;0
45474;0;443;14;16;14;0
45475;15;443;14;16;14;0
45476;30;443;14;16;14;0
45477;45;443;14;16;14;0
45478;60;443;14;16;14;0
45479;75;443;14;16;14;0
45480;90;443;14;16;14;0
45481;105;443;14;16;14;0
45482;120;443;14;16;14;0
45483;135;443;14;16;14;0
45484;150;443;14;16;14;0
45485;165;443;14;16;14;0
45486;180;443;14;16;14;0
45487;195;443;14;16;14;0
45488;210;443;14;16;14;0
45489;225;443;14;16;14;0
45490;240;443;14;16;14;0
45491;255;443;14;16;14;0
45492;270;443;14;16;14;0
45493;285;443;14;16;14;0
45494;300;443;14;16;14;0
45495;315;443;14;16;14;0
45496;330;443;14;16;14;0
45497;345;443;14;16;14;0
45498;360;443;14;16;14;0
45499;375;443;14;16;14;0
45500;390;443;14;16;14;0
45501;405;443;14;16;14;0
45502;420;443;14;16;14;0
45503;435;443;14;16;14;0
45504;450;443;14;16;14;0
45505;465;443;14;16;14;0
45506;480;443;14;16;14;0
45507;495;443;14;16;14;0
45508;510;443;14;16;14;0
45509;525;443;14;16;14;0
45510;540;443;14;16;14;0
45511;555;443;14;16;14;0
45512;570;443;14;16;14;0
45513;585;443;14;16;14;0
45514;600;443;14;16;14;0
45515;615;443;14;16;14;0
45516;630;443;14;16;14;0
45517;645;443;14;16;14;0
45518;660;443;14;16;14;0
45519;675;443;14;16;14;0
45520;690;443;14;16;14;0
45521;705;443;14;16;14;0
45522;720;443;14;16;14;0
45523;735;443;14;16;14;0
45524;750;443;14;16;14;0
45525;765;443;14;16;14;0
45526;780;443;14;16;14;0
45527;795;443;14;16;14;0
45528;810;443;14;16;14;0
45529;825;443;14;16;14;0
45530;840;443;14;16;14;0
45531;855;443;14;16;14;0
45532;870;443;14;16;14;0
45533;885;443;14;16;14;0
45534;900;443;14;16;14;0
45535;915;443;14;16;14;0
45536;930;443;14;16;14;0
45537;945;443;14;16;14;0
45538;960;443;14;16;14;0
45539;975;443;14;16;14;0
45540;990;443;14;16;14;0
45541;1005;443;14;16;14;0
45542;1020;443;14;16;14;0
45543;1035;443;14;16;14;0
45544;1050;443;14;16;14;0
45545;1065;443;14;16;14;0
45546;1080;443;14;16;14;0
45547;1095;443;14;16;14;0
45548;1110;443;14;16;14;0
45549;1125;443;14;16;14;0
45550;1140;443;14;16;14;0
45551;1155;443;14;16;14;0
45552;1170;443;14;16;14;0
45553;1185;443;14;16;14;0
45554;1200;443;14;16;14;0
45555;1215;443;14;16;14;0
45556;1230;443;14;16;14;0
45557;1245;443;14;16;14;0
45558;1260;443;14;16;14;0
45559;1275;443;14;16;14;0
45560;1290;443;14;16;14;0
45561;1305;443;14;16;14;0
45562;1320;443;14;16;14;0
45563;1335;443;14;16;14;0
45564;1350;443;14;16;14;0
45565;1365;443;14;16;14;0
45566;1380;443;14;16;14;0
45567;1395;443;14;16;14;0
45568;1410;443;14;16;14;0
45569;1425;443;14;16;14;0
45570;1440;443;14;16;14;0
45571;1455;443;14;16;14;0
45572;1470;443;14;16;14;0
45573;1485;443;14;16;14;0
45574;1500;443;14;16;14;0
45575;1515;443;14;16;14;0
45576;1530;443;14;16;14;0
45577;1545;443;14;16;14;0
45578;1560;443;14;16;14;0
45579;1575;443;14;16;14;0
45580;1590;443;14;16;14;0
45581;1605;443;14;16;14;0
45582;1620;443;14;16;14;0
45583;1635;443;14;16;14;0
45584;1650;443;14;16;14;0
45585;1665;443;14;16;14;0
45586;1680;443;14;16;14;0
45587;1695;443;14;16;14;0
45588;1710;443;14;16;14;0
45589;1725;443;14;16;14;0
45590;1740;443;14;16;14;0
45591;1755;443;14;16;14;0
45592;1770;443;14;16;14;0
45593;1785;443;14;16;14;0
45594;1800;443;14;16;14;0
45595;1815;443;14;16;14;0
45596;1830;443;14;16;14;0
45597;1845;443;14;16;14;0
45598;1860;443;14;16;14;0
45599;1875;443;14;16;14;0
45600;1890;443;14;16;14;0
45601;1905;443;14;16;14;0
45602;1920;443;14;16;14;0
45603;1935;443;14;16;14;0
45604;1950;443;14;16;14;0
45605;1965;443;14;16;14;0
45606;1980;443;14;16;14;0
45607;1995;443;14;16;14;0
45608;2010;443;14;16;14;0
45609;2025;443;14;16;14;0
45610;0;460;14;16;14;0
45611;15;460;14;16;14;0
45612;30;460;14;16;14;0
45613;45;460;14;16;14;0
45614;60;460;14;16;14;0
45615;75;460;14;16;14;0
45616;90;460;14;16;14;0
45617;105;460;14;16;14;0
45618;120;460;14;16;14;0
45619;135;460;14;16;14;0
45620;150;460;14;16;14;0
45621;165;460;14;16;14;0
45622;180;460;14;16;14;0
45623;195;460;14;16;14;0
45624;210;460;14;16;14;0
45625;225;460;14;16;14;0
45626;240;460;14;16;14;0
45627;255;460;14;16;14;0
45628;270;460;14;16;14;0
45629;285;460;14;16;14;0
45630;300;460;14;16;14;0
45631;315;460;14;16;14;0
45632;330;460;14;16;14;0
45633;345;460;14;16;14;0
45634;360;460;14;16;14;0
45635;375;460;14;16;14;0
45636;390;460;14;16;14;0
45637;405;460;14;16;14;0
45638;420;460;14;16;14;0
45639;435;460;14;16;14;0
45640;450;460;14;16;14;0
45641;465;460;14;16;14;0
45642;480;460;14;16;14;0
45643;495;460;14;16;14;0
45644;510;460;14;16;14;0
45645;525;460;14;16;14;0
45646;540;460;14;16;14;0
45647;555;460;14;16;14;0
45648;570;460;14;16;14;0
45649;585;460;14;16;14;0
45650;600;460;14;16;14;0
45651;615;460;14;16;14;0
45652;630;460;14;16;14;0
45653;645;460;14;16;14;0
45654;660;460;14;16;14;0
45655;675;460;14;16;14;0
45656;690;460;14;16;14;0
45657;705;460;14;16;14;0
45658;720;460;14;16;14;0
45659;735;460;14;16;14;0
45660;750;460;14;16;14;0
45661;765;460;14;16;14;0
45662;780;460;14;16;14;0
45663;795;460;14;16;14;0
45664;810;460;14;16;14;0
45665;825;460;14;16;14;0
45666;840;460;14;16;14;0
45667;855;460;14;16;14;0
45668;870;460;14;16;14;0
45669;885;460;14;16;14;0
45670;900;460;14;16;14;0
45671;915;460;14;16;14;0
45672;930;460;14;16;14;0
45673;945;460;14;16;14;0
45674;960;460;14;16;14;0
45675;975;460;14;16;14;0
45676;990;460;14;16;14;0
45677;1005;460;14;16;14;0
45678;1020;460;14;16;14;0
45679;1035;460;14;16;14;0
45680;1050;460;14;16;14;0
45681;1065;460;14;16;14;0
45682;1080;460;14;16;14;0
45683;1095;460;14;16;14;0
45684;1110;460;14;16;14;0
45685;1125;460;14;16;14;0
45686;1140;460;14;16;14;0
45687;1155;460;14;16;14;0
45688;1170;460;14;16;14;0
45689;1185;460;14;16;14;0
45690;1200;460;14;16;14;0
45691;1215;460;14;16;14;0
45692;1230;460;14;16;14;0
45693;1245;460;14;16;14;0
45694;1260;460;14;16;14;0
45695;1275;460;14;16;14;0
45696;1290;460;14;16;14;0
45697;1305;460;14;16;14;0
45698;1320;460;14;16;14;0
45699;1335;460;14;16;14;0
45700;1350;460;14;16;14;0
45701;1365;460;14;16;14;0
45702;1380;460;14;16;14;0
45703;1395;460;14;16;14;0
45704;1410;460;14;16;14;0
45705;1425;460;14;16;14;0
45706;1440;460;14;16;14;0
45707;1455;460;14;16;14;0
45708;1470;460;14;16;14;0
45709;1485;460;14;16;14;0
45710;1500;460;14;16;14;0
45711;1515;460;14;16;14;0
45712;1530;460;14;16;14;0
45713;1545;460;14;16;14;0
45714;1560;460;14;16;14;0
45715;1575;460;14;16;14;0
45716;1590;460;14;16;14;0
45717;1605;460;14;16;14;0
45718;1620;460;14;16;14;0
45719;1635;460;14;16;14;0
45720;1650;460;14;16;14;0
45721;1665;460;14;16;14;0
45722;1680;460;14;16;14;0
45723;1695;460;14;16;14;0
45724;1710;460;14;16;14;0
45725;1725;460;14;16;14;0
45726;1740;460;14;16;14;0
45727;1755;460;14;16;14;0
45728;1770;460;14;16;14;0
45729;1785;460;14;16;14;0
45730;1800;460;14;16;14;0
45731;1815;460;14;16;14;0
45732;1830;460;14;16;14;0
45733;1845;460;14;16;14;0
45734;1860;460;14;16;14;0
45735;1875;460;14;16;14;0
45736;1890;460;14;16;14;0
45737;1905;460;14;16;14;0
45738;1920;460;14;16;14;0
45739;1935;460;14;16;14;0
45740;1950;460;14;16;14;0
45741;1965;460;14;16;14;0
45742;1980;460;14;16;14;0
45743;1995;460;14;16;14;0
45744;2010;460;14;16;14;0
45745;2025;460;14;16;14;0
45746;0;477;14;16;14;0
45747;15;477;14;16;14;0
45748;30;477;14;16;14;0
45749;45;477;14;16;14;0
45750;60;477;14;16;14;0
45751;75;477;14;16;14;0
45752;90;477;14;16;14;0
45753;105;477;14;16;14;0
45754;120;477;14;16;14;0
45755;135;477;14;16;14;0
45756;150;477;14;16;14;0
45757;165;477;14;16;14;0
45758;180;477;14;16;14;0
45759;195;477;14;16;14;0
45760;210;477;14;16;14;0
45761;225;477;14;16;14;0
45762;240;477;14;16;14;0
45763;255;477;14;16;14;0
45764;270;477;14;16;14;0
45765;285;477;14;16;14;0
45766;300;477;14;16;14;0
45767;315;477;14;16;14;0
45768;330;477;14;16;14;0
45769;345;477;14;16;14;0
45770;360;477;14;16;14;0
45771;375;477;14;16;14;0
45772;390;477;14;16;14;0
45773;405;477;14;16;14;0
45774;420;477;14;16;14;0
45775;435;477;14;16;14;0
45776;450;477;14;16;14;0
45777;465;477;14;16;14;0
45778;480;477;14;16;14;0
45779;495;477;14;16;14;0
45780;510;477;14;16;14;0
45781;525;477;14;16;14;0
45782;540;477;14;16;14;0
45783;555;477;14;16;14;0
45784;570;477;14;16;14;0
45785;585;477;14;16;14;0
45786;600;477;14;16;14;0
45787;615;477;14;16;14;0
45788;630;477;14;16;14;0
45789;645;477;14;16;14;0
45790;660;477;14;16;14;0
45791;675;477;14;16;14;0
45792;690;477;14;16;14;0
45793;705;477;14;16;14;0
45794;720;477;14;16;14;0
45795;735;477;14;16;14;0
45796;750;477;14;16;14;0
45797;765;477;14;16;14;0
45798;780;477;14;16;14;0
45799;795;477;14;16;14;0
45800;810;477;14;16;14;0
45801;825;477;14;16;14;0
45802;840;477;14;16;14;0
45803;855;477;14;16;14;0
45804;870;477;14;16;14;0
45805;885;477;14;16;14;0
45806;900;477;14;16;14;0
45807;915;477;14;16;14;0
45808;930;477;14;16;14;0
45809;945;477;14;16;14;0
45810;960;477;14;16;14;0
45811;975;477;14;16;14;0
45812;990;477;14;16;14;0
45813;1005;477;14;16;14;0
45814;1020;477;14;16;14;0
45815;1035;477;14;16;14;0
45816;1050;477;14;16;14;0
45817;1065;477;14;16;14;0
45818;1080;477;14;16;14;0
45819;1095;477;14;16;14;0
45820;1110;477;14;16;14;0
45821;1125;477;14;16;14;0
45822;1140;477;14;16;14;0
45823;1155;477;14;16;14;0
45824;1170;477;14;16;14;0
45825;1185;477;14;16;14;0
45826;1200;477;14;16;14;0
45827;1215;477;14;16;14;0
45828;1230;477;14;16;14;0
45829;1245;477;14;16;14;0
45830;1260;477;14;16;14;0
45831;1275;477;14;16;14;0
45832;1290;477;14;16;14;0
45833;1305;477;14;16;14;0
45834;1320;477;14;16;14;0
45835;1335;477;14;16;14;0
45836;1350;477;14;16;14;0
45837;1365;477;14;16;14;0
45838;1380;477;14;16;14;0
45839;1395;477;14;16;14;0
45840;1410;477;14;16;14;0
45841;1425;477;14;16;14;0
45842;1440;477;14;16;14;0
45843;1455;477;14;16;14;0
45844;1470;477;14;16;14;0
45845;1485;477;14;16;14;0
45846;1500;477;14;16;14;0
45847;1515;477;14;16;14;0
45848;1530;477;14;16;14;0
45849;1545;477;14;16;14;0
45850;1560;477;14;16;14;0
45851;1575;477;14;16;14;0
45852;1590;477;14;16;14;0
45853;1605;477;14;16;14;0
45854;1620;477;14;16;14;0
45855;1635;477;14;16;14;0
45856;1650;477;14;16;14;0
45857;1665;477;14;16;14;0
45858;1680;477;14;16;14;0
45859;1695;477;14;16;14;0
45860;1710;477;14;16;14;0
45861;1725;477;14;16;14;0
45862;1740;477;14;16;14;0
45863;1755;477;14;16;14;0
45864;1770;477;14;16;14;0
45865;1785;477;14;16;14;0
45866;1800;477;14;16;14;0
45867;1815;477;14;16;14;0
45868;1830;477;14;16;14;0
45869;1845;477;14;16;14;0
45870;1860;477;14;16;14;0
45871;1875;477;14;16;14;0
45872;1890;477;14;16;14;0
45873;1905;477;14;16;14;0
45874;1920;477;14;16;14;0
45875;1935;477;14;16;14;0
45876;1950;477;14;16;14;0
45877;1965;477;14;16;14;0
45878;1980;477;14;16;14;0
45879;1995;477;14;16;14;0
45880;2010;477;14;16;14;0
45881;2025;477;14;16;14;0
45882;0;494;14;16;14;0
45883;15;494;14;16;14;0
45884;30;494;14;16;14;0
45885;45;494;14;16;14;0
45886;60;494;14;16;14;0
45887;75;494;14;16;14;0
45888;90;494;14;16;14;0
45889;105;494;14;16;14;0
45890;120;494;14;16;14;0
45891;135;494;14;16;14;0
45892;150;494;14;16;14;0
45893;165;494;14;16;14;0
45894;180;494;14;16;14;0
45895;195;494;14;16;14;0
45896;210;494;14;16;14;0
45897;225;494;14;16;14;0
45898;240;494;14;16;14;0
45899;255;494;14;16;14;0
45900;270;494;14;16;14;0
45901;285;494;14;16;14;0
45902;300;494;14;16;14;0
45903;315;494;14;16;14;0
45904;330;494;14;16;14;0
45905;345;494;14;16;14;0
45906;360;494;14;16;14;0
45907;375;494;14;16;14;0
45908;390;494;14;16;14;0
45909;405;494;14;16;14;0
45910;420;494;14;16;14;0
45911;435;494;14;16;14;0
45912;450;494;14;16;14;0
45913;465;494;14;16;14;0
45914;480;494;14;16;14;0
45915;495;494;14;16;14;0
45916;510;494;14;16;14;0
45917;525;494;14;16;14;0
45918;540;494;14;16;14;0
45919;555;494;14;16;14;0
45920;570;494;14;16;14;0
45921;585;494;14;16;14;0
45922;600;494;14;16;14;0
45923;615;494;14;16;14;0
45924;630;494;14;16;14;0
45925;645;494;14;16;14;0
45926;660;494;14;16;14;0
45927;675;494;14;16;14;0
45928;690;494;14;16;14;0
45929;705;494;14;16;14;0
45930;720;494;14;16;14;0
45931;735;494;14;16;14;0
45932;750;494;14;16;14;0
45933;765;494;14;16;14;0
45934;780;494;14;16;14;0
45935;795;494;14;16;14;0
45936;810;494;14;16;14;0
45937;825;494;14;16;14;0
45938;840;494;14;16;14;0
45939;855;494;14;16;14;0
45940;870;494;14;16;14;0
45941;885;494;14;16;14;0
45942;900;494;14;16;14;0
45943;915;494;14;16;14;0
45944;930;494;14;16;14;0
45945;945;494;14;16;14;0
45946;960;494;14;16;14;0
45947;975;494;14;16;14;0
45948;990;494;14;16;14;0
45949;1005;494;14;16;14;0
45950;1020;494;14;16;14;0
45951;1035;494;14;16;14;0
45952;1050;494;14;16;14;0
45953;1065;494;14;16;14;0
45954;1080;494;14;16;14;0
45955;1095;494;14;16;14;0
45956;1110;494;14;16;14;0
45957;1125;494;14;16;14;0
45958;1140;494;14;16;14;0
45959;1155;494;14;16;14;0
45960;1170;494;14;16;14;0
45961;1185;494;14;16;14;0
45962;1200;494;14;16;14;0
45963;1215;494;14;16;14;0
45964;1230;494;14;16;14;0
45965;1245;494;14;16;14;0
45966;1260;494;14;16;14;0
45967;1275;494;14;16;14;0
45968;1290;494;14;16;14;0
45969;1305;494;14;16;14;0
45970;1320;494;14;16;14;0
45971;1335;494;14;16;14;0
45972;1350;494;14;16;14;0
45973;1365;494;14;16;14;0
45974;1380;494;14;16;14;0
45975;1395;494;14;16;14;0
45976;1410;494;14;16;14;0
45977;1425;494;14;16;14;0
45978;1440;494;14;16;14;0
45979;1455;494;14;16;14;0
45980;1470;494;14;16;14;0
45981;1485;494;14;16;14;0
45982;1500;494;14;16;14;0
45983;1515;494;14;16;14;0
45984;1530;494;14;16;14;0
45985;1545;494;14;16;14;0
45986;1560;494;14;16;14;0
45987;1575;494;14;16;14;0
45988;1590;494;14;16;14;0
45989;1605;494;14;16;14;0
45990;1620;494;14;16;14;0
45991;1635;494;14;16;14;0
45992;1650;494;14;16;14;0
45993;1665;494;14;16;14;0
45994;1680;494;14;16;14;0
45995;1695;494;14;16;14;0
45996;1710;494;14;16;14;0
45997;1725;494;14;16;14;0
45998;1740;494;14;16;14;0
45999;1755;494;14;16;14;0
46000;1770;494;14;16;14;0
46001;1785;494;14;16;14;0
46002;1800;494;14;16;14;0
46003;1815;494;14;16;14;0
46004;1830;494;14;16;14;0
46005;1845;494;14;16;14;0
46006;1860;494;14;16;14;0
46007;1875;494;14;16;14;0
46008;1890;494;14;16;14;0
46009;1905;494;14;16;14;0
46010;1920;494;14;16;14;0
46011;1935;494;14;16;14;0
46012;1950;494;14;16;14;0
46013;1965;494;14;16;14;0
46014;1980;494;14;16;14;0
46015;1995;494;14;16;14;0
46016;2010;494;14;16;14;0
46017;2025;494;14;16;14;0
46018;0;511;14;16;14;0
46019;15;511;14;16;14;0
46020;30;511;14;16;14;0
46021;45;511;14;16;14;0
46022;60;511;14;16;14;0
46023;75;511;14;16;14;0
46024;90;511;14;16;14;0
46025;105;511;14;16;14;0
46026;120;511;14;16;14;0
46027;135;511;14;16;14;0
46028;150;511;14;16;14;0
46029;165;511;14;16;14;0
46030;180;511;14;16;14;0
46031;195;511;14;16;14;0
46032;210;511;14;16;14;0
46033;225;511;14;16;14;0
46034;240;511;14;16;14;0
46035;255;511;14;16;14;0
46036;270;511;14;16;14;0
46037;285;511;14;16;14;0
46038;300;511;14;16;14;0
46039;315;511;14;16;14;0
46040;330;511;14;16;14;0
46041;345;511;14;16;14;0
46042;360;511;14;16;14;0
46043;375;511;14;16;14;0
46044;390;511;14;16;14;0
46045;405;511;14;16;14;0
46046;420;511;14;16;14;0
46047;435;511;14;16;14;0
46048;450;511;14;16;14;0
46049;465;511;14;16;14;0
46050;480;511;14;16;14;0
46051;495;511;14;16;14;0
46052;510;511;14;16;14;0
46053;525;511;14;16;14;0
46054;540;511;14;16;14;0
46055;555;511;14;16;14;0
46056;570;511;14;16;14;0
46057;585;511;14;16;14;0
46058;600;511;14;16;14;0
46059;615;511;14;16;14;0
46060;630;511;14;16;14;0
46061;645;511;14;16;14;0
46062;660;511;14;16;14;0
46063;675;511;14;16;14;0
46064;690;511;14;16;14;0
46065;705;511;14;16;14;0
46066;720;511;14;16;14;0
46067;735;511;14;16;14;0
46068;750;511;14;16;14;0
46069;765;511;14;16;14;0
46070;780;511;14;16;14;0
46071;795;511;14;16;14;0
46072;810;511;14;16;14;0
46073;825;511;14;16;14;0
46074;840;511;14;16;14;0
46075;855;511;14;16;14;0
46076;870;511;14;16;14;0
46077;885;511;14;16;14;0
46078;900;511;14;16;14;0
46079;915;511;14;16;14;0
46080;930;511;14;16;14;0
46081;945;511;14;16;14;0
46082;960;511;14;16;14;0
46083;975;511;14;16;14;0
46084;990;511;14;16;14;0
46085;1005;511;14;16;14;0
46086;1020;511;14;16;14;0
46087;1035;511;14;16;14;0
46088;1050;511;14;16;14;0
46089;1065;511;14;16;14;0
46090;1080;511;14;16;14;0
46091;1095;511;14;16;14;0
46092;1110;511;14;16;14;0
46093;1125;511;14;16;14;0
46094;1140;511;14;16;14;0
46095;1155;511;14;16;14;0
46096;1170;511;14;16;14;0
46097;1185;511;14;16;14;0
46098;1200;511;14;16;14;0
46099;1215;511;14;16;14;0
46100;1230;511;14;16;14;0
46101;1245;511;14;16;14;0
46102;1260;511;14;16;14;0
46103;1275;511;14;16;14;0
46104;1290;511;14;16;14;0
46105;1305;511;14;16;14;0
46106;1320;511;14;16;14;0
46107;1335;511;14;16;14;0
46108;1350;511;14;16;14;0
46109;1365;511;14;16;14;0
46110;1380;511;14;16;14;0
46111;1395;511;14;16;14;0
46112;1410;511;14;16;14;0
46113;1425;511;14;16;14;0
46114;1440;511;14;16;14;0
46115;1455;511;14;16;14;0
46116;1470;511;14;16;14;0
46117;1485;511;14;16;14;0
46118;1500;511;14;16;14;0
46119;1515;511;14;16;14;0
46120;1530;511;14;16;14;0
46121;1545;511;14;16;14;0
46122;1560;511;14;16;14;0
46123;1575;511;14;16;14;0
46124;1590;511;14;16;14;0
46125;1605;511;14;16;14;0
46126;1620;511;14;16;14;0
46127;1635;511;14;16;14;0
46128;1650;511;14;16;14;0
46129;1665;511;14;16;14;0
46130;1680;511;14;16;14;0
46131;1695;511;14;16;14;0
46132;1710;511;14;16;14;0
46133;1725;511;14;16;14;0
46134;1740;511;14;16;14;0
46135;1755;511;14;16;14;0
46136;1770;511;14;16;14;0
46137;1785;511;14;16;14;0
46138;1800;511;14;16;14;0
46139;1815;511;14;16;14;0
46140;1830;511;14;16;14;0
46141;1845;511;14;16;14;0
46142;1860;511;14;16;14;0
46143;1875;511;14;16;14;0
46144;1890;511;14;16;14;0
46145;1905;511;14;16;14;0
46146;1920;511;14;16;14;0
46147;1935;511;14;16;14;0
46148;1950;511;14;16;14;0
46149;1965;511;14;16;14;0
46150;1980;511;14;16;14;0
46151;1995;511;14;16;14;0
46152;2010;511;14;16;14;0
46153;2025;511;14;16;14;0
46154;0;528;14;16;14;0
46155;15;528;14;16;14;0
46156;30;528;14;16;14;0
46157;45;528;14;16;14;0
46158;60;528;14;16;14;0
46159;75;528;14;16;14;0
46160;90;528;14;16;14;0
46161;105;528;14;16;14;0
46162;120;528;14;16;14;0
46163;135;528;14;16;14;0
46164;150;528;14;16;14;0
46165;165;528;14;16;14;0
46166;180;528;14;16;14;0
46167;195;528;14;16;14;0
46168;210;528;14;16;14;0
46169;225;528;14;16;14;0
46170;240;528;14;16;14;0
46171;255;528;14;16;14;0
46172;270;528;14;16;14;0
46173;285;528;14;16;14;0
46174;300;528;14;16;14;0
46175;315;528;14;16;14;0
46176;330;528;14;16;14;0
46177;345;528;14;16;14;0
46178;360;528;14;16;14;0
46179;375;528;14;16;14;0
46180;390;528;14;16;14;0
46181;405;528;14;16;14;0
46182;420;528;14;16;14;0
46183;435;528;14;16;14;0
46184;450;528;14;16;14;0
46185;465;528;14;16;14;0
46186;480;528;14;16;14;0
46187;495;528;14;16;14;0
46188;510;528;14;16;14;0
46189;525;528;14;16;14;0
46190;540;528;14;16;14;0
46191;555;528;14;16;14;0
46192;570;528;14;16;14;0
46193;585;528;14;16;14;0
46194;600;528;14;16;14;0
46195;615;528;14;16;14;0
46196;630;528;14;16;14;0
46197;645;528;14;16;14;0
46198;660;528;14;16;14;0
46199;675;528;14;16;14;0
46200;690;528;14;16;14;0
46201;705;528;14;16;14;0
46202;720;528;14;16;14;0
46203;735;528;14;16;14;0
46204;750;528;14;16;14;0
46205;765;528;14;16;14;0
46206;780;528;14;16;14;0
46207;795;528;14;16;14;0
46208;810;528;14;16;14;0
46209;825;528;14;16;14;0
46210;840;528;14;16;14;0
46211;855;528;14;16;14;0
46212;870;528;14;16;14;0
46213;885;528;14;16;14;0
46214;900;528;14;16;14;0
46215;915;528;14;16;14;0
46216;930;528;14;16;14;0
46217;945;528;14;16;14;0
46218;960;528;14;16;14;0
46219;975;528;14;16;14;0
46220;990;528;14;16;14;0
46221;1005;528;14;16;14;0
46222;1020;528;14;16;14;0
46223;1035;528;14;16;14;0
46224;1050;528;14;16;14;0
46225;1065;528;14;16;14;0
46226;1080;528;14;16;14;0
46227;1095;528;14;16;14;0
46228;1110;528;14;16;14;0
46229;1125;528;14;16;14;0
46230;1140;528;14;16;14;0
46231;1155;528;14;16;14;0
46232;1170;528;14;16;14;0
46233;1185;528;14;16;14;0
46234;1200;528;14;16;14;0
46235;1215;528;14;16;14;0
46236;1230;528;14;16;14;0
46237;1245;528;14;16;14;0
46238;1260;528;14;16;14;0
46239;1275;528;14;16;14;0
46240;1290;528;14;16;14;0
46241;1305;528;14;16;14;0
46242;1320;528;14;16;14;0
46243;1335;528;14;16;14;0
46244;1350;528;14;16;14;0
46245;1365;528;14;16;14;0
46246;1380;528;14;16;14;0
46247;1395;528;14;16;14;0
46248;1410;528;14;16;14;0
46249;1425;528;14;16;14;0
46250;1440;528;14;16;14;0
46251;1455;528;14;16;14;0
46252;1470;528;14;16;14;0
46253;1485;528;14;16;14;0
46254;1500;528;14;16;14;0
46255;1515;528;14;16;14;0
46256;1530;528;14;16;14;0
46257;1545;528;14;16;14;0
46258;1560;528;14;16;14;0
46259;1575;528;14;16;14;0
46260;1590;528;14;16;14;0
46261;1605;528;14;16;14;0
46262;1620;528;14;16;14;0
46263;1635;528;14;16;14;0
46264;1650;528;14;16;14;0
46265;1665;528;14;16;14;0
46266;1680;528;14;16;14;0
46267;1695;528;14;16;14;0
46268;1710;528;14;16;14;0
46269;1725;528;14;16;14;0
46270;1740;528;14;16;14;0
46271;1755;528;14;16;14;0
46272;1770;528;14;16;14;0
46273;1785;528;14;16;14;0
46274;1800;528;14;16;14;0
46275;1815;528;14;16;14;0
46276;1830;528;14;16;14;0
46277;1845;528;14;16;14;0
46278;1860;528;14;16;14;0
46279;1875;528;14;16;14;0
46280;1890;528;14;16;14;0
46281;1905;528;14;16;14;0
46282;1920;528;14;16;14;0
46283;1935;528;14;16;14;0
46284;1950;528;14;16;14;0
46285;1965;528;14;16;14;0
46286;1980;528;14;16;14;0
46287;1995;528;14;16;14;0
46288;2010;528;14;16;14;0
46289;2025;528;14;16;14;0
46290;0;545;14;16;14;0
46291;15;545;14;16;14;0
46292;30;545;14;16;14;0
46293;45;545;14;16;14;0
46294;60;545;14;16;14;0
46295;75;545;14;16;14;0
46296;90;545;14;16;14;0
46297;105;545;14;16;14;0
46298;120;545;14;16;14;0
46299;135;545;14;16;14;0
46300;150;545;14;16;14;0
46301;165;545;14;16;14;0
46302;180;545;14;16;14;0
46303;195;545;14;16;14;0
46304;210;545;14;16;14;0
46305;225;545;14;16;14;0
46306;240;545;14;16;14;0
46307;255;545;14;16;14;0
46308;270;545;14;16;14;0
46309;285;545;14;16;14;0
46310;300;545;14;16;14;0
46311;315;545;14;16;14;0
46312;330;545;14;16;14;0
46313;345;545;14;16;14;0
46314;360;545;14;16;14;0
46315;375;545;14;16;14;0
46316;390;545;14;16;14;0
46317;405;545;14;16;14;0
46318;420;545;14;16;14;0
46319;435;545;14;16;14;0
46320;450;545;14;16;14;0
46321;465;545;14;16;14;0
46322;480;545;14;16;14;0
46323;495;545;14;16;14;0
46324;510;545;14;16;14;0
46325;525;545;14;16;14;0
46326;540;545;14;16;14;0
46327;555;545;14;16;14;0
46328;570;545;14;16;14;0
46329;585;545;14;16;14;0
46330;600;545;14;16;14;0
46331;615;545;14;16;14;0
46332;630;545;14;16;14;0
46333;645;545;14;16;14;0
46334;660;545;14;16;14;0
46335;675;545;14;16;14;0
46336;690;545;14;16;14;0
46337;705;545;14;16;14;0
46338;720;545;14;16;14;0
46339;735;545;14;16;14;0
46340;750;545;14;16;14;0
46341;765;545;14;16;14;0
46342;780;545;14;16;14;0
46343;795;545;14;16;14;0
46344;810;545;14;16;14;0
46345;825;545;14;16;14;0
46346;840;545;14;16;14;0
46347;855;545;14;16;14;0
46348;870;545;14;16;14;0
46349;885;545;14;16;14;0
46350;900;545;14;16;14;0
46351;915;545;14;16;14;0
46352;930;545;14;16;14;0
46353;945;545;14;16;14;0
46354;960;545;14;16;14;0
46355;975;545;14;16;14;0
46356;990;545;14;16;14;0
46357;1005;545;14;16;14;0
46358;1020;545;14;16;14;0
46359;1035;545;14;16;14;0
46360;1050;545;14;16;14;0
46361;1065;545;14;16;14;0
46362;1080;545;14;16;14;0
46363;1095;545;14;16;14;0
46364;1110;545;14;16;14;0
46365;1125;545;14;16;14;0
46366;1140;545;14;16;14;0
46367;1155;545;14;16;14;0
46368;1170;545;14;16;14;0
46369;1185;545;14;16;14;0
46370;1200;545;14;16;14;0
46371;1215;545;14;16;14;0
46372;1230;545;14;16;14;0
46373;1245;545;14;16;14;0
46374;1260;545;14;16;14;0
46375;1275;545;14;16;14;0
46376;1290;545;14;16;14;0
46377;1305;545;14;16;14;0
46378;1320;545;14;16;14;0
46379;1335;545;14;16;14;0
46380;1350;545;14;16;14;0
46381;1365;545;14;16;14;0
46382;1380;545;14;16;14;0
46383;1395;545;14;16;14;0
46384;1410;545;14;16;14;0
46385;1425;545;14;16;14;0
46386;1440;545;14;16;14;0
46387;1455;545;14;16;14;0
46388;1470;545;14;16;14;0
46389;1485;545;14;16;14;0
46390;1500;545;14;16;14;0
46391;1515;545;14;16;14;0
46392;1530;545;14;16;14;0
46393;1545;545;14;16;14;0
46394;1560;545;14;16;14;0
46395;1575;545;14;16;14;0
46396;1590;545;14;16;14;0
46397;1605;545;14;16;14;0
46398;1620;545;14;16;14;0
46399;1635;545;14;16;14;0
46400;1650;545;14;16;14;0
46401;1665;545;14;16;14;0
46402;1680;545;14;16;14;0
46403;1695;545;14;16;14;0
46404;1710;545;14;16;14;0
46405;1725;545;14;16;14;0
46406;1740;545;14;16;14;0
46407;1755;545;14;16;14;0
46408;1770;545;14;16;14;0
46409;1785;545;14;16;14;0
46410;1800;545;14;16;14;0
46411;1815;545;14;16;14;0
46412;1830;545;14;16;14;0
46413;1845;545;14;16;14;0
46414;1860;545;14;16;14;0
46415;1875;545;14;16;14;0
46416;1890;545;14;16;14;0
46417;1905;545;14;16;14;0
46418;1920;545;14;16;14;0
46419;1935;545;14;16;14;0
46420;1950;545;14;16;14;0
46421;1965;545;14;16;14;0
46422;1980;545;14;16;14;0
46423;1995;545;14;16;14;0
46424;2010;545;14;16;14;0
46425;2025;545;14;16;14;0
46426;0;562;14;16;14;0
46427;15;562;14;16;14;0
46428;30;562;14;16;14;0
46429;45;562;14;16;14;0
46430;60;562;14;16;14;0
46431;75;562;14;16;14;0
46432;90;562;14;16;14;0
46433;105;562;14;16;14;0
46434;120;562;14;16;14;0
46435;135;562;14;16;14;0
46436;150;562;14;16;14;0
46437;165;562;14;16;14;0
46438;180;562;14;16;14;0
46439;195;562;14;16;14;0
46440;210;562;14;16;14;0
46441;225;562;14;16;14;0
46442;240;562;14;16;14;0
46443;255;562;14;16;14;0
46444;270;562;14;16;14;0
46445;285;562;14;16;14;0
46446;300;562;14;16;14;0
46447;315;562;14;16;14;0
46448;330;562;14;16;14;0
46449;345;562;14;16;14;0
46450;360;562;14;16;14;0
46451;375;562;14;16;14;0
46452;390;562;14;16;14;0
46453;405;562;14;16;14;0
46454;420;562;14;16;14;0
46455;435;562;14;16;14;0
46456;450;562;14;16;14;0
46457;465;562;14;16;14;0
46458;480;562;14;16;14;0
46459;495;562;14;16;14;0
46460;510;562;14;16;14;0
46461;525;562;14;16;14;0
46462;540;562;14;16;14;0
46463;555;562;14;16;14;0
46464;570;562;14;16;14;0
46465;585;562;14;16;14;0
46466;600;562;14;16;14;0
46467;615;562;14;16;14;0
46468;630;562;14;16;14;0
46469;645;562;14;16;14;0
46470;660;562;14;16;14;0
46471;675;562;14;16;14;0
46472;690;562;14;16;14;0
46473;705;562;14;16;14;0
46474;720;562;14;16;14;0
46475;735;562;14;16;14;0
46476;750;562;14;16;14;0
46477;765;562;14;16;14;0
46478;780;562;14;16;14;0
46479;795;562;14;16;14;0
46480;810;562;14;16;14;0
46481;825;562;14;16;14;0
46482;840;562;14;16;14;0
46483;855;562;14;16;14;0
46484;870;562;14;16;14;0
46485;885;562;14;16;14;0
46486;900;562;14;16;14;0
46487;915;562;14;16;14;0
46488;930;562;14;16;14;0
46489;945;562;14;16;14;0
46490;960;562;14;16;14;0
46491;975;562;14;16;14;0
46492;990;562;14;16;14;0
46493;1005;562;14;16;14;0
46494;1020;562;14;16;14;0
46495;1035;562;14;16;14;0
46496;1050;562;14;16;14;0
46497;1065;562;14;16;14;0
46498;1080;562;14;16;14;0
46499;1095;562;14;16;14;0
46500;1110;562;14;16;14;0
46501;1125;562;14;16;14;0
46502;1140;562;14;16;14;0
46503;1155;562;14;16;14;0
46504;1170;562;14;16;14;0
46505;1185;562;14;16;14;0
46506;1200;562;14;16;14;0
46507;1215;562;14;16;14;0
46508;1230;562;14;16;14;0
46509;1245;562;14;16;14;0
46510;1260;562;14;16;14;0
46511;1275;562;14;16;14;0
46512;1290;562;14;16;14;0
46513;1305;562;14;16;14;0
46514;1320;562;14;16;14;0
46515;1335;562;14;16;14;0
46516;1350;562;14;16;14;0
46517;1365;562;14;16;14;0
46518;1380;562;14;16;14;0
46519;1395;562;14;16;14;0
46520;1410;562;14;16;14;0
46521;1425;562;14;16;14;0
46522;1440;562;14;16;14;0
46523;1455;562;14;16;14;0
46524;1470;562;14;16;14;0
46525;1485;562;14;16;14;0
46526;1500;562;14;16;14;0
46527;1515;562;14;16;14;0
46528;1530;562;14;16;14;0
46529;1545;562;14;16;14;0
46530;1560;562;14;16;14;0
46531;1575;562;14;16;14;0
46532;1590;562;14;16;14;0
46533;1605;562;14;16;14;0
46534;1620;562;14;16;14;0
46535;1635;562;14;16;14;0
46536;1650;562;14;16;14;0
46537;1665;562;14;16;14;0
46538;1680;562;14;16;14;0
46539;1695;562;14;16;14;0
46540;1710;562;14;16;14;0
46541;1725;562;14;16;14;0
46542;1740;562;14;16;14;0
46543;1755;562;14;16;14;0
46544;1770;562;14;16;14;0
46545;1785;562;14;16;14;0
46546;1800;562;14;16;14;0
46547;1815;562;14;16;14;0
46548;1830;562;14;16;14;0
46549;1845;562;14;16;14;0
46550;1860;562;14;16;14;0
46551;1875;562;14;16;14;0
46552;1890;562;14;16;14;0
46553;1905;562;14;16;14;0
46554;1920;562;14;16;14;0
46555;1935;562;14;16;14;0
46556;1950;562;14;16;14;0
46557;1965;562;14;16;14;0
46558;1980;562;14;16;14;0
46559;1995;562;14;16;14;0
46560;2010;562;14;16;14;0
46561;2025;562;14;16;14;0
46562;0;579;14;16;14;0
46563;15;579;14;16;14;0
46564;30;579;14;16;14;0
46565;45;579;14;16;14;0
46566;60;579;14;16;14;0
46567;75;579;14;16;14;0
46568;90;579;14;16;14;0
46569;105;579;14;16;14;0
46570;120;579;14;16;14;0
46571;135;579;14;16;14;0
46572;150;579;14;16;14;0
46573;165;579;14;16;14;0
46574;180;579;14;16;14;0
46575;195;579;14;16;14;0
46576;210;579;14;16;14;0
46577;225;579;14;16;14;0
46578;240;579;14;16;14;0
46579;255;579;14;16;14;0
46580;270;579;14;16;14;0
46581;285;579;14;16;14;0
46582;300;579;14;16;14;0
46583;315;579;14;16;14;0
46584;330;579;14;16;14;0
46585;345;579;14;16;14;0
46586;360;579;14;16;14;0
46587;375;579;14;16;14;0
46588;390;579;14;16;14;0
46589;405;579;14;16;14;0
46590;420;579;14;16;14;0
46591;435;579;14;16;14;0
46592;450;579;14;16;14;0
46593;465;579;14;16;14;0
46594;480;579;14;16;14;0
46595;495;579;14;16;14;0
46596;510;579;14;16;14;0
46597;525;579;14;16;14;0
46598;540;579;14;16;14;0
46599;555;579;14;16;14;0
46600;570;579;14;16;14;0
46601;585;579;14;16;14;0
46602;600;579;14;16;14;0
46603;615;579;14;16;14;0
46604;630;579;14;16;14;0
46605;645;579;14;16;14;0
46606;660;579;14;16;14;0
46607;675;579;14;16;14;0
46608;690;579;14;16;14;0
46609;705;579;14;16;14;0
46610;720;579;14;16;14;0
46611;735;579;14;16;14;0
46612;750;579;14;16;14;0
46613;765;579;14;16;14;0
46614;780;579;14;16;14;0
46615;795;579;14;16;14;0
46616;810;579;14;16;14;0
46617;825;579;14;16;14;0
46618;840;579;14;16;14;0
46619;855;579;14;16;14;0
46620;870;579;14;16;14;0
46621;885;579;14;16;14;0
46622;900;579;14;16;14;0
46623;915;579;14;16;14;0
46624;930;579;14;16;14;0
46625;945;579;14;16;14;0
46626;960;579;14;16;14;0
46627;975;579;14;16;14;0
46628;990;579;14;16;14;0
46629;1005;579;14;16;14;0
46630;1020;579;14;16;14;0
46631;1035;579;14;16;14;0
46632;1050;579;14;16;14;0
46633;1065;579;14;16;14;0
46634;1080;579;14;16;14;0
46635;1095;579;14;16;14;0
46636;1110;579;14;16;14;0
46637;1125;579;14;16;14;0
46638;1140;579;14;16;14;0
46639;1155;579;14;16;14;0
46640;1170;579;14;16;14;0
46641;1185;579;14;16;14;0
46642;1200;579;14;16;14;0
46643;1215;579;14;16;14;0
46644;1230;579;14;16;14;0
46645;1245;579;14;16;14;0
46646;1260;579;14;16;14;0
46647;1275;579;14;16;14;0
46648;1290;579;14;16;14;0
46649;1305;579;14;16;14;0
46650;1320;579;14;16;14;0
46651;1335;579;14;16;14;0
46652;1350;579;14;16;14;0
46653;1365;579;14;16;14;0
46654;1380;579;14;16;14;0
46655;1395;579;14;16;14;0
46656;1410;579;14;16;14;0
46657;1425;579;14;16;14;0
46658;1440;579;14;16;14;0
46659;1455;579;14;16;14;0
46660;1470;579;14;16;14;0
46661;1485;579;14;16;14;0
46662;1500;579;14;16;14;0
46663;1515;579;14;16;14;0
46664;1530;579;14;16;14;0
46665;1545;579;14;16;14;0
46666;1560;579;14;16;14;0
46667;1575;579;14;16;14;0
46668;1590;579;14;16;14;0
46669;1605;579;14;16;14;0
46670;1620;579;14;16;14;0
46671;1635;579;14;16;14;0
46672;1650;579;14;16;14;0
46673;1665;579;14;16;14;0
46674;1680;579;14;16;14;0
46675;1695;579;14;16;14;0
46676;1710;579;14;16;14;0
46677;1725;579;14;16;14;0
46678;1740;579;14;16;14;0
46679;1755;579;14;16;14;0
46680;1770;579;14;16;14;0
46681;1785;579;14;16;14;0
46682;1800;579;14;16;14;0
46683;1815;579;14;16;14;0
46684;1830;579;14;16;14;0
46685;1845;579;14;16;14;0
46686;1860;579;14;16;14;0
46687;1875;579;14;16;14;0
46688;1890;579;14;16;14;0
46689;1905;579;14;16;14;0
46690;1920;579;14;16;14;0
46691;1935;579;14;16;14;0
46692;1950;579;14;16;14;0
46693;1965;579;14;16;14;0
46694;1980;579;14;16;14;0
46695;1995;579;14;16;14;0
46696;2010;579;14;16;14;0
46697;2025;579;14;16;14;0
46698;0;596;14;16;14;0
46699;15;596;14;16;14;0
46700;30;596;14;16;14;0
46701;45;596;14;16;14;0
46702;60;596;14;16;14;0
46703;75;596;14;16;14;0
46704;90;596;14;16;14;0
46705;105;596;14;16;14;0
46706;120;596;14;16;14;0
46707;135;596;14;16;14;0
46708;150;596;14;16;14;0
46709;165;596;14;16;14;0
46710;180;596;14;16;14;0
46711;195;596;14;16;14;0
46712;210;596;14;16;14;0
46713;225;596;14;16;14;0
46714;240;596;14;16;14;0
46715;255;596;14;16;14;0
46716;270;596;14;16;14;0
46717;285;596;14;16;14;0
46718;300;596;14;16;14;0
46719;315;596;14;16;14;0
46720;330;596;14;16;14;0
46721;345;596;14;16;14;0
46722;360;596;14;16;14;0
46723;375;596;14;16;14;0
46724;390;596;14;16;14;0
46725;405;596;14;16;14;0
46726;420;596;14;16;14;0
46727;435;596;14;16;14;0
46728;450;596;14;16;14;0
46729;465;596;14;16;14;0
46730;480;596;14;16;14;0
46731;495;596;14;16;14;0
46732;510;596;14;16;14;0
46733;525;596;14;16;14;0
46734;540;596;14;16;14;0
46735;555;596;14;16;14;0
46736;570;596;14;16;14;0
46737;585;596;14;16;14;0
46738;600;596;14;16;14;0
46739;615;596;14;16;14;0
46740;630;596;14;16;14;0
46741;645;596;14;16;14;0
46742;660;596;14;16;14;0
46743;675;596;14;16;14;0
46744;690;596;14;16;14;0
46745;705;596;14;16;14;0
46746;720;596;14;16;14;0
46747;735;596;14;16;14;0
46748;750;596;14;16;14;0
46749;765;596;14;16;14;0
46750;780;596;14;16;14;0
46751;795;596;14;16;14;0
46752;810;596;14;16;14;0
46753;825;596;14;16;14;0
46754;840;596;14;16;14;0
46755;855;596;14;16;14;0
46756;870;596;14;16;14;0
46757;885;596;14;16;14;0
46758;900;596;14;16;14;0
46759;915;596;14;16;14;0
46760;930;596;14;16;14;0
46761;945;596;14;16;14;0
46762;960;596;14;16;14;0
46763;975;596;14;16;14;0
46764;990;596;14;16;14;0
46765;1005;596;14;16;14;0
46766;1020;596;14;16;14;0
46767;1035;596;14;16;14;0
46768;1050;596;14;16;14;0
46769;1065;596;14;16;14;0
46770;1080;596;14;16;14;0
46771;1095;596;14;16;14;0
46772;1110;596;14;16;14;0
46773;1125;596;14;16;14;0
46774;1140;596;14;16;14;0
46775;1155;596;14;16;14;0
46776;1170;596;14;16;14;0
46777;1185;596;14;16;14;0
46778;1200;596;14;16;14;0
46779;1215;596;14;16;14;0
46780;1230;596;14;16;14;0
46781;1245;596;14;16;14;0
46782;1260;596;14;16;14;0
46783;1275;596;14;16;14;0
46784;1290;596;14;16;14;0
46785;1305;596;14;16;14;0
46786;1320;596;14;16;14;0
46787;1335;596;14;16;14;0
46788;1350;596;14;16;14;0
46789;1365;596;14;16;14;0
46790;1380;596;14;16;14;0
46791;1395;596;14;16;14;0
46792;1410;596;14;16;14;0
46793;1425;596;14;16;14;0
46794;1440;596;14;16;14;0
46795;1455;596;14;16;14;0
46796;1470;596;14;16;14;0
46797;1485;596;14;16;14;0
46798;1500;596;14;16;14;0
46799;1515;596;14;16;14;0
46800;1530;596;14;16;14;0
46801;1545;596;14;16;14;0
46802;1560;596;14;16;14;0
46803;1575;596;14;16;14;0
46804;1590;596;14;16;14;0
46805;1605;596;14;16;14;0
46806;1620;596;14;16;14;0
46807;1635;596;14;16;14;0
46808;1650;596;14;16;14;0
46809;1665;596;14;16;14;0
46810;1680;596;14;16;14;0
46811;1695;596;14;16;14;0
46812;1710;596;14;16;14;0
46813;1725;596;14;16;14;0
46814;1740;596;14;16;14;0
46815;1755;596;14;16;14;0
46816;1770;596;14;16;14;0
46817;1785;596;14;16;14;0
46818;1800;596;14;16;14;0
46819;1815;596;14;16;14;0
46820;1830;596;14;16;14;0
46821;1845;596;14;16;14;0
46822;1860;596;14;16;14;0
46823;1875;596;14;16;14;0
46824;1890;596;14;16;14;0
46825;1905;596;14;16;14;0
46826;1920;596;14;16;14;0
46827;1935;596;14;16;14;0
46828;1950;596;14;16;14;0
46829;1965;596;14;16;14;0
46830;1980;596;14;16;14;0
46831;1995;596;14;16;14;0
46832;2010;596;14;16;14;0
46833;2025;596;14;16;14;0
46834;0;613;14;16;14;0
46835;15;613;14;16;14;0
46836;30;613;14;16;14;0
46837;45;613;14;16;14;0
46838;60;613;14;16;14;0
46839;75;613;14;16;14;0
46840;90;613;14;16;14;0
46841;105;613;14;16;14;0
46842;120;613;14;16;14;0
46843;135;613;14;16;14;0
46844;150;613;14;16;14;0
46845;165;613;14;16;14;0
46846;180;613;14;16;14;0
46847;195;613;14;16;14;0
46848;210;613;14;16;14;0
46849;225;613;14;16;14;0
46850;240;613;14;16;14;0
46851;255;613;14;16;14;0
46852;270;613;14;16;14;0
46853;285;613;14;16;14;0
46854;300;613;14;16;14;0
46855;315;613;14;16;14;0
46856;330;613;14;16;14;0
46857;345;613;14;16;14;0
46858;360;613;14;16;14;0
46859;375;613;14;16;14;0
46860;390;613;14;16;14;0
46861;405;613;14;16;14;0
46862;420;613;14;16;14;0
46863;435;613;14;16;14;0
46864;450;613;14;16;14;0
46865;465;613;14;16;14;0
46866;480;613;14;16;14;0
46867;495;613;14;16;14;0
46868;510;613;14;16;14;0
46869;525;613;14;16;14;0
46870;540;613;14;16;14;0
46871;555;613;14;16;14;0
46872;570;613;14;16;14;0
46873;585;613;14;16;14;0
46874;600;613;14;16;14;0
46875;615;613;14;16;14;0
46876;630;613;14;16;14;0
46877;645;613;14;16;14;0
46878;660;613;14;16;14;0
46879;675;613;14;16;14;0
46880;690;613;14;16;14;0
46881;705;613;14;16;14;0
46882;720;613;14;16;14;0
46883;735;613;14;16;14;0
46884;750;613;14;16;14;0
46885;765;613;14;16;14;0
46886;780;613;14;16;14;0
46887;795;613;14;16;14;0
46888;810;613;14;16;14;0
46889;825;613;14;16;14;0
46890;840;613;14;16;14;0
46891;855;613;14;16;14;0
46892;870;613;14;16;14;0
46893;885;613;14;16;14;0
46894;900;613;14;16;14;0
46895;915;613;14;16;14;0
46896;930;613;14;16;14;0
46897;945;613;14;16;14;0
46898;960;613;14;16;14;0
46899;975;613;14;16;14;0
46900;990;613;14;16;14;0
46901;1005;613;14;16;14;0
46902;1020;613;14;16;14;0
46903;1035;613;14;16;14;0
46904;1050;613;14;16;14;0
46905;1065;613;14;16;14;0
46906;1080;613;14;16;14;0
46907;1095;613;14;16;14;0
46908;1110;613;14;16;14;0
46909;1125;613;14;16;14;0
46910;1140;613;14;16;14;0
46911;1155;613;14;16;14;0
46912;1170;613;14;16;14;0
46913;1185;613;14;16;14;0
46914;1200;613;14;16;14;0
46915;1215;613;14;16;14;0
46916;1230;613;14;16;14;0
46917;1245;613;14;16;14;0
46918;1260;613;14;16;14;0
46919;1275;613;14;16;14;0
46920;1290;613;14;16;14;0
46921;1305;613;14;16;14;0
46922;1320;613;14;16;14;0
46923;1335;613;14;16;14;0
46924;1350;613;14;16;14;0
46925;1365;613;14;16;14;0
46926;1380;613;14;16;14;0
46927;1395;613;14;16;14;0
46928;1410;613;14;16;14;0
46929;1425;613;14;16;14;0
46930;1440;613;14;16;14;0
46931;1455;613;14;16;14;0
46932;1470;613;14;16;14;0
46933;1485;613;14;16;14;0
46934;1500;613;14;16;14;0
46935;1515;613;14;16;14;0
46936;1530;613;14;16;14;0
46937;1545;613;14;16;14;0
46938;1560;613;14;16;14;0
46939;1575;613;14;16;14;0
46940;1590;613;14;16;14;0
46941;1605;613;14;16;14;0
46942;1620;613;14;16;14;0
46943;1635;613;14;16;14;0
46944;1650;613;14;16;14;0
46945;1665;613;14;16;14;0
46946;1680;613;14;16;14;0
46947;1695;613;14;16;14;0
46948;1710;613;14;16;14;0
46949;1725;613;14;16;14;0
46950;1740;613;14;16;14;0
46951;1755;613;14;16;14;0
46952;1770;613;14;16;14;0
46953;1785;613;14;16;14;0
46954;1800;613;14;16;14;0
46955;1815;613;14;16;14;0
46956;1830;613;14;16;14;0
46957;1845;613;14;16;14;0
46958;1860;613;14;16;14;0
46959;1875;613;14;16;14;0
46960;1890;613;14;16;14;0
46961;1905;613;14;16;14;0
46962;1920;613;14;16;14;0
46963;1935;613;14;16;14;0
46964;1950;613;14;16;14;0
46965;1965;613;14;16;14;0
46966;1980;613;14;16;14;0
46967;1995;613;14;16;14;0
46968;2010;613;14;16;14;0
46969;2025;613;14;16;14;0
46970;0;630;14;16;14;0
46971;15;630;14;16;14;0
46972;30;630;14;16;14;0
46973;45;630;14;16;14;0
46974;60;630;14;16;14;0
46975;75;630;14;16;14;0
46976;90;630;14;16;14;0
46977;105;630;14;16;14;0
46978;120;630;14;16;14;0
46979;135;630;14;16;14;0
46980;150;630;14;16;14;0
46981;165;630;14;16;14;0
46982;180;630;14;16;14;0
46983;195;630;14;16;14;0
46984;210;630;14;16;14;0
46985;225;630;14;16;14;0
46986;240;630;14;16;14;0
46987;255;630;14;16;14;0
46988;270;630;14;16;14;0
46989;285;630;14;16;14;0
46990;300;630;14;16;14;0
46991;315;630;14;16;14;0
46992;330;630;14;16;14;0
46993;345;630;14;16;14;0
46994;360;630;14;16;14;0
46995;375;630;14;16;14;0
46996;390;630;14;16;14;0
46997;405;630;14;16;14;0
46998;420;630;14;16;14;0
46999;435;630;14;16;14;0
47000;450;630;14;16;14;0
47001;465;630;14;16;14;0
47002;480;630;14;16;14;0
47003;495;630;14;16;14;0
47004;510;630;14;16;14;0
47005;525;630;14;16;14;0
47006;540;630;14;16;14;0
47007;555;630;14;16;14;0
47008;570;630;14;16;14;0
47009;585;630;14;16;14;0
47010;600;630;14;16;14;0
47011;615;630;14;16;14;0
47012;630;630;14;16;14;0
47013;645;630;14;16;14;0
47014;660;630;14;16;14;0
47015;675;630;14;16;14;0
47016;690;630;14;16;14;0
47017;705;630;14;16;14;0
47018;720;630;14;16;14;0
47019;735;630;14;16;14;0
47020;750;630;14;16;14;0
47021;765;630;14;16;14;0
47022;780;630;14;16;14;0
47023;795;630;14;16;14;0
47024;810;630;14;16;14;0
47025;825;630;14;16;14;0
47026;840;630;14;16;14;0
47027;855;630;14;16;14;0
47028;870;630;14;16;14;0
47029;885;630;14;16;14;0
47030;900;630;14;16;14;0
47031;915;630;14;16;14;0
47032;930;630;14;16;14;0
47033;945;630;14;16;14;0
47034;960;630;14;16;14;0
47035;975;630;14;16;14;0
47036;990;630;14;16;14;0
47037;1005;630;14;16;14;0
47038;1020;630;14;16;14;0
47039;1035;630;14;16;14;0
47040;1050;630;14;16;14;0
47041;1065;630;14;16;14;0
47042;1080;630;14;16;14;0
47043;1095;630;14;16;14;0
47044;1110;630;14;16;14;0
47045;1125;630;14;16;14;0
47046;1140;630;14;16;14;0
47047;1155;630;14;16;14;0
47048;1170;630;14;16;14;0
47049;1185;630;14;16;14;0
47050;1200;630;14;16;14;0
47051;1215;630;14;16;14;0
47052;1230;630;14;16;14;0
47053;1245;630;14;16;14;0
47054;1260;630;14;16;14;0
47055;1275;630;14;16;14;0
47056;1290;630;14;16;14;0
47057;1305;630;14;16;14;0
47058;1320;630;14;16;14;0
47059;1335;630;14;16;14;0
47060;1350;630;14;16;14;0
47061;1365;630;14;16;14;0
47062;1380;630;14;16;14;0
47063;1395;630;14;16;14;0
47064;1410;630;14;16;14;0
47065;1425;630;14;16;14;0
47066;1440;630;14;16;14;0
47067;1455;630;14;16;14;0
47068;1470;630;14;16;14;0
47069;1485;630;14;16;14;0
47070;1500;630;14;16;14;0
47071;1515;630;14;16;14;0
47072;1530;630;14;16;14;0
47073;1545;630;14;16;14;0
47074;1560;630;14;16;14;0
47075;1575;630;14;16;14;0
47076;1590;630;14;16;14;0
47077;1605;630;14;16;14;0
47078;1620;630;14;16;14;0
47079;1635;630;14;16;14;0
47080;1650;630;14;16;14;0
47081;1665;630;14;16;14;0
47082;1680;630;14;16;14;0
47083;1695;630;14;16;14;0
47084;1710;630;14;16;14;0
47085;1725;630;14;16;14;0
47086;1740;630;14;16;14;0
47087;1755;630;14;16;14;0
47088;1770;630;14;16;14;0
47089;1785;630;14;16;14;0
47090;1800;630;14;16;14;0
47091;1815;630;14;16;14;0
47092;1830;630;14;16;14;0
47093;1845;630;14;16;14;0
47094;1860;630;14;16;14;0
47095;1875;630;14;16;14;0
47096;1890;630;14;16;14;0
47097;1905;630;14;16;14;0
47098;1920;630;14;16;14;0
47099;1935;630;14;16;14;0
47100;1950;630;14;16;14;0
47101;1965;630;14;16;14;0
47102;1980;630;14;16;14;0
47103;1995;630;14;16;14;0
47104;2010;630;14;16;14;0
47105;2025;630;14;16;14;0
47106;0;647;14;16;14;0
47107;15;647;14;16;14;0
47108;30;647;14;16;14;0
47109;45;647;14;16;14;0
47110;60;647;14;16;14;0
47111;75;647;14;16;14;0
47112;90;647;14;16;14;0
47113;105;647;14;16;14;0
47114;120;647;14;16;14;0
47115;135;647;14;16;14;0
47116;150;647;14;16;14;0
47117;165;647;14;16;14;0
47118;180;647;14;16;14;0
47119;195;647;14;16;14;0
47120;210;647;14;16;14;0
47121;225;647;14;16;14;0
47122;240;647;14;16;14;0
47123;255;647;14;16;14;0
47124;270;647;14;16;14;0
47125;285;647;14;16;14;0
47126;300;647;14;16;14;0
47127;315;647;14;16;14;0
47128;330;647;14;16;14;0
47129;345;647;14;16;14;0
47130;360;647;14;16;14;0
47131;375;647;14;16;14;0
47132;390;647;14;16;14;0
47133;405;647;14;16;14;0
47134;420;647;14;16;14;0
47135;435;647;14;16;14;0
47136;450;647;14;16;14;0
47137;465;647;14;16;14;0
47138;480;647;14;16;14;0
47139;495;647;14;16;14;0
47140;510;647;14;16;14;0
47141;525;647;14;16;14;0
47142;540;647;14;16;14;0
47143;555;647;14;16;14;0
47144;570;647;14;16;14;0
47145;585;647;14;16;14;0
47146;600;647;14;16;14;0
47147;615;647;14;16;14;0
47148;630;647;14;16;14;0
47149;645;647;14;16;14;0
47150;660;647;14;16;14;0
47151;675;647;14;16;14;0
47152;690;647;14;16;14;0
47153;705;647;14;16;14;0
47154;720;647;14;16;14;0
47155;735;647;14;16;14;0
47156;750;647;14;16;14;0
47157;765;647;14;16;14;0
47158;780;647;14;16;14;0
47159;795;647;14;16;14;0
47160;810;647;14;16;14;0
47161;825;647;14;16;14;0
47162;840;647;14;16;14;0
47163;855;647;14;16;14;0
47164;870;647;14;16;14;0
47165;885;647;14;16;14;0
47166;900;647;14;16;14;0
47167;915;647;14;16;14;0
47168;930;647;14;16;14;0
47169;945;647;14;16;14;0
47170;960;647;14;16;14;0
47171;975;647;14;16;14;0
47172;990;647;14;16;14;0
47173;1005;647;14;16;14;0
47174;1020;647;14;16;14;0
47175;1035;647;14;16;14;0
47176;1050;647;14;16;14;0
47177;1065;647;14;16;14;0
47178;1080;647;14;16;14;0
47179;1095;647;14;16;14;0
47180;1110;647;14;16;14;0
47181;1125;647;14;16;14;0
47182;1140;647;14;16;14;0
47183;1155;647;14;16;14;0
47184;1170;647;14;16;14;0
47185;1185;647;14;16;14;0
47186;1200;647;14;16;14;0
47187;1215;647;14;16;14;0
47188;1230;647;14;16;14;0
47189;1245;647;14;16;14;0
47190;1260;647;14;16;14;0
47191;1275;647;14;16;14;0
47192;1290;647;14;16;14;0
47193;1305;647;14;16;14;0
47194;1320;647;14;16;14;0
47195;1335;647;14;16;14;0
47196;1350;647;14;16;14;0
47197;1365;647;14;16;14;0
47198;1380;647;14;16;14;0
47199;1395;647;14;16;14;0
47200;1410;647;14;16;14;0
47201;1425;647;14;16;14;0
47202;1440;647;14;16;14;0
47203;1455;647;14;16;14;0
47204;1470;647;14;16;14;0
47205;1485;647;14;16;14;0
47206;1500;647;14;16;14;0
47207;1515;647;14;16;14;0
47208;1530;647;14;16;14;0
47209;1545;647;14;16;14;0
47210;1560;647;14;16;14;0
47211;1575;647;14;16;14;0
47212;1590;647;14;16;14;0
47213;1605;647;14;16;14;0
47214;1620;647;14;16;14;0
47215;1635;647;14;16;14;0
47216;1650;647;14;16;14;0
47217;1665;647;14;16;14;0
47218;1680;647;14;16;14;0
47219;1695;647;14;16;14;0
47220;1710;647;14;16;14;0
47221;1725;647;14;16;14;0
47222;1740;647;14;16;14;0
47223;1755;647;14;16;14;0
47224;1770;647;14;16;14;0
47225;1785;647;14;16;14;0
47226;1800;647;14;16;14;0
47227;1815;647;14;16;14;0
47228;1830;647;14;16;14;0
47229;1845;647;14;16;14;0
47230;1860;647;14;16;14;0
47231;1875;647;14;16;14;0
47232;1890;647;14;16;14;0
47233;1905;647;14;16;14;0
47234;1920;647;14;16;14;0
47235;1935;647;14;16;14;0
47236;1950;647;14;16;14;0
47237;1965;647;14;16;14;0
47238;1980;647;14;16;14;0
47239;1995;647;14;16;14;0
47240;2010;647;14;16;14;0
47241;2025;647;14;16;14;0
47242;0;664;14;16;14;0
47243;15;664;14;16;14;0
47244;30;664;14;16;14;0
47245;45;664;14;16;14;0
47246;60;664;14;16;14;0
47247;75;664;14;16;14;0
47248;90;664;14;16;14;0
47249;105;664;14;16;14;0
47250;120;664;14;16;14;0
47251;135;664;14;16;14;0
47252;150;664;14;16;14;0
47253;165;664;14;16;14;0
47254;180;664;14;16;14;0
47255;195;664;14;16;14;0
47256;210;664;14;16;14;0
47257;225;664;14;16;14;0
47258;240;664;14;16;14;0
47259;255;664;14;16;14;0
47260;270;664;14;16;14;0
47261;285;664;14;16;14;0
47262;300;664;14;16;14;0
47263;315;664;14;16;14;0
47264;330;664;14;16;14;0
47265;345;664;14;16;14;0
47266;360;664;14;16;14;0
47267;375;664;14;16;14;0
47268;390;664;14;16;14;0
47269;405;664;14;16;14;0
47270;420;664;14;16;14;0
47271;435;664;14;16;14;0
47272;450;664;14;16;14;0
47273;465;664;14;16;14;0
47274;480;664;14;16;14;0
47275;495;664;14;16;14;0
47276;510;664;14;16;14;0
47277;525;664;14;16;14;0
47278;540;664;14;16;14;0
47279;555;664;14;16;14;0
47280;570;664;14;16;14;0
47281;585;664;14;16;14;0
47282;600;664;14;16;14;0
47283;615;664;14;16;14;0
47284;630;664;14;16;14;0
47285;645;664;14;16;14;0
47286;660;664;14;16;14;0
47287;675;664;14;16;14;0
47288;690;664;14;16;14;0
47289;705;664;14;16;14;0
47290;720;664;14;16;14;0
47291;735;664;14;16;14;0
47292;750;664;14;16;14;0
47293;765;664;14;16;14;0
47294;780;664;14;16;14;0
47295;795;664;14;16;14;0
47296;810;664;14;16;14;0
47297;825;664;14;16;14;0
47298;840;664;14;16;14;0
47299;855;664;14;16;14;0
47300;870;664;14;16;14;0
47301;885;664;14;16;14;0
47302;900;664;14;16;14;0
47303;915;664;14;16;14;0
47304;930;664;14;16;14;0
47305;945;664;14;16;14;0
47306;960;664;14;16;14;0
47307;975;664;14;16;14;0
47308;990;664;14;16;14;0
47309;1005;664;14;16;14;0
47310;1020;664;14;16;14;0
47311;1035;664;14;16;14;0
47312;1050;664;14;16;14;0
47313;1065;664;14;16;14;0
47314;1080;664;14;16;14;0
47315;1095;664;14;16;14;0
47316;1110;664;14;16;14;0
47317;1125;664;14;16;14;0
47318;1140;664;14;16;14;0
47319;1155;664;14;16;14;0
47320;1170;664;14;16;14;0
47321;1185;664;14;16;14;0
47322;1200;664;14;16;14;0
47323;1215;664;14;16;14;0
47324;1230;664;14;16;14;0
47325;1245;664;14;16;14;0
47326;1260;664;14;16;14;0
47327;1275;664;14;16;14;0
47328;1290;664;14;16;14;0
47329;1305;664;14;16;14;0
47330;1320;664;14;16;14;0
47331;1335;664;14;16;14;0
47332;1350;664;14;16;14;0
47333;1365;664;14;16;14;0
47334;1380;664;14;16;14;0
47335;1395;664;14;16;14;0
47336;1410;664;14;16;14;0
47337;1425;664;14;16;14;0
47338;1440;664;14;16;14;0
47339;1455;664;14;16;14;0
47340;1470;664;14;16;14;0
47341;1485;664;14;16;14;0
47342;1500;664;14;16;14;0
47343;1515;664;14;16;14;0
47344;1530;664;14;16;14;0
47345;1545;664;14;16;14;0
47346;1560;664;14;16;14;0
47347;1575;664;14;16;14;0
47348;1590;664;14;16;14;0
47349;1605;664;14;16;14;0
47350;1620;664;14;16;14;0
47351;1635;664;14;16;14;0
47352;1650;664;14;16;14;0
47353;1665;664;14;16;14;0
47354;1680;664;14;16;14;0
47355;1695;664;14;16;14;0
47356;1710;664;14;16;14;0
47357;1725;664;14;16;14;0
47358;1740;664;14;16;14;0
47359;1755;664;14;16;14;0
47360;1770;664;14;16;14;0
47361;1785;664;14;16;14;0
47362;1800;664;14;16;14;0
47363;1815;664;14;16;14;0
47364;1830;664;14;16;14;0
47365;1845;664;14;16;14;0
47366;1860;664;14;16;14;0
47367;1875;664;14;16;14;0
47368;1890;664;14;16;14;0
47369;1905;664;14;16;14;0
47370;1920;664;14;16;14;0
47371;1935;664;14;16;14;0
47372;1950;664;14;16;14;0
47373;1965;664;14;16;14;0
47374;1980;664;14;16;14;0
47375;1995;664;14;16;14;0
47376;2010;664;14;16;14;0
47377;2025;664;14;16;14;0
47378;0;681;14;16;14;0
47379;15;681;14;16;14;0
47380;30;681;14;16;14;0
47381;45;681;14;16;14;0
47382;60;681;14;16;14;0
47383;75;681;14;16;14;0
47384;90;681;14;16;14;0
47385;105;681;14;16;14;0
47386;120;681;14;16;14;0
47387;135;681;14;16;14;0
47388;150;681;14;16;14;0
47389;165;681;14;16;14;0
47390;180;681;14;16;14;0
47391;195;681;14;16;14;0
47392;210;681;14;16;14;0
47393;225;681;14;16;14;0
47394;240;681;14;16;14;0
47395;255;681;14;16;14;0
47396;270;681;14;16;14;0
47397;285;681;14;16;14;0
47398;300;681;14;16;14;0
47399;315;681;14;16;14;0
47400;330;681;14;16;14;0
47401;345;681;14;16;14;0
47402;360;681;14;16;14;0
47403;375;681;14;16;14;0
47404;390;681;14;16;14;0
47405;405;681;14;16;14;0
47406;420;681;14;16;14;0
47407;435;681;14;16;14;0
47408;450;681;14;16;14;0
47409;465;681;14;16;14;0
47410;480;681;14;16;14;0
47411;495;681;14;16;14;0
47412;510;681;14;16;14;0
47413;525;681;14;16;14;0
47414;540;681;14;16;14;0
47415;555;681;14;16;14;0
47416;570;681;14;16;14;0
47417;585;681;14;16;14;0
47418;600;681;14;16;14;0
47419;615;681;14;16;14;0
47420;630;681;14;16;14;0
47421;645;681;14;16;14;0
47422;660;681;14;16;14;0
47423;675;681;14;16;14;0
47424;690;681;14;16;14;0
47425;705;681;14;16;14;0
47426;720;681;14;16;14;0
47427;735;681;14;16;14;0
47428;750;681;14;16;14;0
47429;765;681;14;16;14;0
47430;780;681;14;16;14;0
47431;795;681;14;16;14;0
47432;810;681;14;16;14;0
47433;825;681;14;16;14;0
47434;840;681;14;16;14;0
47435;855;681;14;16;14;0
47436;870;681;14;16;14;0
47437;885;681;14;16;14;0
47438;900;681;14;16;14;0
47439;915;681;14;16;14;0
47440;930;681;14;16;14;0
47441;945;681;14;16;14;0
47442;960;681;14;16;14;0
47443;975;681;14;16;14;0
47444;990;681;14;16;14;0
47445;1005;681;14;16;14;0
47446;1020;681;14;16;14;0
47447;1035;681;14;16;14;0
47448;1050;681;14;16;14;0
47449;1065;681;14;16;14;0
47450;1080;681;14;16;14;0
47451;1095;681;14;16;14;0
47452;1110;681;14;16;14;0
47453;1125;681;14;16;14;0
47454;1140;681;14;16;14;0
47455;1155;681;14;16;14;0
47456;1170;681;14;16;14;0
47457;1185;681;14;16;14;0
47458;1200;681;14;16;14;0
47459;1215;681;14;16;14;0
47460;1230;681;14;16;14;0
47461;1245;681;14;16;14;0
47462;1260;681;14;16;14;0
47463;1275;681;14;16;14;0
47464;1290;681;14;16;14;0
47465;1305;681;14;16;14;0
47466;1320;681;14;16;14;0
47467;1335;681;14;16;14;0
47468;1350;681;14;16;14;0
47469;1365;681;14;16;14;0
47470;1380;681;14;16;14;0
47471;1395;681;14;16;14;0
47472;1410;681;14;16;14;0
47473;1425;681;14;16;14;0
47474;1440;681;14;16;14;0
47475;1455;681;14;16;14;0
47476;1470;681;14;16;14;0
47477;1485;681;14;16;14;0
47478;1500;681;14;16;14;0
47479;1515;681;14;16;14;0
47480;1530;681;14;16;14;0
47481;1545;681;14;16;14;0
47482;1560;681;14;16;14;0
47483;1575;681;14;16;14;0
47484;1590;681;14;16;14;0
47485;1605;681;14;16;14;0
47486;1620;681;14;16;14;0
47487;1635;681;14;16;14;0
47488;1650;681;14;16;14;0
47489;1665;681;14;16;14;0
47490;1680;681;14;16;14;0
47491;1695;681;14;16;14;0
47492;1710;681;14;16;14;0
47493;1725;681;14;16;14;0
47494;1740;681;14;16;14;0
47495;1755;681;14;16;14;0
47496;1770;681;14;16;14;0
47497;1785;681;14;16;14;0
47498;1800;681;14;16;14;0
47499;1815;681;14;16;14;0
47500;1830;681;14;16;14;0
47501;1845;681;14;16;14;0
47502;1860;681;14;16;14;0
47503;1875;681;14;16;14;0
47504;1890;681;14;16;14;0
47505;1905;681;14;16;14;0
47506;1920;681;14;16;14;0
47507;1935;681;14;16;14;0
47508;1950;681;14;16;14;0
47509;1965;681;14;16;14;0
47510;1980;681;14;16;14;0
47511;1995;681;14;16;14;0
47512;2010;681;14;16;14;0
47513;2025;681;14;16;14;0
47514;0;698;14;16;14;0
47515;15;698;14;16;14;0
47516;30;698;14;16;14;0
47517;45;698;14;16;14;0
47518;60;698;14;16;14;0
47519;75;698;14;16;14;0
47520;90;698;14;16;14;0
47521;105;698;14;16;14;0
47522;120;698;14;16;14;0
47523;135;698;14;16;14;0
47524;150;698;14;16;14;0
47525;165;698;14;16;14;0
47526;180;698;14;16;14;0
47527;195;698;14;16;14;0
47528;210;698;14;16;14;0
47529;225;698;14;16;14;0
47530;240;698;14;16;14;0
47531;255;698;14;16;14;0
47532;270;698;14;16;14;0
47533;285;698;14;16;14;0
47534;300;698;14;16;14;0
47535;315;698;14;16;14;0
47536;330;698;14;16;14;0
47537;345;698;14;16;14;0
47538;360;698;14;16;14;0
47539;375;698;14;16;14;0
47540;390;698;14;16;14;0
47541;405;698;14;16;14;0
47542;420;698;14;16;14;0
47543;435;698;14;16;14;0
47544;450;698;14;16;14;0
47545;465;698;14;16;14;0
47546;480;698;14;16;14;0
47547;495;698;14;16;14;0
47548;510;698;14;16;14;0
47549;525;698;14;16;14;0
47550;540;698;14;16;14;0
47551;555;698;14;16;14;0
47552;570;698;14;16;14;0
47553;585;698;14;16;14;0
47554;600;698;14;16;14;0
47555;615;698;14;16;14;0
47556;630;698;14;16;14;0
47557;645;698;14;16;14;0
47558;660;698;14;16;14;0
47559;675;698;14;16;14;0
47560;690;698;14;16;14;0
47561;705;698;14;16;14;0
47562;720;698;14;16;14;0
47563;735;698;14;16;14;0
47564;750;698;14;16;14;0
47565;765;698;14;16;14;0
47566;780;698;14;16;14;0
47567;795;698;14;16;14;0
47568;810;698;14;16;14;0
47569;825;698;14;16;14;0
47570;840;698;14;16;14;0
47571;855;698;14;16;14;0
47572;870;698;14;16;14;0
47573;885;698;14;16;14;0
47574;900;698;14;16;14;0
47575;915;698;14;16;14;0
47576;930;698;14;16;14;0
47577;945;698;14;16;14;0
47578;960;698;14;16;14;0
47579;975;698;14;16;14;0
47580;990;698;14;16;14;0
47581;1005;698;14;16;14;0
47582;1020;698;14;16;14;0
47583;1035;698;14;16;14;0
47584;1050;698;14;16;14;0
47585;1065;698;14;16;14;0
47586;1080;698;14;16;14;0
47587;1095;698;14;16;14;0
47588;1110;698;14;16;14;0
47589;1125;698;14;16;14;0
47590;1140;698;14;16;14;0
47591;1155;698;14;16;14;0
47592;1170;698;14;16;14;0
47593;1185;698;14;16;14;0
47594;1200;698;14;16;14;0
47595;1215;698;14;16;14;0
47596;1230;698;14;16;14;0
47597;1245;698;14;16;14;0
47598;1260;698;14;16;14;0
47599;1275;698;14;16;14;0
47600;1290;698;14;16;14;0
47601;1305;698;14;16;14;0
47602;1320;698;14;16;14;0
47603;1335;698;14;16;14;0
47604;1350;698;14;16;14;0
47605;1365;698;14;16;14;0
47606;1380;698;14;16;14;0
47607;1395;698;14;16;14;0
47608;1410;698;14;16;14;0
47609;1425;698;14;16;14;0
47610;1440;698;14;16;14;0
47611;1455;698;14;16;14;0
47612;1470;698;14;16;14;0
47613;1485;698;14;16;14;0
47614;1500;698;14;16;14;0
47615;1515;698;14;16;14;0
47616;1530;698;14;16;14;0
47617;1545;698;14;16;14;0
47618;1560;698;14;16;14;0
47619;1575;698;14;16;14;0
47620;1590;698;14;16;14;0
47621;1605;698;14;16;14;0
47622;1620;698;14;16;14;0
47623;1635;698;14;16;14;0
47624;1650;698;14;16;14;0
47625;1665;698;14;16;14;0
47626;1680;698;14;16;14;0
47627;1695;698;14;16;14;0
47628;1710;698;14;16;14;0
47629;1725;698;14;16;14;0
47630;1740;698;14;16;14;0
47631;1755;698;14;16;14;0
47632;1770;698;14;16;14;0
47633;1785;698;14;16;14;0
47634;1800;698;14;16;14;0
47635;1815;698;14;16;14;0
47636;1830;698;14;16;14;0
47637;1845;698;14;16;14;0
47638;1860;698;14;16;14;0
47639;1875;698;14;16;14;0
47640;1890;698;14;16;14;0
47641;1905;698;14;16;14;0
47642;1920;698;14;16;14;0
47643;1935;698;14;16;14;0
47644;1950;698;14;16;14;0
47645;1965;698;14;16;14;0
47646;1980;698;14;16;14;0
47647;1995;698;14;16;14;0
47648;2010;698;14;16;14;0
47649;2025;698;14;16;14;0
47650;0;715;14;16;14;0
47651;15;715;14;16;14;0
47652;30;715;14;16;14;0
47653;45;715;14;16;14;0
47654;60;715;14;16;14;0
47655;75;715;14;16;14;0
47656;90;715;14;16;14;0
47657;105;715;14;16;14;0
47658;120;715;14;16;14;0
47659;135;715;14;16;14;0
47660;150;715;14;16;14;0
47661;165;715;14;16;14;0
47662;180;715;14;16;14;0
47663;195;715;14;16;14;0
47664;210;715;14;16;14;0
47665;225;715;14;16;14;0
47666;240;715;14;16;14;0
47667;255;715;14;16;14;0
47668;270;715;14;16;14;0
47669;285;715;14;16;14;0
47670;300;715;14;16;14;0
47671;315;715;14;16;14;0
47672;330;715;14;16;14;0
47673;345;715;14;16;14;0
47674;360;715;14;16;14;0
47675;375;715;14;16;14;0
47676;390;715;14;16;14;0
47677;405;715;14;16;14;0
47678;420;715;14;16;14;0
47679;435;715;14;16;14;0
47680;450;715;14;16;14;0
47681;465;715;14;16;14;0
47682;480;715;14;16;14;0
47683;495;715;14;16;14;0
47684;510;715;14;16;14;0
47685;525;715;14;16;14;0
47686;540;715;14;16;14;0
47687;555;715;14;16;14;0
47688;570;715;14;16;14;0
47689;585;715;14;16;14;0
47690;600;715;14;16;14;0
47691;615;715;14;16;14;0
47692;630;715;14;16;14;0
47693;645;715;14;16;14;0
47694;660;715;14;16;14;0
47695;675;715;14;16;14;0
47696;690;715;14;16;14;0
47697;705;715;14;16;14;0
47698;720;715;14;16;14;0
47699;735;715;14;16;14;0
47700;750;715;14;16;14;0
47701;765;715;14;16;14;0
47702;780;715;14;16;14;0
47703;795;715;14;16;14;0
47704;810;715;14;16;14;0
47705;825;715;14;16;14;0
47706;840;715;14;16;14;0
47707;855;715;14;16;14;0
47708;870;715;14;16;14;0
47709;885;715;14;16;14;0
47710;900;715;14;16;14;0
47711;915;715;14;16;14;0
47712;930;715;14;16;14;0
47713;945;715;14;16;14;0
47714;960;715;14;16;14;0
47715;975;715;14;16;14;0
47716;990;715;14;16;14;0
47717;1005;715;14;16;14;0
47718;1020;715;14;16;14;0
47719;1035;715;14;16;14;0
47720;1050;715;14;16;14;0
47721;1065;715;14;16;14;0
47722;1080;715;14;16;14;0
47723;1095;715;14;16;14;0
47724;1110;715;14;16;14;0
47725;1125;715;14;16;14;0
47726;1140;715;14;16;14;0
47727;1155;715;14;16;14;0
47728;1170;715;14;16;14;0
47729;1185;715;14;16;14;0
47730;1200;715;14;16;14;0
47731;1215;715;14;16;14;0
47732;1230;715;14;16;14;0
47733;1245;715;14;16;14;0
47734;1260;715;14;16;14;0
47735;1275;715;14;16;14;0
47736;1290;715;14;16;14;0
47737;1305;715;14;16;14;0
47738;1320;715;14;16;14;0
47739;1335;715;14;16;14;0
47740;1350;715;14;16;14;0
47741;1365;715;14;16;14;0
47742;1380;715;14;16;14;0
47743;1395;715;14;16;14;0
47744;1410;715;14;16;14;0
47745;1425;715;14;16;14;0
47746;1440;715;14;16;14;0
47747;1455;715;14;16;14;0
47748;1470;715;14;16;14;0
47749;1485;715;14;16;14;0
47750;1500;715;14;16;14;0
47751;1515;715;14;16;14;0
47752;1530;715;14;16;14;0
47753;1545;715;14;16;14;0
47754;1560;715;14;16;14;0
47755;1575;715;14;16;14;0
47756;1590;715;14;16;14;0
47757;1605;715;14;16;14;0
47758;1620;715;14;16;14;0
47759;1635;715;14;16;14;0
47760;1650;715;14;16;14;0
47761;1665;715;14;16;14;0
47762;1680;715;14;16;14;0
47763;1695;715;14;16;14;0
47764;1710;715;14;16;14;0
47765;1725;715;14;16;14;0
47766;1740;715;14;16;14;0
47767;1755;715;14;16;14;0
47768;1770;715;14;16;14;0
47769;1785;715;14;16;14;0
47770;1800;715;14;16;14;0
47771;1815;715;14;16;14;0
47772;1830;715;14;16;14;0
47773;1845;715;14;16;14;0
47774;1860;715;14;16;14;0
47775;1875;715;14;16;14;0
47776;1890;715;14;16;14;0
47777;1905;715;14;16;14;0
47778;1920;715;14;16;14;0
47779;1935;715;14;16;14;0
47780;1950;715;14;16;14;0
47781;1965;715;14;16;14;0
47782;1980;715;14;16;14;0
47783;1995;715;14;16;14;0
47784;2010;715;14;16;14;0
47785;2025;715;14;16;14;0
47786;0;732;14;16;14;0
47787;15;732;14;16;14;0
47788;30;732;14;16;14;0
47789;45;732;14;16;14;0
47790;60;732;14;16;14;0
47791;75;732;14;16;14;0
47792;90;732;14;16;14;0
47793;105;732;14;16;14;0
47794;120;732;14;16;14;0
47795;135;732;14;16;14;0
47796;150;732;14;16;14;0
47797;165;732;14;16;14;0
47798;180;732;14;16;14;0
47799;195;732;14;16;14;0
47800;210;732;14;16;14;0
47801;225;732;14;16;14;0
47802;240;732;14;16;14;0
47803;255;732;14;16;14;0
47804;270;732;14;16;14;0
47805;285;732;14;16;14;0
47806;300;732;14;16;14;0
47807;315;732;14;16;14;0
47808;330;732;14;16;14;0
47809;345;732;14;16;14;0
47810;360;732;14;16;14;0
47811;375;732;14;16;14;0
47812;390;732;14;16;14;0
47813;405;732;14;16;14;0
47814;420;732;14;16;14;0
47815;435;732;14;16;14;0
47816;450;732;14;16;14;0
47817;465;732;14;16;14;0
47818;480;732;14;16;14;0
47819;495;732;14;16;14;0
47820;510;732;14;16;14;0
47821;525;732;14;16;14;0
47822;540;732;14;16;14;0
47823;555;732;14;16;14;0
47824;570;732;14;16;14;0
47825;585;732;14;16;14;0
47826;600;732;14;16;14;0
47827;615;732;14;16;14;0
47828;630;732;14;16;14;0
47829;645;732;14;16;14;0
47830;660;732;14;16;14;0
47831;675;732;14;16;14;0
47832;690;732;14;16;14;0
47833;705;732;14;16;14;0
47834;720;732;14;16;14;0
47835;735;732;14;16;14;0
47836;750;732;14;16;14;0
47837;765;732;14;16;14;0
47838;780;732;14;16;14;0
47839;795;732;14;16;14;0
47840;810;732;14;16;14;0
47841;825;732;14;16;14;0
47842;840;732;14;16;14;0
47843;855;732;14;16;14;0
47844;870;732;14;16;14;0
47845;885;732;14;16;14;0
47846;900;732;14;16;14;0
47847;915;732;14;16;14;0
47848;930;732;14;16;14;0
47849;945;732;14;16;14;0
47850;960;732;14;16;14;0
47851;975;732;14;16;14;0
47852;990;732;14;16;14;0
47853;1005;732;14;16;14;0
47854;1020;732;14;16;14;0
47855;1035;732;14;16;14;0
47856;1050;732;14;16;14;0
47857;1065;732;14;16;14;0
47858;1080;732;14;16;14;0
47859;1095;732;14;16;14;0
47860;1110;732;14;16;14;0
47861;1125;732;14;16;14;0
47862;1140;732;14;16;14;0
47863;1155;732;14;16;14;0
47864;1170;732;14;16;14;0
47865;1185;732;14;16;14;0
47866;1200;732;14;16;14;0
47867;1215;732;14;16;14;0
47868;1230;732;14;16;14;0
47869;1245;732;14;16;14;0
47870;1260;732;14;16;14;0
47871;1275;732;14;16;14;0
47872;1290;732;14;16;14;0
47873;1305;732;14;16;14;0
47874;1320;732;14;16;14;0
47875;1335;732;14;16;14;0
47876;1350;732;14;16;14;0
47877;1365;732;14;16;14;0
47878;1380;732;14;16;14;0
47879;1395;732;14;16;14;0
47880;1410;732;14;16;14;0
47881;1425;732;14;16;14;0
47882;1440;732;14;16;14;0
47883;1455;732;14;16;14;0
47884;1470;732;14;16;14;0
47885;1485;732;14;16;14;0
47886;1500;732;14;16;14;0
47887;1515;732;14;16;14;0
47888;1530;732;14;16;14;0
47889;1545;732;14;16;14;0
47890;1560;732;14;16;14;0
47891;1575;732;14;16;14;0
47892;1590;732;14;16;14;0
47893;1605;732;14;16;14;0
47894;1620;732;14;16;14;0
47895;1635;732;14;16;14;0
47896;1650;732;14;16;14;0
47897;1665;732;14;16;14;0
47898;1680;732;14;16;14;0
47899;1695;732;14;16;14;0
47900;1710;732;14;16;14;0
47901;1725;732;14;16;14;0
47902;1740;732;14;16;14;0
47903;1755;732;14;16;14;0
47904;1770;732;14;16;14;0
47905;1785;732;14;16;14;0
47906;1800;732;14;16;14;0
47907;1815;732;14;16;14;0
47908;1830;732;14;16;14;0
47909;1845;732;14;16;14;0
47910;1860;732;14;16;14;0
47911;1875;732;14;16;14;0
47912;1890;732;14;16;14;0
47913;1905;732;14;16;14;0
47914;1920;732;14;16;14;0
47915;1935;732;14;16;14;0
47916;1950;732;14;16;14;0
47917;1965;732;14;16;14;0
47918;1980;732;14;16;14;0
47919;1995;732;14;16;14;0
47920;2010;732;14;16;14;0
47921;2025;732;14;16;14;0
47922;0;749;14;16;14;0
47923;15;749;14;16;14;0
47924;30;749;14;16;14;0
47925;45;749;14;16;14;0
47926;60;749;14;16;14;0
47927;75;749;14;16;14;0
47928;90;749;14;16;14;0
47929;105;749;14;16;14;0
47930;120;749;14;16;14;0
47931;135;749;14;16;14;0
47932;150;749;14;16;14;0
47933;165;749;14;16;14;0
47934;180;749;14;16;14;0
47935;195;749;14;16;14;0
47936;210;749;14;16;14;0
47937;225;749;14;16;14;0
47938;240;749;14;16;14;0
47939;255;749;14;16;14;0
47940;270;749;14;16;14;0
47941;285;749;14;16;14;0
47942;300;749;14;16;14;0
47943;315;749;14;16;14;0
47944;330;749;14;16;14;0
47945;345;749;14;16;14;0
47946;360;749;14;16;14;0
47947;375;749;14;16;14;0
47948;390;749;14;16;14;0
47949;405;749;14;16;14;0
47950;420;749;14;16;14;0
47951;435;749;14;16;14;0
47952;450;749;14;16;14;0
47953;465;749;14;16;14;0
47954;480;749;14;16;14;0
47955;495;749;14;16;14;0
47956;510;749;14;16;14;0
47957;525;749;14;16;14;0
47958;540;749;14;16;14;0
47959;555;749;14;16;14;0
47960;570;749;14;16;14;0
47961;585;749;14;16;14;0
47962;600;749;14;16;14;0
47963;615;749;14;16;14;0
47964;630;749;14;16;14;0
47965;645;749;14;16;14;0
47966;660;749;14;16;14;0
47967;675;749;14;16;14;0
47968;690;749;14;16;14;0
47969;705;749;14;16;14;0
47970;720;749;14;16;14;0
47971;735;749;14;16;14;0
47972;750;749;14;16;14;0
47973;765;749;14;16;14;0
47974;780;749;14;16;14;0
47975;795;749;14;16;14;0
47976;810;749;14;16;14;0
47977;825;749;14;16;14;0
47978;840;749;14;16;14;0
47979;855;749;14;16;14;0
47980;870;749;14;16;14;0
47981;885;749;14;16;14;0
47982;900;749;14;16;14;0
47983;915;749;14;16;14;0
47984;930;749;14;16;14;0
47985;945;749;14;16;14;0
47986;960;749;14;16;14;0
47987;975;749;14;16;14;0
47988;990;749;14;16;14;0
47989;1005;749;14;16;14;0
47990;1020;749;14;16;14;0
47991;1035;749;14;16;14;0
47992;1050;749;14;16;14;0
47993;1065;749;14;16;14;0
47994;1080;749;14;16;14;0
47995;1095;749;14;16;14;0
47996;1110;749;14;16;14;0
47997;1125;749;14;16;14;0
47998;1140;749;14;16;14;0
47999;1155;749;14;16;14;0
48000;1170;749;14;16;14;0
48001;1185;749;14;16;14;0
48002;1200;749;14;16;14;0
48003;1215;749;14;16;14;0
48004;1230;749;14;16;14;0
48005;1245;749;14;16;14;0
48006;1260;749;14;16;14;0
48007;1275;749;14;16;14;0
48008;1290;749;14;16;14;0
48009;1305;749;14;16;14;0
48010;1320;749;14;16;14;0
48011;1335;749;14;16;14;0
48012;1350;749;14;16;14;0
48013;1365;749;14;16;14;0
48014;1380;749;14;16;14;0
48015;1395;749;14;16;14;0
48016;1410;749;14;16;14;0
48017;1425;749;14;16;14;0
48018;1440;749;14;16;14;0
48019;1455;749;14;16;14;0
48020;1470;749;14;16;14;0
48021;1485;749;14;16;14;0
48022;1500;749;14;16;14;0
48023;1515;749;14;16;14;0
48024;1530;749;14;16;14;0
48025;1545;749;14;16;14;0
48026;1560;749;14;16;14;0
48027;1575;749;14;16;14;0
48028;1590;749;14;16;14;0
48029;1605;749;14;16;14;0
48030;1620;749;14;16;14;0
48031;1635;749;14;16;14;0
48032;1650;749;14;16;14;0
48033;1665;749;14;16;14;0
48034;1680;749;14;16;14;0
48035;1695;749;14;16;14;0
48036;1710;749;14;16;14;0
48037;1725;749;14;16;14;0
48038;1740;749;14;16;14;0
48039;1755;749;14;16;14;0
48040;1770;749;14;16;14;0
48041;1785;749;14;16;14;0
48042;1800;749;14;16;14;0
48043;1815;749;14;16;14;0
48044;1830;749;14;16;14;0
48045;1845;749;14;16;14;0
48046;1860;749;14;16;14;0
48047;1875;749;14;16;14;0
48048;1890;749;14;16;14;0
48049;1905;749;14;16;14;0
48050;1920;749;14;16;14;0
48051;1935;749;14;16;14;0
48052;1950;749;14;16;14;0
48053;1965;749;14;16;14;0
48054;1980;749;14;16;14;0
48055;1995;749;14;16;14;0
48056;2010;749;14;16;14;0
48057;2025;749;14;16;14;0
48058;0;766;14;16;14;0
48059;15;766;14;16;14;0
48060;30;766;14;16;14;0
48061;45;766;14;16;14;0
48062;60;766;14;16;14;0
48063;75;766;14;16;14;0
48064;90;766;14;16;14;0
48065;105;766;14;16;14;0
48066;120;766;14;16;14;0
48067;135;766;14;16;14;0
48068;150;766;14;16;14;0
48069;165;766;14;16;14;0
48070;180;766;14;16;14;0
48071;195;766;14;16;14;0
48072;210;766;14;16;14;0
48073;225;766;14;16;14;0
48074;240;766;14;16;14;0
48075;255;766;14;16;14;0
48076;270;766;14;16;14;0
48077;285;766;14;16;14;0
48078;300;766;14;16;14;0
48079;315;766;14;16;14;0
48080;330;766;14;16;14;0
48081;345;766;14;16;14;0
48082;360;766;14;16;14;0
48083;375;766;14;16;14;0
48084;390;766;14;16;14;0
48085;405;766;14;16;14;0
48086;420;766;14;16;14;0
48087;435;766;14;16;14;0
48088;450;766;14;16;14;0
48089;465;766;14;16;14;0
48090;480;766;14;16;14;0
48091;495;766;14;16;14;0
48092;510;766;14;16;14;0
48093;525;766;14;16;14;0
48094;540;766;14;16;14;0
48095;555;766;14;16;14;0
48096;570;766;14;16;14;0
48097;585;766;14;16;14;0
48098;600;766;14;16;14;0
48099;615;766;14;16;14;0
48100;630;766;14;16;14;0
48101;645;766;14;16;14;0
48102;660;766;14;16;14;0
48103;675;766;14;16;14;0
48104;690;766;14;16;14;0
48105;705;766;14;16;14;0
48106;720;766;14;16;14;0
48107;735;766;14;16;14;0
48108;750;766;14;16;14;0
48109;765;766;14;16;14;0
48110;780;766;14;16;14;0
48111;795;766;14;16;14;0
48112;810;766;14;16;14;0
48113;825;766;14;16;14;0
48114;840;766;14;16;14;0
48115;855;766;14;16;14;0
48116;870;766;14;16;14;0
48117;885;766;14;16;14;0
48118;900;766;14;16;14;0
48119;915;766;14;16;14;0
48120;930;766;14;16;14;0
48121;945;766;14;16;14;0
48122;960;766;14;16;14;0
48123;975;766;14;16;14;0
48124;990;766;14;16;14;0
48125;1005;766;14;16;14;0
48126;1020;766;14;16;14;0
48127;1035;766;14;16;14;0
48128;1050;766;14;16;14;0
48129;1065;766;14;16;14;0
48130;1080;766;14;16;14;0
48131;1095;766;14;16;14;0
48132;1110;766;14;16;14;0
48133;1125;766;14;16;14;0
48134;1140;766;14;16;14;0
48135;1155;766;14;16;14;0
48136;1170;766;14;16;14;0
48137;1185;766;14;16;14;0
48138;1200;766;14;16;14;0
48139;1215;766;14;16;14;0
48140;1230;766;14;16;14;0
48141;1245;766;14;16;14;0
48142;1260;766;14;16;14;0
48143;1275;766;14;16;14;0
48144;1290;766;14;16;14;0
48145;1305;766;14;16;14;0
48146;1320;766;14;16;14;0
48147;1335;766;14;16;14;0
48148;1350;766;14;16;14;0
48149;1365;766;14;16;14;0
48150;1380;766;14;16;14;0
48151;1395;766;14;16;14;0
48152;1410;766;14;16;14;0
48153;1425;766;14;16;14;0
48154;1440;766;14;16;14;0
48155;1455;766;14;16;14;0
48156;1470;766;14;16;14;0
48157;1485;766;14;16;14;0
48158;1500;766;14;16;14;0
48159;1515;766;14;16;14;0
48160;1530;766;14;16;14;0
48161;1545;766;14;16;14;0
48162;1560;766;14;16;14;0
48163;1575;766;14;16;14;0
48164;1590;766;14;16;14;0
48165;1605;766;14;16;14;0
48166;1620;766;14;16;14;0
48167;1635;766;14;16;14;0
48168;1650;766;14;16;14;0
48169;1665;766;14;16;14;0
48170;1680;766;14;16;14;0
48171;1695;766;14;16;14;0
48172;1710;766;14;16;14;0
48173;1725;766;14;16;14;0
48174;1740;766;14;16;14;0
48175;1755;766;14;16;14;0
48176;1770;766;14;16;14;0
48177;1785;766;14;16;14;0
48178;1800;766;14;16;14;0
48179;1815;766;14;16;14;0
48180;1830;766;14;16;14;0
48181;1845;766;14;16;14;0
48182;1860;766;14;16;14;0
48183;1875;766;14;16;14;0
48184;1890;766;14;16;14;0
48185;1905;766;14;16;14;0
48186;1920;766;14;16;14;0
48187;1935;766;14;16;14;0
48188;1950;766;14;16;14;0
48189;1965;766;14;16;14;0
48190;1980;766;14;16;14;0
48191;1995;766;14;16;14;0
48192;2010;766;14;16;14;0
48193;2025;766;14;16;14;0
48194;0;783;14;16;14;0
48195;15;783;14;16;14;0
48196;30;783;14;16;14;0
48197;45;783;14;16;14;0
48198;60;783;14;16;14;0
48199;75;783;14;16;14;0
48200;90;783;14;16;14;0
48201;105;783;14;16;14;0
48202;120;783;14;16;14;0
48203;135;783;14;16;14;0
48204;150;783;14;16;14;0
48205;165;783;14;16;14;0
48206;180;783;14;16;14;0
48207;195;783;14;16;14;0
48208;210;783;14;16;14;0
48209;225;783;14;16;14;0
48210;240;783;14;16;14;0
48211;255;783;14;16;14;0
48212;270;783;14;16;14;0
48213;285;783;14;16;14;0
48214;300;783;14;16;14;0
48215;315;783;14;16;14;0
48216;330;783;14;16;14;0
48217;345;783;14;16;14;0
48218;360;783;14;16;14;0
48219;375;783;14;16;14;0
48220;390;783;14;16;14;0
48221;405;783;14;16;14;0
48222;420;783;14;16;14;0
48223;435;783;14;16;14;0
48224;450;783;14;16;14;0
48225;465;783;14;16;14;0
48226;480;783;14;16;14;0
48227;495;783;14;16;14;0
48228;510;783;14;16;14;0
48229;525;783;14;16;14;0
48230;540;783;14;16;14;0
48231;555;783;14;16;14;0
48232;570;783;14;16;14;0
48233;585;783;14;16;14;0
48234;600;783;14;16;14;0
48235;615;783;14;16;14;0
48236;630;783;14;16;14;0
48237;645;783;14;16;14;0
48238;660;783;14;16;14;0
48239;675;783;14;16;14;0
48240;690;783;14;16;14;0
48241;705;783;14;16;14;0
48242;720;783;14;16;14;0
48243;735;783;14;16;14;0
48244;750;783;14;16;14;0
48245;765;783;14;16;14;0
48246;780;783;14;16;14;0
48247;795;783;14;16;14;0
48248;810;783;14;16;14;0
48249;825;783;14;16;14;0
48250;840;783;14;16;14;0
48251;855;783;14;16;14;0
48252;870;783;14;16;14;0
48253;885;783;14;16;14;0
48254;900;783;14;16;14;0
48255;915;783;14;16;14;0
48256;930;783;14;16;14;0
48257;945;783;14;16;14;0
48258;960;783;14;16;14;0
48259;975;783;14;16;14;0
48260;990;783;14;16;14;0
48261;1005;783;14;16;14;0
48262;1020;783;14;16;14;0
48263;1035;783;14;16;14;0
48264;1050;783;14;16;14;0
48265;1065;783;14;16;14;0
48266;1080;783;14;16;14;0
48267;1095;783;14;16;14;0
48268;1110;783;14;16;14;0
48269;1125;783;14;16;14;0
48270;1140;783;14;16;14;0
48271;1155;783;14;16;14;0
48272;1170;783;14;16;14;0
48273;1185;783;14;16;14;0
48274;1200;783;14;16;14;0
48275;1215;783;14;16;14;0
48276;1230;783;14;16;14;0
48277;1245;783;14;16;14;0
48278;1260;783;14;16;14;0
48279;1275;783;14;16;14;0
48280;1290;783;14;16;14;0
48281;1305;783;14;16;14;0
48282;1320;783;14;16;14;0
48283;1335;783;14;16;14;0
48284;1350;783;14;16;14;0
48285;1365;783;14;16;14;0
48286;1380;783;14;16;14;0
48287;1395;783;14;16;14;0
48288;1410;783;14;16;14;0
48289;1425;783;14;16;14;0
48290;1440;783;14;16;14;0
48291;1455;783;14;16;14;0
48292;1470;783;14;16;14;0
48293;1485;783;14;16;14;0
48294;1500;783;14;16;14;0
48295;1515;783;14;16;14;0
48296;1530;783;14;16;14;0
48297;1545;783;14;16;14;0
48298;1560;783;14;16;14;0
48299;1575;783;14;16;14;0
48300;1590;783;14;16;14;0
48301;1605;783;14;16;14;0
48302;1620;783;14;16;14;0
48303;1635;783;14;16;14;0
48304;1650;783;14;16;14;0
48305;1665;783;14;16;14;0
48306;1680;783;14;16;14;0
48307;1695;783;14;16;14;0
48308;1710;783;14;16;14;0
48309;1725;783;14;16;14;0
48310;1740;783;14;16;14;0
48311;1755;783;14;16;14;0
48312;1770;783;14;16;14;0
48313;1785;783;14;16;14;0
48314;1800;783;14;16;14;0
48315;1815;783;14;16;14;0
48316;1830;783;14;16;14;0
48317;1845;783;14;16;14;0
48318;1860;783;14;16;14;0
48319;1875;783;14;16;14;0
48320;1890;783;14;16;14;0
48321;1905;783;14;16;14;0
48322;1920;783;14;16;14;0
48323;1935;783;14;16;14;0
48324;1950;783;14;16;14;0
48325;1965;783;14;16;14;0
48326;1980;783;14;16;14;0
48327;1995;783;14;16;14;0
48328;2010;783;14;16;14;0
48329;2025;783;14;16;14;0
48330;0;800;14;16;14;0
48331;15;800;14;16;14;0
48332;30;800;14;16;14;0
48333;45;800;14;16;14;0
48334;60;800;14;16;14;0
48335;75;800;14;16;14;0
48336;90;800;14;16;14;0
48337;105;800;14;16;14;0
48338;120;800;14;16;14;0
48339;135;800;14;16;14;0
48340;150;800;14;16;14;0
48341;165;800;14;16;14;0
48342;180;800;14;16;14;0
48343;195;800;14;16;14;0
48344;210;800;14;16;14;0
48345;225;800;14;16;14;0
48346;240;800;14;16;14;0
48347;255;800;14;16;14;0
48348;270;800;14;16;14;0
48349;285;800;14;16;14;0
48350;300;800;14;16;14;0
48351;315;800;14;16;14;0
48352;330;800;14;16;14;0
48353;345;800;14;16;14;0
48354;360;800;14;16;14;0
48355;375;800;14;16;14;0
48356;390;800;14;16;14;0
48357;405;800;14;16;14;0
48358;420;800;14;16;14;0
48359;435;800;14;16;14;0
48360;450;800;14;16;14;0
48361;465;800;14;16;14;0
48362;480;800;14;16;14;0
48363;495;800;14;16;14;0
48364;510;800;14;16;14;0
48365;525;800;14;16;14;0
48366;540;800;14;16;14;0
48367;555;800;14;16;14;0
48368;570;800;14;16;14;0
48369;585;800;14;16;14;0
48370;600;800;14;16;14;0
48371;615;800;14;16;14;0
48372;630;800;14;16;14;0
48373;645;800;14;16;14;0
48374;660;800;14;16;14;0
48375;675;800;14;16;14;0
48376;690;800;14;16;14;0
48377;705;800;14;16;14;0
48378;720;800;14;16;14;0
48379;735;800;14;16;14;0
48380;750;800;14;16;14;0
48381;765;800;14;16;14;0
48382;780;800;14;16;14;0
48383;795;800;14;16;14;0
48384;810;800;14;16;14;0
48385;825;800;14;16;14;0
48386;840;800;14;16;14;0
48387;855;800;14;16;14;0
48388;870;800;14;16;14;0
48389;885;800;14;16;14;0
48390;900;800;14;16;14;0
48391;915;800;14;16;14;0
48392;930;800;14;16;14;0
48393;945;800;14;16;14;0
48394;960;800;14;16;14;0
48395;975;800;14;16;14;0
48396;990;800;14;16;14;0
48397;1005;800;14;16;14;0
48398;1020;800;14;16;14;0
48399;1035;800;14;16;14;0
48400;1050;800;14;16;14;0
48401;1065;800;14;16;14;0
48402;1080;800;14;16;14;0
48403;1095;800;14;16;14;0
48404;1110;800;14;16;14;0
48405;1125;800;14;16;14;0
48406;1140;800;14;16;14;0
48407;1155;800;14;16;14;0
48408;1170;800;14;16;14;0
48409;1185;800;14;16;14;0
48410;1200;800;14;16;14;0
48411;1215;800;14;16;14;0
48412;1230;800;14;16;14;0
48413;1245;800;14;16;14;0
48414;1260;800;14;16;14;0
48415;1275;800;14;16;14;0
48416;1290;800;14;16;14;0
48417;1305;800;14;16;14;0
48418;1320;800;14;16;14;0
48419;1335;800;14;16;14;0
48420;1350;800;14;16;14;0
48421;1365;800;14;16;14;0
48422;1380;800;14;16;14;0
48423;1395;800;14;16;14;0
48424;1410;800;14;16;14;0
48425;1425;800;14;16;14;0
48426;1440;800;14;16;14;0
48427;1455;800;14;16;14;0
48428;1470;800;14;16;14;0
48429;1485;800;14;16;14;0
48430;1500;800;14;16;14;0
48431;1515;800;14;16;14;0
48432;1530;800;14;16;14;0
48433;1545;800;14;16;14;0
48434;1560;800;14;16;14;0
48435;1575;800;14;16;14;0
48436;1590;800;14;16;14;0
48437;1605;800;14;16;14;0
48438;1620;800;14;16;14;0
48439;1635;800;14;16;14;0
48440;1650;800;14;16;14;0
48441;1665;800;14;16;14;0
48442;1680;800;14;16;14;0
48443;1695;800;14;16;14;0
48444;1710;800;14;16;14;0
48445;1725;800;14;16;14;0
48446;1740;800;14;16;14;0
48447;1755;800;14;16;14;0
48448;1770;800;14;16;14;0
48449;1785;800;14;16;14;0
48450;1800;800;14;16;14;0
48451;1815;800;14;16;14;0
48452;1830;800;14;16;14;0
48453;1845;800;14;16;14;0
48454;1860;800;14;16;14;0
48455;1875;800;14;16;14;0
48456;1890;800;14;16;14;0
48457;1905;800;14;16;14;0
48458;1920;800;14;16;14;0
48459;1935;800;14;16;14;0
48460;1950;800;14;16;14;0
48461;1965;800;14;16;14;0
48462;1980;800;14;16;14;0
48463;1995;800;14;16;14;0
48464;2010;800;14;16;14;0
48465;2025;800;14;16;14;0
48466;0;817;14;16;14;0
48467;15;817;14;16;14;0
48468;30;817;14;16;14;0
48469;45;817;14;16;14;0
48470;60;817;14;16;14;0
48471;75;817;14;16;14;0
48472;90;817;14;16;14;0
48473;105;817;14;16;14;0
48474;120;817;14;16;14;0
48475;135;817;14;16;14;0
48476;150;817;14;16;14;0
48477;165;817;14;16;14;0
48478;180;817;14;16;14;0
48479;195;817;14;16;14;0
48480;210;817;14;16;14;0
48481;225;817;14;16;14;0
48482;240;817;14;16;14;0
48483;255;817;14;16;14;0
48484;270;817;14;16;14;0
48485;285;817;14;16;14;0
48486;300;817;14;16;14;0
48487;315;817;14;16;14;0
48488;330;817;14;16;14;0
48489;345;817;14;16;14;0
48490;360;817;14;16;14;0
48491;375;817;14;16;14;0
48492;390;817;14;16;14;0
48493;405;817;14;16;14;0
48494;420;817;14;16;14;0
48495;435;817;14;16;14;0
48496;450;817;14;16;14;0
48497;465;817;14;16;14;0
48498;480;817;14;16;14;0
48499;495;817;14;16;14;0
48500;510;817;14;16;14;0
48501;525;817;14;16;14;0
48502;540;817;14;16;14;0
48503;555;817;14;16;14;0
48504;570;817;14;16;14;0
48505;585;817;14;16;14;0
48506;600;817;14;16;14;0
48507;615;817;14;16;14;0
48508;630;817;14;16;14;0
48509;645;817;14;16;14;0
48510;660;817;14;16;14;0
48511;675;817;14;16;14;0
48512;690;817;14;16;14;0
48513;705;817;14;16;14;0
48514;720;817;14;16;14;0
48515;735;817;14;16;14;0
48516;750;817;14;16;14;0
48517;765;817;14;16;14;0
48518;780;817;14;16;14;0
48519;795;817;14;16;14;0
48520;810;817;14;16;14;0
48521;825;817;14;16;14;0
48522;840;817;14;16;14;0
48523;855;817;14;16;14;0
48524;870;817;14;16;14;0
48525;885;817;14;16;14;0
48526;900;817;14;16;14;0
48527;915;817;14;16;14;0
48528;930;817;14;16;14;0
48529;945;817;14;16;14;0
48530;960;817;14;16;14;0
48531;975;817;14;16;14;0
48532;990;817;14;16;14;0
48533;1005;817;14;16;14;0
48534;1020;817;14;16;14;0
48535;1035;817;14;16;14;0
48536;1050;817;14;16;14;0
48537;1065;817;14;16;14;0
48538;1080;817;14;16;14;0
48539;1095;817;14;16;14;0
48540;1110;817;14;16;14;0
48541;1125;817;14;16;14;0
48542;1140;817;14;16;14;0
48543;1155;817;14;16;14;0
48544;1170;817;14;16;14;0
48545;1185;817;14;16;14;0
48546;1200;817;14;16;14;0
48547;1215;817;14;16;14;0
48548;1230;817;14;16;14;0
48549;1245;817;14;16;14;0
48550;1260;817;14;16;14;0
48551;1275;817;14;16;14;0
48552;1290;817;14;16;14;0
48553;1305;817;14;16;14;0
48554;1320;817;14;16;14;0
48555;1335;817;14;16;14;0
48556;1350;817;14;16;14;0
48557;1365;817;14;16;14;0
48558;1380;817;14;16;14;0
48559;1395;817;14;16;14;0
48560;1410;817;14;16;14;0
48561;1425;817;14;16;14;0
48562;1440;817;14;16;14;0
48563;1455;817;14;16;14;0
48564;1470;817;14;16;14;0
48565;1485;817;14;16;14;0
48566;1500;817;14;16;14;0
48567;1515;817;14;16;14;0
48568;1530;817;14;16;14;0
48569;1545;817;14;16;14;0
48570;1560;817;14;16;14;0
48571;1575;817;14;16;14;0
48572;1590;817;14;16;14;0
48573;1605;817;14;16;14;0
48574;1620;817;14;16;14;0
48575;1635;817;14;16;14;0
48576;1650;817;14;16;14;0
48577;1665;817;14;16;14;0
48578;1680;817;14;16;14;0
48579;1695;817;14;16;14;0
48580;1710;817;14;16;14;0
48581;1725;817;14;16;14;0
48582;1740;817;14;16;14;0
48583;1755;817;14;16;14;0
48584;1770;817;14;16;14;0
48585;1785;817;14;16;14;0
48586;1800;817;14;16;14;0
48587;1815;817;14;16;14;0
48588;1830;817;14;16;14;0
48589;1845;817;14;16;14;0
48590;1860;817;14;16;14;0
48591;1875;817;14;16;14;0
48592;1890;817;14;16;14;0
48593;1905;817;14;16;14;0
48594;1920;817;14;16;14;0
48595;1935;817;14;16;14;0
48596;1950;817;14;16;14;0
48597;1965;817;14;16;14;0
48598;1980;817;14;16;14;0
48599;1995;817;14;16;14;0
48600;2010;817;14;16;14;0
48601;2025;817;14;16;14;0
48602;0;834;14;16;14;0
48603;15;834;14;16;14;0
48604;30;834;14;16;14;0
48605;45;834;14;16;14;0
48606;60;834;14;16;14;0
48607;75;834;14;16;14;0
48608;90;834;14;16;14;0
48609;105;834;14;16;14;0
48610;120;834;14;16;14;0
48611;135;834;14;16;14;0
48612;150;834;14;16;14;0
48613;165;834;14;16;14;0
48614;180;834;14;16;14;0
48615;195;834;14;16;14;0
48616;210;834;14;16;14;0
48617;225;834;14;16;14;0
48618;240;834;14;16;14;0
48619;255;834;14;16;14;0
48620;270;834;14;16;14;0
48621;285;834;14;16;14;0
48622;300;834;14;16;14;0
48623;315;834;14;16;14;0
48624;330;834;14;16;14;0
48625;345;834;14;16;14;0
48626;360;834;14;16;14;0
48627;375;834;14;16;14;0
48628;390;834;14;16;14;0
48629;405;834;14;16;14;0
48630;420;834;14;16;14;0
48631;435;834;14;16;14;0
48632;450;834;14;16;14;0
48633;465;834;14;16;14;0
48634;480;834;14;16;14;0
48635;495;834;14;16;14;0
48636;510;834;14;16;14;0
48637;525;834;14;16;14;0
48638;540;834;14;16;14;0
48639;555;834;14;16;14;0
48640;570;834;14;16;14;0
48641;585;834;14;16;14;0
48642;600;834;14;16;14;0
48643;615;834;14;16;14;0
48644;630;834;14;16;14;0
48645;645;834;14;16;14;0
48646;660;834;14;16;14;0
48647;675;834;14;16;14;0
48648;690;834;14;16;14;0
48649;705;834;14;16;14;0
48650;720;834;14;16;14;0
48651;735;834;14;16;14;0
48652;750;834;14;16;14;0
48653;765;834;14;16;14;0
48654;780;834;14;16;14;0
48655;795;834;14;16;14;0
48656;810;834;14;16;14;0
48657;825;834;14;16;14;0
48658;840;834;14;16;14;0
48659;855;834;14;16;14;0
48660;870;834;14;16;14;0
48661;885;834;14;16;14;0
48662;900;834;14;16;14;0
48663;915;834;14;16;14;0
48664;930;834;14;16;14;0
48665;945;834;14;16;14;0
48666;960;834;14;16;14;0
48667;975;834;14;16;14;0
48668;990;834;14;16;14;0
48669;1005;834;14;16;14;0
48670;1020;834;14;16;14;0
48671;1035;834;14;16;14;0
48672;1050;834;14;16;14;0
48673;1065;834;14;16;14;0
48674;1080;834;14;16;14;0
48675;1095;834;14;16;14;0
48676;1110;834;14;16;14;0
48677;1125;834;14;16;14;0
48678;1140;834;14;16;14;0
48679;1155;834;14;16;14;0
48680;1170;834;14;16;14;0
48681;1185;834;14;16;14;0
48682;1200;834;14;16;14;0
48683;1215;834;14;16;14;0
48684;1230;834;14;16;14;0
48685;1245;834;14;16;14;0
48686;1260;834;14;16;14;0
48687;1275;834;14;16;14;0
48688;1290;834;14;16;14;0
48689;1305;834;14;16;14;0
48690;1320;834;14;16;14;0
48691;1335;834;14;16;14;0
48692;1350;834;14;16;14;0
48693;1365;834;14;16;14;0
48694;1380;834;14;16;14;0
48695;1395;834;14;16;14;0
48696;1410;834;14;16;14;0
48697;1425;834;14;16;14;0
48698;1440;834;14;16;14;0
48699;1455;834;14;16;14;0
48700;1470;834;14;16;14;0
48701;1485;834;14;16;14;0
48702;1500;834;14;16;14;0
48703;1515;834;14;16;14;0
48704;1530;834;14;16;14;0
48705;1545;834;14;16;14;0
48706;1560;834;14;16;14;0
48707;1575;834;14;16;14;0
48708;1590;834;14;16;14;0
48709;1605;834;14;16;14;0
48710;1620;834;14;16;14;0
48711;1635;834;14;16;14;0
48712;1650;834;14;16;14;0
48713;1665;834;14;16;14;0
48714;1680;834;14;16;14;0
48715;1695;834;14;16;14;0
48716;1710;834;14;16;14;0
48717;1725;834;14;16;14;0
48718;1740;834;14;16;14;0
48719;1755;834;14;16;14;0
48720;1770;834;14;16;14;0
48721;1785;834;14;16;14;0
48722;1800;834;14;16;14;0
48723;1815;834;14;16;14;0
48724;1830;834;14;16;14;0
48725;1845;834;14;16;14;0
48726;1860;834;14;16;14;0
48727;1875;834;14;16;14;0
48728;1890;834;14;16;14;0
48729;1905;834;14;16;14;0
48730;1920;834;14;16;14;0
48731;1935;834;14;16;14;0
48732;1950;834;14;16;14;0
48733;1965;834;14;16;14;0
48734;1980;834;14;16;14;0
48735;1995;834;14;16;14;0
48736;2010;834;14;16;14;0
48737;2025;834;14;16;14;0
48738;0;851;14;16;14;0
48739;15;851;14;16;14;0
48740;30;851;14;16;14;0
48741;45;851;14;16;14;0
48742;60;851;14;16;14;0
48743;75;851;14;16;14;0
48744;90;851;14;16;14;0
48745;105;851;14;16;14;0
48746;120;851;14;16;14;0
48747;135;851;14;16;14;0
48748;150;851;14;16;14;0
48749;165;851;14;16;14;0
48750;180;851;14;16;14;0
48751;195;851;14;16;14;0
48752;210;851;14;16;14;0
48753;225;851;14;16;14;0
48754;240;851;14;16;14;0
48755;255;851;14;16;14;0
48756;270;851;14;16;14;0
48757;285;851;14;16;14;0
48758;300;851;14;16;14;0
48759;315;851;14;16;14;0
48760;330;851;14;16;14;0
48761;345;851;14;16;14;0
48762;360;851;14;16;14;0
48763;375;851;14;16;14;0
48764;390;851;14;16;14;0
48765;405;851;14;16;14;0
48766;420;851;14;16;14;0
48767;435;851;14;16;14;0
48768;450;851;14;16;14;0
48769;465;851;14;16;14;0
48770;480;851;14;16;14;0
48771;495;851;14;16;14;0
48772;510;851;14;16;14;0
48773;525;851;14;16;14;0
48774;540;851;14;16;14;0
48775;555;851;14;16;14;0
48776;570;851;14;16;14;0
48777;585;851;14;16;14;0
48778;600;851;14;16;14;0
48779;615;851;14;16;14;0
48780;630;851;14;16;14;0
48781;645;851;14;16;14;0
48782;660;851;14;16;14;0
48783;675;851;14;16;14;0
48784;690;851;14;16;14;0
48785;705;851;14;16;14;0
48786;720;851;14;16;14;0
48787;735;851;14;16;14;0
48788;750;851;14;16;14;0
48789;765;851;14;16;14;0
48790;780;851;14;16;14;0
48791;795;851;14;16;14;0
48792;810;851;14;16;14;0
48793;825;851;14;16;14;0
48794;840;851;14;16;14;0
48795;855;851;14;16;14;0
48796;870;851;14;16;14;0
48797;885;851;14;16;14;0
48798;900;851;14;16;14;0
48799;915;851;14;16;14;0
48800;930;851;14;16;14;0
48801;945;851;14;16;14;0
48802;960;851;14;16;14;0
48803;975;851;14;16;14;0
48804;990;851;14;16;14;0
48805;1005;851;14;16;14;0
48806;1020;851;14;16;14;0
48807;1035;851;14;16;14;0
48808;1050;851;14;16;14;0
48809;1065;851;14;16;14;0
48810;1080;851;14;16;14;0
48811;1095;851;14;16;14;0
48812;1110;851;14;16;14;0
48813;1125;851;14;16;14;0
48814;1140;851;14;16;14;0
48815;1155;851;14;16;14;0
48816;1170;851;14;16;14;0
48817;1185;851;14;16;14;0
48818;1200;851;14;16;14;0
48819;1215;851;14;16;14;0
48820;1230;851;14;16;14;0
48821;1245;851;14;16;14;0
48822;1260;851;14;16;14;0
48823;1275;851;14;16;14;0
48824;1290;851;14;16;14;0
48825;1305;851;14;16;14;0
48826;1320;851;14;16;14;0
48827;1335;851;14;16;14;0
48828;1350;851;14;16;14;0
48829;1365;851;14;16;14;0
48830;1380;851;14;16;14;0
48831;1395;851;14;16;14;0
48832;1410;851;14;16;14;0
48833;1425;851;14;16;14;0
48834;1440;851;14;16;14;0
48835;1455;851;14;16;14;0
48836;1470;851;14;16;14;0
48837;1485;851;14;16;14;0
48838;1500;851;14;16;14;0
48839;1515;851;14;16;14;0
48840;1530;851;14;16;14;0
48841;1545;851;14;16;14;0
48842;1560;851;14;16;14;0
48843;1575;851;14;16;14;0
48844;1590;851;14;16;14;0
48845;1605;851;14;16;14;0
48846;1620;851;14;16;14;0
48847;1635;851;14;16;14;0
48848;1650;851;14;16;14;0
48849;1665;851;14;16;14;0
48850;1680;851;14;16;14;0
48851;1695;851;14;16;14;0
48852;1710;851;14;16;14;0
48853;1725;851;14;16;14;0
48854;1740;851;14;16;14;0
48855;1755;851;14;16;14;0
48856;1770;851;14;16;14;0
48857;1785;851;14;16;14;0
48858;1800;851;14;16;14;0
48859;1815;851;14;16;14;0
48860;1830;851;14;16;14;0
48861;1845;851;14;16;14;0
48862;1860;851;14;16;14;0
48863;1875;851;14;16;14;0
48864;1890;851;14;16;14;0
48865;1905;851;14;16;14;0
48866;1920;851;14;16;14;0
48867;1935;851;14;16;14;0
48868;1950;851;14;16;14;0
48869;1965;851;14;16;14;0
48870;1980;851;14;16;14;0
48871;1995;851;14;16;14;0
48872;2010;851;14;16;14;0
48873;2025;851;14;16;14;0
48874;0;868;14;16;14;0
48875;15;868;14;16;14;0
48876;30;868;14;16;14;0
48877;45;868;14;16;14;0
48878;60;868;14;16;14;0
48879;75;868;14;16;14;0
48880;90;868;14;16;14;0
48881;105;868;14;16;14;0
48882;120;868;14;16;14;0
48883;135;868;14;16;14;0
48884;150;868;14;16;14;0
48885;165;868;14;16;14;0
48886;180;868;14;16;14;0
48887;195;868;14;16;14;0
48888;210;868;14;16;14;0
48889;225;868;14;16;14;0
48890;240;868;14;16;14;0
48891;255;868;14;16;14;0
48892;270;868;14;16;14;0
48893;285;868;14;16;14;0
48894;300;868;14;16;14;0
48895;315;868;14;16;14;0
48896;330;868;14;16;14;0
48897;345;868;14;16;14;0
48898;360;868;14;16;14;0
48899;375;868;14;16;14;0
48900;390;868;14;16;14;0
48901;405;868;14;16;14;0
48902;420;868;14;16;14;0
48903;435;868;14;16;14;0
48904;450;868;14;16;14;0
48905;465;868;14;16;14;0
48906;480;868;14;16;14;0
48907;495;868;14;16;14;0
48908;510;868;14;16;14;0
48909;525;868;14;16;14;0
48910;540;868;14;16;14;0
48911;555;868;14;16;14;0
48912;570;868;14;16;14;0
48913;585;868;14;16;14;0
48914;600;868;14;16;14;0
48915;615;868;14;16;14;0
48916;630;868;14;16;14;0
48917;645;868;14;16;14;0
48918;660;868;14;16;14;0
48919;675;868;14;16;14;0
48920;690;868;14;16;14;0
48921;705;868;14;16;14;0
48922;720;868;14;16;14;0
48923;735;868;14;16;14;0
48924;750;868;14;16;14;0
48925;765;868;14;16;14;0
48926;780;868;14;16;14;0
48927;795;868;14;16;14;0
48928;810;868;14;16;14;0
48929;825;868;14;16;14;0
48930;840;868;14;16;14;0
48931;855;868;14;16;14;0
48932;870;868;14;16;14;0
48933;885;868;14;16;14;0
48934;900;868;14;16;14;0
48935;915;868;14;16;14;0
48936;930;868;14;16;14;0
48937;945;868;14;16;14;0
48938;960;868;14;16;14;0
48939;975;868;14;16;14;0
48940;990;868;14;16;14;0
48941;1005;868;14;16;14;0
48942;1020;868;14;16;14;0
48943;1035;868;14;16;14;0
48944;1050;868;14;16;14;0
48945;1065;868;14;16;14;0
48946;1080;868;14;16;14;0
48947;1095;868;14;16;14;0
48948;1110;868;14;16;14;0
48949;1125;868;14;16;14;0
48950;1140;868;14;16;14;0
48951;1155;868;14;16;14;0
48952;1170;868;14;16;14;0
48953;1185;868;14;16;14;0
48954;1200;868;14;16;14;0
48955;1215;868;14;16;14;0
48956;1230;868;14;16;14;0
48957;1245;868;14;16;14;0
48958;1260;868;14;16;14;0
48959;1275;868;14;16;14;0
48960;1290;868;14;16;14;0
48961;1305;868;14;16;14;0
48962;1320;868;14;16;14;0
48963;1335;868;14;16;14;0
48964;1350;868;14;16;14;0
48965;1365;868;14;16;14;0
48966;1380;868;14;16;14;0
48967;1395;868;14;16;14;0
48968;1410;868;14;16;14;0
48969;1425;868;14;16;14;0
48970;1440;868;14;16;14;0
48971;1455;868;14;16;14;0
48972;1470;868;14;16;14;0
48973;1485;868;14;16;14;0
48974;1500;868;14;16;14;0
48975;1515;868;14;16;14;0
48976;1530;868;14;16;14;0
48977;1545;868;14;16;14;0
48978;1560;868;14;16;14;0
48979;1575;868;14;16;14;0
48980;1590;868;14;16;14;0
48981;1605;868;14;16;14;0
48982;1620;868;14;16;14;0
48983;1635;868;14;16;14;0
48984;1650;868;14;16;14;0
48985;1665;868;14;16;14;0
48986;1680;868;14;16;14;0
48987;1695;868;14;16;14;0
48988;1710;868;14;16;14;0
48989;1725;868;14;16;14;0
48990;1740;868;14;16;14;0
48991;1755;868;14;16;14;0
48992;1770;868;14;16;14;0
48993;1785;868;14;16;14;0
48994;1800;868;14;16;14;0
48995;1815;868;14;16;14;0
48996;1830;868;14;16;14;0
48997;1845;868;14;16;14;0
48998;1860;868;14;16;14;0
48999;1875;868;14;16;14;0
49000;1890;868;14;16;14;0
49001;1905;868;14;16;14;0
49002;1920;868;14;16;14;0
49003;1935;868;14;16;14;0
49004;1950;868;14;16;14;0
49005;1965;868;14;16;14;0
49006;1980;868;14;16;14;0
49007;1995;868;14;16;14;0
49008;2010;868;14;16;14;0
49009;2025;868;14;16;14;0
49010;0;885;14;16;14;0
49011;15;885;14;16;14;0
49012;30;885;14;16;14;0
49013;45;885;14;16;14;0
49014;60;885;14;16;14;0
49015;75;885;14;16;14;0
49016;90;885;14;16;14;0
49017;105;885;14;16;14;0
49018;120;885;14;16;14;0
49019;135;885;14;16;14;0
49020;150;885;14;16;14;0
49021;165;885;14;16;14;0
49022;180;885;14;16;14;0
49023;195;885;14;16;14;0
49024;210;885;14;16;14;0
49025;225;885;14;16;14;0
49026;240;885;14;16;14;0
49027;255;885;14;16;14;0
49028;270;885;14;16;14;0
49029;285;885;14;16;14;0
49030;300;885;14;16;14;0
49031;315;885;14;16;14;0
49032;330;885;14;16;14;0
49033;345;885;14;16;14;0
49034;360;885;14;16;14;0
49035;375;885;14;16;14;0
49036;390;885;14;16;14;0
49037;405;885;14;16;14;0
49038;420;885;14;16;14;0
49039;435;885;14;16;14;0
49040;450;885;14;16;14;0
49041;465;885;14;16;14;0
49042;480;885;14;16;14;0
49043;495;885;14;16;14;0
49044;510;885;14;16;14;0
49045;525;885;14;16;14;0
49046;540;885;14;16;14;0
49047;555;885;14;16;14;0
49048;570;885;14;16;14;0
49049;585;885;14;16;14;0
49050;600;885;14;16;14;0
49051;615;885;14;16;14;0
49052;630;885;14;16;14;0
49053;645;885;14;16;14;0
49054;660;885;14;16;14;0
49055;675;885;14;16;14;0
49056;690;885;14;16;14;0
49057;705;885;14;16;14;0
49058;720;885;14;16;14;0
49059;735;885;14;16;14;0
49060;750;885;14;16;14;0
49061;765;885;14;16;14;0
49062;780;885;14;16;14;0
49063;795;885;14;16;14;0
49064;810;885;14;16;14;0
49065;825;885;14;16;14;0
49066;840;885;14;16;14;0
49067;855;885;14;16;14;0
49068;870;885;14;16;14;0
49069;885;885;14;16;14;0
49070;900;885;14;16;14;0
49071;915;885;14;16;14;0
49072;930;885;14;16;14;0
49073;945;885;14;16;14;0
49074;960;885;14;16;14;0
49075;975;885;14;16;14;0
49076;990;885;14;16;14;0
49077;1005;885;14;16;14;0
49078;1020;885;14;16;14;0
49079;1035;885;14;16;14;0
49080;1050;885;14;16;14;0
49081;1065;885;14;16;14;0
49082;1080;885;14;16;14;0
49083;1095;885;14;16;14;0
49084;1110;885;14;16;14;0
49085;1125;885;14;16;14;0
49086;1140;885;14;16;14;0
49087;1155;885;14;16;14;0
49088;1170;885;14;16;14;0
49089;1185;885;14;16;14;0
49090;1200;885;14;16;14;0
49091;1215;885;14;16;14;0
49092;1230;885;14;16;14;0
49093;1245;885;14;16;14;0
49094;1260;885;14;16;14;0
49095;1275;885;14;16;14;0
49096;1290;885;14;16;14;0
49097;1305;885;14;16;14;0
49098;1320;885;14;16;14;0
49099;1335;885;14;16;14;0
49100;1350;885;14;16;14;0
49101;1365;885;14;16;14;0
49102;1380;885;14;16;14;0
49103;1395;885;14;16;14;0
49104;1410;885;14;16;14;0
49105;1425;885;14;16;14;0
49106;1440;885;14;16;14;0
49107;1455;885;14;16;14;0
49108;1470;885;14;16;14;0
49109;1485;885;14;16;14;0
49110;1500;885;14;16;14;0
49111;1515;885;14;16;14;0
49112;1530;885;14;16;14;0
49113;1545;885;14;16;14;0
49114;1560;885;14;16;14;0
49115;1575;885;14;16;14;0
49116;1590;885;14;16;14;0
49117;1605;885;14;16;14;0
49118;1620;885;14;16;14;0
49119;1635;885;14;16;14;0
49120;1650;885;14;16;14;0
49121;1665;885;14;16;14;0
49122;1680;885;14;16;14;0
49123;1695;885;14;16;14;0
49124;1710;885;14;16;14;0
49125;1725;885;14;16;14;0
49126;1740;885;14;16;14;0
49127;1755;885;14;16;14;0
49128;1770;885;14;16;14;0
49129;1785;885;14;16;14;0
49130;1800;885;14;16;14;0
49131;1815;885;14;16;14;0
49132;1830;885;14;16;14;0
49133;1845;885;14;16;14;0
49134;1860;885;14;16;14;0
49135;1875;885;14;16;14;0
49136;1890;885;14;16;14;0
49137;1905;885;14;16;14;0
49138;1920;885;14;16;14;0
49139;1935;885;14;16;14;0
49140;1950;885;14;16;14;0
49141;1965;885;14;16;14;0
49142;1980;885;14;16;14;0
49143;1995;885;14;16;14;0
49144;2010;885;14;16;14;0
49145;2025;885;14;16;14;0
49146;0;902;14;16;14;0
49147;15;902;14;16;14;0
49148;30;902;14;16;14;0
49149;45;902;14;16;14;0
49150;60;902;14;16;14;0
49151;75;902;14;16;14;0
49152;90;902;14;16;14;0
49153;105;902;14;16;14;0
49154;120;902;14;16;14;0
49155;135;902;14;16;14;0
49156;150;902;14;16;14;0
49157;165;902;14;16;14;0
49158;180;902;14;16;14;0
49159;195;902;14;16;14;0
49160;210;902;14;16;14;0
49161;225;902;14;16;14;0
49162;240;902;14;16;14;0
49163;255;902;14;16;14;0
49164;270;902;14;16;14;0
49165;285;902;14;16;14;0
49166;300;902;14;16;14;0
49167;315;902;14;16;14;0
49168;330;902;14;16;14;0
49169;345;902;14;16;14;0
49170;360;902;14;16;14;0
49171;375;902;14;16;14;0
49172;390;902;14;16;14;0
49173;405;902;14;16;14;0
49174;420;902;14;16;14;0
49175;435;902;14;16;14;0
49176;450;902;14;16;14;0
49177;465;902;14;16;14;0
49178;480;902;14;16;14;0
49179;495;902;14;16;14;0
49180;510;902;14;16;14;0
49181;525;902;14;16;14;0
49182;540;902;14;16;14;0
49183;555;902;14;16;14;0
49184;570;902;14;16;14;0
49185;585;902;14;16;14;0
49186;600;902;14;16;14;0
49187;615;902;14;16;14;0
49188;630;902;14;16;14;0
49189;645;902;14;16;14;0
49190;660;902;14;16;14;0
49191;675;902;14;16;14;0
49192;690;902;14;16;14;0
49193;705;902;14;16;14;0
49194;720;902;14;16;14;0
49195;735;902;14;16;14;0
49196;750;902;14;16;14;0
49197;765;902;14;16;14;0
49198;780;902;14;16;14;0
49199;795;902;14;16;14;0
49200;810;902;14;16;14;0
49201;825;902;14;16;14;0
49202;840;902;14;16;14;0
49203;855;902;14;16;14;0
49204;870;902;14;16;14;0
49205;885;902;14;16;14;0
49206;900;902;14;16;14;0
49207;915;902;14;16;14;0
49208;930;902;14;16;14;0
49209;945;902;14;16;14;0
49210;960;902;14;16;14;0
49211;975;902;14;16;14;0
49212;990;902;14;16;14;0
49213;1005;902;14;16;14;0
49214;1020;902;14;16;14;0
49215;1035;902;14;16;14;0
49216;1050;902;14;16;14;0
49217;1065;902;14;16;14;0
49218;1080;902;14;16;14;0
49219;1095;902;14;16;14;0
49220;1110;902;14;16;14;0
49221;1125;902;14;16;14;0
49222;1140;902;14;16;14;0
49223;1155;902;14;16;14;0
49224;1170;902;14;16;14;0
49225;1185;902;14;16;14;0
49226;1200;902;14;16;14;0
49227;1215;902;14;16;14;0
49228;1230;902;14;16;14;0
49229;1245;902;14;16;14;0
49230;1260;902;14;16;14;0
49231;1275;902;14;16;14;0
49232;1290;902;14;16;14;0
49233;1305;902;14;16;14;0
49234;1320;902;14;16;14;0
49235;1335;902;14;16;14;0
49236;1350;902;14;16;14;0
49237;1365;902;14;16;14;0
49238;1380;902;14;16;14;0
49239;1395;902;14;16;14;0
49240;1410;902;14;16;14;0
49241;1425;902;14;16;14;0
49242;1440;902;14;16;14;0
49243;1455;902;14;16;14;0
49244;1470;902;14;16;14;0
49245;1485;902;14;16;14;0
49246;1500;902;14;16;14;0
49247;1515;902;14;16;14;0
49248;1530;902;14;16;14;0
49249;1545;902;14;16;14;0
49250;1560;902;14;16;14;0
49251;1575;902;14;16;14;0
49252;1590;902;14;16;14;0
49253;1605;902;14;16;14;0
49254;1620;902;14;16;14;0
49255;1635;902;14;16;14;0
49256;1650;902;14;16;14;0
49257;1665;902;14;16;14;0
49258;1680;902;14;16;14;0
49259;1695;902;14;16;14;0
49260;1710;902;14;16;14;0
49261;1725;902;14;16;14;0
49262;1740;902;14;16;14;0
49263;1755;902;14;16;14;0
49264;1770;902;14;16;14;0
49265;1785;902;14;16;14;0
49266;1800;902;14;16;14;0
49267;1815;902;14;16;14;0
49268;1830;902;14;16;14;0
49269;1845;902;14;16;14;0
49270;1860;902;14;16;14;0
49271;1875;902;14;16;14;0
49272;1890;902;14;16;14;0
49273;1905;902;14;16;14;0
49274;1920;902;14;16;14;0
49275;1935;902;14;16;14;0
49276;1950;902;14;16;14;0
49277;1965;902;14;16;14;0
49278;1980;902;14;16;14;0
49279;1995;902;14;16;14;0
49280;2010;902;14;16;14;0
49281;2025;902;14;16;14;0
49282;0;919;14;16;14;0
49283;15;919;14;16;14;0
49284;30;919;14;16;14;0
49285;45;919;14;16;14;0
49286;60;919;14;16;14;0
49287;75;919;14;16;14;0
49288;90;919;14;16;14;0
49289;105;919;14;16;14;0
49290;120;919;14;16;14;0
49291;135;919;14;16;14;0
49292;150;919;14;16;14;0
49293;165;919;14;16;14;0
49294;180;919;14;16;14;0
49295;195;919;14;16;14;0
49296;210;919;14;16;14;0
49297;225;919;14;16;14;0
49298;240;919;14;16;14;0
49299;255;919;14;16;14;0
49300;270;919;14;16;14;0
49301;285;919;14;16;14;0
49302;300;919;14;16;14;0
49303;315;919;14;16;14;0
49304;330;919;14;16;14;0
49305;345;919;14;16;14;0
49306;360;919;14;16;14;0
49307;375;919;14;16;14;0
49308;390;919;14;16;14;0
49309;405;919;14;16;14;0
49310;420;919;14;16;14;0
49311;435;919;14;16;14;0
49312;450;919;14;16;14;0
49313;465;919;14;16;14;0
49314;480;919;14;16;14;0
49315;495;919;14;16;14;0
49316;510;919;14;16;14;0
49317;525;919;14;16;14;0
49318;540;919;14;16;14;0
49319;555;919;14;16;14;0
49320;570;919;14;16;14;0
49321;585;919;14;16;14;0
49322;600;919;14;16;14;0
49323;615;919;14;16;14;0
49324;630;919;14;16;14;0
49325;645;919;14;16;14;0
49326;660;919;14;16;14;0
49327;675;919;14;16;14;0
49328;690;919;14;16;14;0
49329;705;919;14;16;14;0
49330;720;919;14;16;14;0
49331;735;919;14;16;14;0
49332;750;919;14;16;14;0
49333;765;919;14;16;14;0
49334;780;919;14;16;14;0
49335;795;919;14;16;14;0
49336;810;919;14;16;14;0
49337;825;919;14;16;14;0
49338;840;919;14;16;14;0
49339;855;919;14;16;14;0
49340;870;919;14;16;14;0
49341;885;919;14;16;14;0
49342;900;919;14;16;14;0
49343;915;919;14;16;14;0
49344;930;919;14;16;14;0
49345;945;919;14;16;14;0
49346;960;919;14;16;14;0
49347;975;919;14;16;14;0
49348;990;919;14;16;14;0
49349;1005;919;14;16;14;0
49350;1020;919;14;16;14;0
49351;1035;919;14;16;14;0
49352;1050;919;14;16;14;0
49353;1065;919;14;16;14;0
49354;1080;919;14;16;14;0
49355;1095;919;14;16;14;0
49356;1110;919;14;16;14;0
49357;1125;919;14;16;14;0
49358;1140;919;14;16;14;0
49359;1155;919;14;16;14;0
49360;1170;919;14;16;14;0
49361;1185;919;14;16;14;0
49362;1200;919;14;16;14;0
49363;1215;919;14;16;14;0
49364;1230;919;14;16;14;0
49365;1245;919;14;16;14;0
49366;1260;919;14;16;14;0
49367;1275;919;14;16;14;0
49368;1290;919;14;16;14;0
49369;1305;919;14;16;14;0
49370;1320;919;14;16;14;0
49371;1335;919;14;16;14;0
49372;1350;919;14;16;14;0
49373;1365;919;14;16;14;0
49374;1380;919;14;16;14;0
49375;1395;919;14;16;14;0
49376;1410;919;14;16;14;0
49377;1425;919;14;16;14;0
49378;1440;919;14;16;14;0
49379;1455;919;14;16;14;0
49380;1470;919;14;16;14;0
49381;1485;919;14;16;14;0
49382;1500;919;14;16;14;0
49383;1515;919;14;16;14;0
49384;1530;919;14;16;14;0
49385;1545;919;14;16;14;0
49386;1560;919;14;16;14;0
49387;1575;919;14;16;14;0
49388;1590;919;14;16;14;0
49389;1605;919;14;16;14;0
49390;1620;919;14;16;14;0
49391;1635;919;14;16;14;0
49392;1650;919;14;16;14;0
49393;1665;919;14;16;14;0
49394;1680;919;14;16;14;0
49395;1695;919;14;16;14;0
49396;1710;919;14;16;14;0
49397;1725;919;14;16;14;0
49398;1740;919;14;16;14;0
49399;1755;919;14;16;14;0
49400;1770;919;14;16;14;0
49401;1785;919;14;16;14;0
49402;1800;919;14;16;14;0
49403;1815;919;14;16;14;0
49404;1830;919;14;16;14;0
49405;1845;919;14;16;14;0
49406;1860;919;14;16;14;0
49407;1875;919;14;16;14;0
49408;1890;919;14;16;14;0
49409;1905;919;14;16;14;0
49410;1920;919;14;16;14;0
49411;1935;919;14;16;14;0
49412;1950;919;14;16;14;0
49413;1965;919;14;16;14;0
49414;1980;919;14;16;14;0
49415;1995;919;14;16;14;0
49416;2010;919;14;16;14;0
49417;2025;919;14;16;14;0
49418;0;936;14;16;14;0
49419;15;936;14;16;14;0
49420;30;936;14;16;14;0
49421;45;936;14;16;14;0
49422;60;936;14;16;14;0
49423;75;936;14;16;14;0
49424;90;936;14;16;14;0
49425;105;936;14;16;14;0
49426;120;936;14;16;14;0
49427;135;936;14;16;14;0
49428;150;936;14;16;14;0
49429;165;936;14;16;14;0
49430;180;936;14;16;14;0
49431;195;936;14;16;14;0
49432;210;936;14;16;14;0
49433;225;936;14;16;14;0
49434;240;936;14;16;14;0
49435;255;936;14;16;14;0
49436;270;936;14;16;14;0
49437;285;936;14;16;14;0
49438;300;936;14;16;14;0
49439;315;936;14;16;14;0
49440;330;936;14;16;14;0
49441;345;936;14;16;14;0
49442;360;936;14;16;14;0
49443;375;936;14;16;14;0
49444;390;936;14;16;14;0
49445;405;936;14;16;14;0
49446;420;936;14;16;14;0
49447;435;936;14;16;14;0
49448;450;936;14;16;14;0
49449;465;936;14;16;14;0
49450;480;936;14;16;14;0
49451;495;936;14;16;14;0
49452;510;936;14;16;14;0
49453;525;936;14;16;14;0
49454;540;936;14;16;14;0
49455;555;936;14;16;14;0
49456;570;936;14;16;14;0
49457;585;936;14;16;14;0
49458;600;936;14;16;14;0
49459;615;936;14;16;14;0
49460;630;936;14;16;14;0
49461;645;936;14;16;14;0
49462;660;936;14;16;14;0
49463;675;936;14;16;14;0
49464;690;936;14;16;14;0
49465;705;936;14;16;14;0
49466;720;936;14;16;14;0
49467;735;936;14;16;14;0
49468;750;936;14;16;14;0
49469;765;936;14;16;14;0
49470;780;936;14;16;14;0
49471;795;936;14;16;14;0
49472;810;936;14;16;14;0
49473;825;936;14;16;14;0
49474;840;936;14;16;14;0
49475;855;936;14;16;14;0
49476;870;936;14;16;14;0
49477;885;936;14;16;14;0
49478;900;936;14;16;14;0
49479;915;936;14;16;14;0
49480;930;936;14;16;14;0
49481;945;936;14;16;14;0
49482;960;936;14;16;14;0
49483;975;936;14;16;14;0
49484;990;936;14;16;14;0
49485;1005;936;14;16;14;0
49486;1020;936;14;16;14;0
49487;1035;936;14;16;14;0
49488;1050;936;14;16;14;0
49489;1065;936;14;16;14;0
49490;1080;936;14;16;14;0
49491;1095;936;14;16;14;0
49492;1110;936;14;16;14;0
49493;1125;936;14;16;14;0
49494;1140;936;14;16;14;0
49495;1155;936;14;16;14;0
49496;1170;936;14;16;14;0
49497;1185;936;14;16;14;0
49498;1200;936;14;16;14;0
49499;1215;936;14;16;14;0
49500;1230;936;14;16;14;0
49501;1245;936;14;16;14;0
49502;1260;936;14;16;14;0
49503;1275;936;14;16;14;0
49504;1290;936;14;16;14;0
49505;1305;936;14;16;14;0
49506;1320;936;14;16;14;0
49507;1335;936;14;16;14;0
49508;1350;936;14;16;14;0
49509;1365;936;14;16;14;0
49510;1380;936;14;16;14;0
49511;1395;936;14;16;14;0
49512;1410;936;14;16;14;0
49513;1425;936;14;16;14;0
49514;1440;936;14;16;14;0
49515;1455;936;14;16;14;0
49516;1470;936;14;16;14;0
49517;1485;936;14;16;14;0
49518;1500;936;14;16;14;0
49519;1515;936;14;16;14;0
49520;1530;936;14;16;14;0
49521;1545;936;14;16;14;0
49522;1560;936;14;16;14;0
49523;1575;936;14;16;14;0
49524;1590;936;14;16;14;0
49525;1605;936;14;16;14;0
49526;1620;936;14;16;14;0
49527;1635;936;14;16;14;0
49528;1650;936;14;16;14;0
49529;1665;936;14;16;14;0
49530;1680;936;14;16;14;0
49531;1695;936;14;16;14;0
49532;1710;936;14;16;14;0
49533;1725;936;14;16;14;0
49534;1740;936;14;16;14;0
49535;1755;936;14;16;14;0
49536;1770;936;14;16;14;0
49537;1785;936;14;16;14;0
49538;1800;936;14;16;14;0
49539;1815;936;14;16;14;0
49540;1830;936;14;16;14;0
49541;1845;936;14;16;14;0
49542;1860;936;14;16;14;0
49543;1875;936;14;16;14;0
49544;1890;936;14;16;14;0
49545;1905;936;14;16;14;0
49546;1920;936;14;16;14;0
49547;1935;936;14;16;14;0
49548;1950;936;14;16;14;0
49549;1965;936;14;16;14;0
49550;1980;936;14;16;14;0
49551;1995;936;14;16;14;0
49552;2010;936;14;16;14;0
49553;2025;936;14;16;14;0
49554;0;953;14;16;14;0
49555;15;953;14;16;14;0
49556;30;953;14;16;14;0
49557;45;953;14;16;14;0
49558;60;953;14;16;14;0
49559;75;953;14;16;14;0
49560;90;953;14;16;14;0
49561;105;953;14;16;14;0
49562;120;953;14;16;14;0
49563;135;953;14;16;14;0
49564;150;953;14;16;14;0
49565;165;953;14;16;14;0
49566;180;953;14;16;14;0
49567;195;953;14;16;14;0
49568;210;953;14;16;14;0
49569;225;953;14;16;14;0
49570;240;953;14;16;14;0
49571;255;953;14;16;14;0
49572;270;953;14;16;14;0
49573;285;953;14;16;14;0
49574;300;953;14;16;14;0
49575;315;953;14;16;14;0
49576;330;953;14;16;14;0
49577;345;953;14;16;14;0
49578;360;953;14;16;14;0
49579;375;953;14;16;14;0
49580;390;953;14;16;14;0
49581;405;953;14;16;14;0
49582;420;953;14;16;14;0
49583;435;953;14;16;14;0
49584;450;953;14;16;14;0
49585;465;953;14;16;14;0
49586;480;953;14;16;14;0
49587;495;953;14;16;14;0
49588;510;953;14;16;14;0
49589;525;953;14;16;14;0
49590;540;953;14;16;14;0
49591;555;953;14;16;14;0
49592;570;953;14;16;14;0
49593;585;953;14;16;14;0
49594;600;953;14;16;14;0
49595;615;953;14;16;14;0
49596;630;953;14;16;14;0
49597;645;953;14;16;14;0
49598;660;953;14;16;14;0
49599;675;953;14;16;14;0
49600;690;953;14;16;14;0
49601;705;953;14;16;14;0
49602;720;953;14;16;14;0
49603;735;953;14;16;14;0
49604;750;953;14;16;14;0
49605;765;953;14;16;14;0
49606;780;953;14;16;14;0
49607;795;953;14;16;14;0
49608;810;953;14;16;14;0
49609;825;953;14;16;14;0
49610;840;953;14;16;14;0
49611;855;953;14;16;14;0
49612;870;953;14;16;14;0
49613;885;953;14;16;14;0
49614;900;953;14;16;14;0
49615;915;953;14;16;14;0
49616;930;953;14;16;14;0
49617;945;953;14;16;14;0
49618;960;953;14;16;14;0
49619;975;953;14;16;14;0
49620;990;953;14;16;14;0
49621;1005;953;14;16;14;0
49622;1020;953;14;16;14;0
49623;1035;953;14;16;14;0
49624;1050;953;14;16;14;0
49625;1065;953;14;16;14;0
49626;1080;953;14;16;14;0
49627;1095;953;14;16;14;0
49628;1110;953;14;16;14;0
49629;1125;953;14;16;14;0
49630;1140;953;14;16;14;0
49631;1155;953;14;16;14;0
49632;1170;953;14;16;14;0
49633;1185;953;14;16;14;0
49634;1200;953;14;16;14;0
49635;1215;953;14;16;14;0
49636;1230;953;14;16;14;0
49637;1245;953;14;16;14;0
49638;1260;953;14;16;14;0
49639;1275;953;14;16;14;0
49640;1290;953;14;16;14;0
49641;1305;953;14;16;14;0
49642;1320;953;14;16;14;0
49643;1335;953;14;16;14;0
49644;1350;953;14;16;14;0
49645;1365;953;14;16;14;0
49646;1380;953;14;16;14;0
49647;1395;953;14;16;14;0
49648;1410;953;14;16;14;0
49649;1425;953;14;16;14;0
49650;1440;953;14;16;14;0
49651;1455;953;14;16;14;0
49652;1470;953;14;16;14;0
49653;1485;953;14;16;14;0
49654;1500;953;14;16;14;0
49655;1515;953;14;16;14;0
49656;1530;953;14;16;14;0
49657;1545;953;14;16;14;0
49658;1560;953;14;16;14;0
49659;1575;953;14;16;14;0
49660;1590;953;14;16;14;0
49661;1605;953;14;16;14;0
49662;1620;953;14;16;14;0
49663;1635;953;14;16;14;0
49664;1650;953;14;16;14;0
49665;1665;953;14;16;14;0
49666;1680;953;14;16;14;0
49667;1695;953;14;16;14;0
49668;1710;953;14;16;14;0
49669;1725;953;14;16;14;0
49670;1740;953;14;16;14;0
49671;1755;953;14;16;14;0
49672;1770;953;14;16;14;0
49673;1785;953;14;16;14;0
49674;1800;953;14;16;14;0
49675;1815;953;14;16;14;0
49676;1830;953;14;16;14;0
49677;1845;953;14;16;14;0
49678;1860;953;14;16;14;0
49679;1875;953;14;16;14;0
49680;1890;953;14;16;14;0
49681;1905;953;14;16;14;0
49682;1920;953;14;16;14;0
49683;1935;953;14;16;14;0
49684;1950;953;14;16;14;0
49685;1965;953;14;16;14;0
49686;1980;953;14;16;14;0
49687;1995;953;14;16;14;0
49688;2010;953;14;16;14;0
49689;2025;953;14;16;14;0
49690;0;970;14;16;14;0
49691;15;970;14;16;14;0
49692;30;970;14;16;14;0
49693;45;970;14;16;14;0
49694;60;970;14;16;14;0
49695;75;970;14;16;14;0
49696;90;970;14;16;14;0
49697;105;970;14;16;14;0
49698;120;970;14;16;14;0
49699;135;970;14;16;14;0
49700;150;970;14;16;14;0
49701;165;970;14;16;14;0
49702;180;970;14;16;14;0
49703;195;970;14;16;14;0
49704;210;970;14;16;14;0
49705;225;970;14;16;14;0
49706;240;970;14;16;14;0
49707;255;970;14;16;14;0
49708;270;970;14;16;14;0
49709;285;970;14;16;14;0
49710;300;970;14;16;14;0
49711;315;970;14;16;14;0
49712;330;970;14;16;14;0
49713;345;970;14;16;14;0
49714;360;970;14;16;14;0
49715;375;970;14;16;14;0
49716;390;970;14;16;14;0
49717;405;970;14;16;14;0
49718;420;970;14;16;14;0
49719;435;970;14;16;14;0
49720;450;970;14;16;14;0
49721;465;970;14;16;14;0
49722;480;970;14;16;14;0
49723;495;970;14;16;14;0
49724;510;970;14;16;14;0
49725;525;970;14;16;14;0
49726;540;970;14;16;14;0
49727;555;970;14;16;14;0
49728;570;970;14;16;14;0
49729;585;970;14;16;14;0
49730;600;970;14;16;14;0
49731;615;970;14;16;14;0
49732;630;970;14;16;14;0
49733;645;970;14;16;14;0
49734;660;970;14;16;14;0
49735;675;970;14;16;14;0
49736;690;970;14;16;14;0
49737;705;970;14;16;14;0
49738;720;970;14;16;14;0
49739;735;970;14;16;14;0
49740;750;970;14;16;14;0
49741;765;970;14;16;14;0
49742;780;970;14;16;14;0
49743;795;970;14;16;14;0
49744;810;970;14;16;14;0
49745;825;970;14;16;14;0
49746;840;970;14;16;14;0
49747;855;970;14;16;14;0
49748;870;970;14;16;14;0
49749;885;970;14;16;14;0
49750;900;970;14;16;14;0
49751;915;970;14;16;14;0
49752;930;970;14;16;14;0
49753;945;970;14;16;14;0
49754;960;970;14;16;14;0
49755;975;970;14;16;14;0
49756;990;970;14;16;14;0
49757;1005;970;14;16;14;0
49758;1020;970;14;16;14;0
49759;1035;970;14;16;14;0
49760;1050;970;14;16;14;0
49761;1065;970;14;16;14;0
49762;1080;970;14;16;14;0
49763;1095;970;14;16;14;0
49764;1110;970;14;16;14;0
49765;1125;970;14;16;14;0
49766;1140;970;14;16;14;0
49767;1155;970;14;16;14;0
49768;1170;970;14;16;14;0
49769;1185;970;14;16;14;0
49770;1200;970;14;16;14;0
49771;1215;970;14;16;14;0
49772;1230;970;14;16;14;0
49773;1245;970;14;16;14;0
49774;1260;970;14;16;14;0
49775;1275;970;14;16;14;0
49776;1290;970;14;16;14;0
49777;1305;970;14;16;14;0
49778;1320;970;14;16;14;0
49779;1335;970;14;16;14;0
49780;1350;970;14;16;14;0
49781;1365;970;14;16;14;0
49782;1380;970;14;16;14;0
49783;1395;970;14;16;14;0
49784;1410;970;14;16;14;0
49785;1425;970;14;16;14;0
49786;1440;970;14;16;14;0
49787;1455;970;14;16;14;0
49788;1470;970;14;16;14;0
49789;1485;970;14;16;14;0
49790;1500;970;14;16;14;0
49791;1515;970;14;16;14;0
49792;1530;970;14;16;14;0
49793;1545;970;14;16;14;0
49794;1560;970;14;16;14;0
49795;1575;970;14;16;14;0
49796;1590;970;14;16;14;0
49797;1605;970;14;16;14;0
49798;1620;970;14;16;14;0
49799;1635;970;14;16;14;0
49800;1650;970;14;16;14;0
49801;1665;970;14;16;14;0
49802;1680;970;14;16;14;0
49803;1695;970;14;16;14;0
49804;1710;970;14;16;14;0
49805;1725;970;14;16;14;0
49806;1740;970;14;16;14;0
49807;1755;970;14;16;14;0
49808;1770;970;14;16;14;0
49809;1785;970;14;16;14;0
49810;1800;970;14;16;14;0
49811;1815;970;14;16;14;0
49812;1830;970;14;16;14;0
49813;1845;970;14;16;14;0
49814;1860;970;14;16;14;0
49815;1875;970;14;16;14;0
49816;1890;970;14;16;14;0
49817;1905;970;14;16;14;0
49818;1920;970;14;16;14;0
49819;1935;970;14;16;14;0
49820;1950;970;14;16;14;0
49821;1965;970;14;16;14;0
49822;1980;970;14;16;14;0
49823;1995;970;14;16;14;0
49824;2010;970;14;16;14;0
49825;2025;970;14;16;14;0
49826;0;987;14;16;14;0
49827;15;987;14;16;14;0
49828;30;987;14;16;14;0
49829;45;987;14;16;14;0
49830;60;987;14;16;14;0
49831;75;987;14;16;14;0
49832;90;987;14;16;14;0
49833;105;987;14;16;14;0
49834;120;987;14;16;14;0
49835;135;987;14;16;14;0
49836;150;987;14;16;14;0
49837;165;987;14;16;14;0
49838;180;987;14;16;14;0
49839;195;987;14;16;14;0
49840;210;987;14;16;14;0
49841;225;987;14;16;14;0
49842;240;987;14;16;14;0
49843;255;987;14;16;14;0
49844;270;987;14;16;14;0
49845;285;987;14;16;14;0
49846;300;987;14;16;14;0
49847;315;987;14;16;14;0
49848;330;987;14;16;14;0
49849;345;987;14;16;14;0
49850;360;987;14;16;14;0
49851;375;987;14;16;14;0
49852;390;987;14;16;14;0
49853;405;987;14;16;14;0
49854;420;987;14;16;14;0
49855;435;987;14;16;14;0
49856;450;987;14;16;14;0
49857;465;987;14;16;14;0
49858;480;987;14;16;14;0
49859;495;987;14;16;14;0
49860;510;987;14;16;14;0
49861;525;987;14;16;14;0
49862;540;987;14;16;14;0
49863;555;987;14;16;14;0
49864;570;987;14;16;14;0
49865;585;987;14;16;14;0
49866;600;987;14;16;14;0
49867;615;987;14;16;14;0
49868;630;987;14;16;14;0
49869;645;987;14;16;14;0
49870;660;987;14;16;14;0
49871;675;987;14;16;14;0
49872;690;987;14;16;14;0
49873;705;987;14;16;14;0
49874;720;987;14;16;14;0
49875;735;987;14;16;14;0
49876;750;987;14;16;14;0
49877;765;987;14;16;14;0
49878;780;987;14;16;14;0
49879;795;987;14;16;14;0
49880;810;987;14;16;14;0
49881;825;987;14;16;14;0
49882;840;987;14;16;14;0
49883;855;987;14;16;14;0
49884;870;987;14;16;14;0
49885;885;987;14;16;14;0
49886;900;987;14;16;14;0
49887;915;987;14;16;14;0
49888;930;987;14;16;14;0
49889;945;987;14;16;14;0
49890;960;987;14;16;14;0
49891;975;987;14;16;14;0
49892;990;987;14;16;14;0
49893;1005;987;14;16;14;0
49894;1020;987;14;16;14;0
49895;1035;987;14;16;14;0
49896;1050;987;14;16;14;0
49897;1065;987;14;16;14;0
49898;1080;987;14;16;14;0
49899;1095;987;14;16;14;0
49900;1110;987;14;16;14;0
49901;1125;987;14;16;14;0
49902;1140;987;14;16;14;0
49903;1155;987;14;16;14;0
49904;1170;987;14;16;14;0
49905;1185;987;14;16;14;0
49906;1200;987;14;16;14;0
49907;1215;987;14;16;14;0
49908;1230;987;14;16;14;0
49909;1245;987;14;16;14;0
49910;1260;987;14;16;14;0
49911;1275;987;14;16;14;0
49912;1290;987;14;16;14;0
49913;1305;987;14;16;14;0
49914;1320;987;14;16;14;0
49915;1335;987;14;16;14;0
49916;1350;987;14;16;14;0
49917;1365;987;14;16;14;0
49918;1380;987;14;16;14;0
49919;1395;987;14;16;14;0
49920;1410;987;14;16;14;0
49921;1425;987;14;16;14;0
49922;1440;987;14;16;14;0
49923;1455;987;14;16;14;0
49924;1470;987;14;16;14;0
49925;1485;987;14;16;14;0
49926;1500;987;14;16;14;0
49927;1515;987;14;16;14;0
49928;1530;987;14;16;14;0
49929;1545;987;14;16;14;0
49930;1560;987;14;16;14;0
49931;1575;987;14;16;14;0
49932;1590;987;14;16;14;0
49933;1605;987;14;16;14;0
49934;1620;987;14;16;14;0
49935;1635;987;14;16;14;0
49936;1650;987;14;16;14;0
49937;1665;987;14;16;14;0
49938;1680;987;14;16;14;0
49939;1695;987;14;16;14;0
49940;1710;987;14;16;14;0
49941;1725;987;14;16;14;0
49942;1740;987;14;16;14;0
49943;1755;987;14;16;14;0
49944;1770;987;14;16;14;0
49945;1785;987;14;16;14;0
49946;1800;987;14;16;14;0
49947;1815;987;14;16;14;0
49948;1830;987;14;16;14;0
49949;1845;987;14;16;14;0
49950;1860;987;14;16;14;0
49951;1875;987;14;16;14;0
49952;1890;987;14;16;14;0
49953;1905;987;14;16;14;0
49954;1920;987;14;16;14;0
49955;1935;987;14;16;14;0
49956;1950;987;14;16;14;0
49957;1965;987;14;16;14;0
49958;1980;987;14;16;14;0
49959;1995;987;14;16;14;0
49960;2010;987;14;16;14;0
49961;2025;987;14;16;14;0
49962;0;1004;14;16;14;0
49963;15;1004;14;16;14;0
49964;30;1004;14;16;14;0
49965;45;1004;14;16;14;0
49966;60;1004;14;16;14;0
49967;75;1004;14;16;14;0
49968;90;1004;14;16;14;0
49969;105;1004;14;16;14;0
49970;120;1004;14;16;14;0
49971;135;1004;14;16;14;0
49972;150;1004;14;16;14;0
49973;165;1004;14;16;14;0
49974;180;1004;14;16;14;0
49975;195;1004;14;16;14;0
49976;210;1004;14;16;14;0
49977;225;1004;14;16;14;0
49978;240;1004;14;16;14;0
49979;255;1004;14;16;14;0
49980;270;1004;14;16;14;0
49981;285;1004;14;16;14;0
49982;300;1004;14;16;14;0
49983;315;1004;14;16;14;0
49984;330;1004;14;16;14;0
49985;345;1004;14;16;14;0
49986;360;1004;14;16;14;0
49987;375;1004;14;16;14;0
49988;390;1004;14;16;14;0
49989;405;1004;14;16;14;0
49990;420;1004;14;16;14;0
49991;435;1004;14;16;14;0
49992;450;1004;14;16;14;0
49993;465;1004;14;16;14;0
49994;480;1004;14;16;14;0
49995;495;1004;14;16;14;0
49996;510;1004;14;16;14;0
49997;525;1004;14;16;14;0
49998;540;1004;14;16;14;0
49999;555;1004;14;16;14;0
50000;570;1004;14;16;14;0
50001;585;1004;14;16;14;0
50002;600;1004;14;16;14;0
50003;615;1004;14;16;14;0
50004;630;1004;14;16;14;0
50005;645;1004;14;16;14;0
50006;660;1004;14;16;14;0
50007;675;1004;14;16;14;0
50008;690;1004;14;16;14;0
50009;705;1004;14;16;14;0
50010;720;1004;14;16;14;0
50011;735;1004;14;16;14;0
50012;750;1004;14;16;14;0
50013;765;1004;14;16;14;0
50014;780;1004;14;16;14;0
50015;795;1004;14;16;14;0
50016;810;1004;14;16;14;0
50017;825;1004;14;16;14;0
50018;840;1004;14;16;14;0
50019;855;1004;14;16;14;0
50020;870;1004;14;16;14;0
50021;885;1004;14;16;14;0
50022;900;1004;14;16;14;0
50023;915;1004;14;16;14;0
50024;930;1004;14;16;14;0
50025;945;1004;14;16;14;0
50026;960;1004;14;16;14;0
50027;975;1004;14;16;14;0
50028;990;1004;14;16;14;0
50029;1005;1004;14;16;14;0
50030;1020;1004;14;16;14;0
50031;1035;1004;14;16;14;0
50032;1050;1004;14;16;14;0
50033;1065;1004;14;16;14;0
50034;1080;1004;14;16;14;0
50035;1095;1004;14;16;14;0
50036;1110;1004;14;16;14;0
50037;1125;1004;14;16;14;0
50038;1140;1004;14;16;14;0
50039;1155;1004;14;16;14;0
50040;1170;1004;14;16;14;0
50041;1185;1004;14;16;14;0
50042;1200;1004;14;16;14;0
50043;1215;1004;14;16;14;0
50044;1230;1004;14;16;14;0
50045;1245;1004;14;16;14;0
50046;1260;1004;14;16;14;0
50047;1275;1004;14;16;14;0
50048;1290;1004;14;16;14;0
50049;1305;1004;14;16;14;0
50050;1320;1004;14;16;14;0
50051;1335;1004;14;16;14;0
50052;1350;1004;14;16;14;0
50053;1365;1004;14;16;14;0
50054;1380;1004;14;16;14;0
50055;1395;1004;14;16;14;0
50056;1410;1004;14;16;14;0
50057;1425;1004;14;16;14;0
50058;1440;1004;14;16;14;0
50059;1455;1004;14;16;14;0
50060;1470;1004;14;16;14;0
50061;1485;1004;14;16;14;0
50062;1500;1004;14;16;14;0
50063;1515;1004;14;16;14;0
50064;1530;1004;14;16;14;0
50065;1545;1004;14;16;14;0
50066;1560;1004;14;16;14;0
50067;1575;1004;14;16;14;0
50068;1590;1004;14;16;14;0
50069;1605;1004;14;16;14;0
50070;1620;1004;14;16;14;0
50071;1635;1004;14;16;14;0
50072;1650;1004;14;16;14;0
50073;1665;1004;14;16;14;0
50074;1680;1004;14;16;14;0
50075;1695;1004;14;16;14;0
50076;1710;1004;14;16;14;0
50077;1725;1004;14;16;14;0
50078;1740;1004;14;16;14;0
50079;1755;1004;14;16;14;0
50080;1770;1004;14;16;14;0
50081;1785;1004;14;16;14;0
50082;1800;1004;14;16;14;0
50083;1815;1004;14;16;14;0
50084;1830;1004;14;16;14;0
50085;1845;1004;14;16;14;0
50086;1860;1004;14;16;14;0
50087;1875;1004;14;16;14;0
50088;1890;1004;14;16;14;0
50089;1905;1004;14;16;14;0
50090;1920;1004;14;16;14;0
50091;1935;1004;14;16;14;0
50092;1950;1004;14;16;14;0
50093;1965;1004;14;16;14;0
50094;1980;1004;14;16;14;0
50095;1995;1004;14;16;14;0
50096;2010;1004;14;16;14;0
50097;2025;1004;14;16;14;0
50098;0;1021;14;16;14;0
50099;15;1021;14;16;14;0
50100;30;1021;14;16;14;0
50101;45;1021;14;16;14;0
50102;60;1021;14;16;14;0
50103;75;1021;14;16;14;0
50104;90;1021;14;16;14;0
50105;105;1021;14;16;14;0
50106;120;1021;14;16;14;0
50107;135;1021;14;16;14;0
50108;150;1021;14;16;14;0
50109;165;1021;14;16;14;0
50110;180;1021;14;16;14;0
50111;195;1021;14;16;14;0
50112;210;1021;14;16;14;0
50113;225;1021;14;16;14;0
50114;240;1021;14;16;14;0
50115;255;1021;14;16;14;0
50116;270;1021;14;16;14;0
50117;285;1021;14;16;14;0
50118;300;1021;14;16;14;0
50119;315;1021;14;16;14;0
50120;330;1021;14;16;14;0
50121;345;1021;14;16;14;0
50122;360;1021;14;16;14;0
50123;375;1021;14;16;14;0
50124;390;1021;14;16;14;0
50125;405;1021;14;16;14;0
50126;420;1021;14;16;14;0
50127;435;1021;14;16;14;0
50128;450;1021;14;16;14;0
50129;465;1021;14;16;14;0
50130;480;1021;14;16;14;0
50131;495;1021;14;16;14;0
50132;510;1021;14;16;14;0
50133;525;1021;14;16;14;0
50134;540;1021;14;16;14;0
50135;555;1021;14;16;14;0
50136;570;1021;14;16;14;0
50137;585;1021;14;16;14;0
50138;600;1021;14;16;14;0
50139;615;1021;14;16;14;0
50140;630;1021;14;16;14;0
50141;645;1021;14;16;14;0
50142;660;1021;14;16;14;0
50143;675;1021;14;16;14;0
50144;690;1021;14;16;14;0
50145;705;1021;14;16;14;0
50146;720;1021;14;16;14;0
50147;735;1021;14;16;14;0
50148;750;1021;14;16;14;0
50149;765;1021;14;16;14;0
50150;780;1021;14;16;14;0
50151;795;1021;14;16;14;0
50152;810;1021;14;16;14;0
50153;825;1021;14;16;14;0
50154;840;1021;14;16;14;0
50155;855;1021;14;16;14;0
50156;870;1021;14;16;14;0
50157;885;1021;14;16;14;0
50158;900;1021;14;16;14;0
50159;915;1021;14;16;14;0
50160;930;1021;14;16;14;0
50161;945;1021;14;16;14;0
50162;960;1021;14;16;14;0
50163;975;1021;14;16;14;0
50164;990;1021;14;16;14;0
50165;1005;1021;14;16;14;0
50166;1020;1021;14;16;14;0
50167;1035;1021;14;16;14;0
50168;1050;1021;14;16;14;0
50169;1065;1021;14;16;14;0
50170;1080;1021;14;16;14;0
50171;1095;1021;14;16;14;0
50172;1110;1021;14;16;14;0
50173;1125;1021;14;16;14;0
50174;1140;1021;14;16;14;0
50175;1155;1021;14;16;14;0
50176;1170;1021;14;16;14;0
50177;1185;1021;14;16;14;0
50178;1200;1021;14;16;14;0
50179;1215;1021;14;16;14;0
50180;1230;1021;14;16;14;0
50181;1245;1021;14;16;14;0
50182;1260;1021;14;16;14;0
50183;1275;1021;14;16;14;0
50184;1290;1021;14;16;14;0
50185;1305;1021;14;16;14;0
50186;1320;1021;14;16;14;0
50187;1335;1021;14;16;14;0
50188;1350;1021;14;16;14;0
50189;1365;1021;14;16;14;0
50190;1380;1021;14;16;14;0
50191;1395;1021;14;16;14;0
50192;1410;1021;14;16;14;0
50193;1425;1021;14;16;14;0
50194;1440;1021;14;16;14;0
50195;1455;1021;14;16;14;0
50196;1470;1021;14;16;14;0
50197;1485;1021;14;16;14;0
50198;1500;1021;14;16;14;0
50199;1515;1021;14;16;14;0
50200;1530;1021;14;16;14;0
50201;1545;1021;14;16;14;0
50202;1560;1021;14;16;14;0
50203;1575;1021;14;16;14;0
50204;1590;1021;14;16;14;0
50205;1605;1021;14;16;14;0
50206;1620;1021;14;16;14;0
50207;1635;1021;14;16;14;0
50208;1650;1021;14;16;14;0
50209;1665;1021;14;16;14;0
50210;1680;1021;14;16;14;0
50211;1695;1021;14;16;14;0
50212;1710;1021;14;16;14;0
50213;1725;1021;14;16;14;0
50214;1740;1021;14;16;14;0
50215;1755;1021;14;16;14;0
50216;1770;1021;14;16;14;0
50217;1785;1021;14;16;14;0
50218;1800;1021;14;16;14;0
50219;1815;1021;14;16;14;0
50220;1830;1021;14;16;14;0
50221;1845;1021;14;16;14;0
50222;1860;1021;14;16;14;0
50223;1875;1021;14;16;14;0
50224;1890;1021;14;16;14;0
50225;1905;1021;14;16;14;0
50226;1920;1021;14;16;14;0
50227;1935;1021;14;16;14;0
50228;1950;1021;14;16;14;0
50229;1965;1021;14;16;14;0
50230;1980;1021;14;16;14;0
50231;1995;1021;14;16;14;0
50232;2010;1021;14;16;14;0
50233;2025;1021;14;16;14;0
50234;0;1038;14;16;14;0
50235;15;1038;14;16;14;0
50236;30;1038;14;16;14;0
50237;45;1038;14;16;14;0
50238;60;1038;14;16;14;0
50239;75;1038;14;16;14;0
50240;90;1038;14;16;14;0
50241;105;1038;14;16;14;0
50242;120;1038;14;16;14;0
50243;135;1038;14;16;14;0
50244;150;1038;14;16;14;0
50245;165;1038;14;16;14;0
50246;180;1038;14;16;14;0
50247;195;1038;14;16;14;0
50248;210;1038;14;16;14;0
50249;225;1038;14;16;14;0
50250;240;1038;14;16;14;0
50251;255;1038;14;16;14;0
50252;270;1038;14;16;14;0
50253;285;1038;14;16;14;0
50254;300;1038;14;16;14;0
50255;315;1038;14;16;14;0
50256;330;1038;14;16;14;0
50257;345;1038;14;16;14;0
50258;360;1038;14;16;14;0
50259;375;1038;14;16;14;0
50260;390;1038;14;16;14;0
50261;405;1038;14;16;14;0
50262;420;1038;14;16;14;0
50263;435;1038;14;16;14;0
50264;450;1038;14;16;14;0
50265;465;1038;14;16;14;0
50266;480;1038;14;16;14;0
50267;495;1038;14;16;14;0
50268;510;1038;14;16;14;0
50269;525;1038;14;16;14;0
50270;540;1038;14;16;14;0
50271;555;1038;14;16;14;0
50272;570;1038;14;16;14;0
50273;585;1038;14;16;14;0
50274;600;1038;14;16;14;0
50275;615;1038;14;16;14;0
50276;630;1038;14;16;14;0
50277;645;1038;14;16;14;0
50278;660;1038;14;16;14;0
50279;675;1038;14;16;14;0
50280;690;1038;14;16;14;0
50281;705;1038;14;16;14;0
50282;720;1038;14;16;14;0
50283;735;1038;14;16;14;0
50284;750;1038;14;16;14;0
50285;765;1038;14;16;14;0
50286;780;1038;14;16;14;0
50287;795;1038;14;16;14;0
50288;810;1038;14;16;14;0
50289;825;1038;14;16;14;0
50290;840;1038;14;16;14;0
50291;855;1038;14;16;14;0
50292;870;1038;14;16;14;0
50293;885;1038;14;16;14;0
50294;900;1038;14;16;14;0
50295;915;1038;14;16;14;0
50296;930;1038;14;16;14;0
50297;945;1038;14;16;14;0
50298;960;1038;14;16;14;0
50299;975;1038;14;16;14;0
50300;990;1038;14;16;14;0
50301;1005;1038;14;16;14;0
50302;1020;1038;14;16;14;0
50303;1035;1038;14;16;14;0
50304;1050;1038;14;16;14;0
50305;1065;1038;14;16;14;0
50306;1080;1038;14;16;14;0
50307;1095;1038;14;16;14;0
50308;1110;1038;14;16;14;0
50309;1125;1038;14;16;14;0
50310;1140;1038;14;16;14;0
50311;1155;1038;14;16;14;0
50312;1170;1038;14;16;14;0
50313;1185;1038;14;16;14;0
50314;1200;1038;14;16;14;0
50315;1215;1038;14;16;14;0
50316;1230;1038;14;16;14;0
50317;1245;1038;14;16;14;0
50318;1260;1038;14;16;14;0
50319;1275;1038;14;16;14;0
50320;1290;1038;14;16;14;0
50321;1305;1038;14;16;14;0
50322;1320;1038;14;16;14;0
50323;1335;1038;14;16;14;0
50324;1350;1038;14;16;14;0
50325;1365;1038;14;16;14;0
50326;1380;1038;14;16;14;0
50327;1395;1038;14;16;14;0
50328;1410;1038;14;16;14;0
50329;1425;1038;14;16;14;0
50330;1440;1038;14;16;14;0
50331;1455;1038;14;16;14;0
50332;1470;1038;14;16;14;0
50333;1485;1038;14;16;14;0
50334;1500;1038;14;16;14;0
50335;1515;1038;14;16;14;0
50336;1530;1038;14;16;14;0
50337;1545;1038;14;16;14;0
50338;1560;1038;14;16;14;0
50339;1575;1038;14;16;14;0
50340;1590;1038;14;16;14;0
50341;1605;1038;14;16;14;0
50342;1620;1038;14;16;14;0
50343;1635;1038;14;16;14;0
50344;1650;1038;14;16;14;0
50345;1665;1038;14;16;14;0
50346;1680;1038;14;16;14;0
50347;1695;1038;14;16;14;0
50348;1710;1038;14;16;14;0
50349;1725;1038;14;16;14;0
50350;1740;1038;14;16;14;0
50351;1755;1038;14;16;14;0
50352;1770;1038;14;16;14;0
50353;1785;1038;14;16;14;0
50354;1800;1038;14;16;14;0
50355;1815;1038;14;16;14;0
50356;1830;1038;14;16;14;0
50357;1845;1038;14;16;14;0
50358;1860;1038;14;16;14;0
50359;1875;1038;14;16;14;0
50360;1890;1038;14;16;14;0
50361;1905;1038;14;16;14;0
50362;1920;1038;14;16;14;0
50363;1935;1038;14;16;14;0
50364;1950;1038;14;16;14;0
50365;1965;1038;14;16;14;0
50366;1980;1038;14;16;14;0
50367;1995;1038;14;16;14;0
50368;2010;1038;14;16;14;0
50369;2025;1038;14;16;14;0
50370;0;1055;14;16;14;0
50371;15;1055;14;16;14;0
50372;30;1055;14;16;14;0
50373;45;1055;14;16;14;0
50374;60;1055;14;16;14;0
50375;75;1055;14;16;14;0
50376;90;1055;14;16;14;0
50377;105;1055;14;16;14;0
50378;120;1055;14;16;14;0
50379;135;1055;14;16;14;0
50380;150;1055;14;16;14;0
50381;165;1055;14;16;14;0
50382;180;1055;14;16;14;0
50383;195;1055;14;16;14;0
50384;210;1055;14;16;14;0
50385;225;1055;14;16;14;0
50386;240;1055;14;16;14;0
50387;255;1055;14;16;14;0
50388;270;1055;14;16;14;0
50389;285;1055;14;16;14;0
50390;300;1055;14;16;14;0
50391;315;1055;14;16;14;0
50392;330;1055;14;16;14;0
50393;345;1055;14;16;14;0
50394;360;1055;14;16;14;0
50395;375;1055;14;16;14;0
50396;390;1055;14;16;14;0
50397;405;1055;14;16;14;0
50398;420;1055;14;16;14;0
50399;435;1055;14;16;14;0
50400;450;1055;14;16;14;0
50401;465;1055;14;16;14;0
50402;480;1055;14;16;14;0
50403;495;1055;14;16;14;0
50404;510;1055;14;16;14;0
50405;525;1055;14;16;14;0
50406;540;1055;14;16;14;0
50407;555;1055;14;16;14;0
50408;570;1055;14;16;14;0
50409;585;1055;14;16;14;0
50410;600;1055;14;16;14;0
50411;615;1055;14;16;14;0
50412;630;1055;14;16;14;0
50413;645;1055;14;16;14;0
50414;660;1055;14;16;14;0
50415;675;1055;14;16;14;0
50416;690;1055;14;16;14;0
50417;705;1055;14;16;14;0
50418;720;1055;14;16;14;0
50419;735;1055;14;16;14;0
50420;750;1055;14;16;14;0
50421;765;1055;14;16;14;0
50422;780;1055;14;16;14;0
50423;795;1055;14;16;14;0
50424;810;1055;14;16;14;0
50425;825;1055;14;16;14;0
50426;840;1055;14;16;14;0
50427;855;1055;14;16;14;0
50428;870;1055;14;16;14;0
50429;885;1055;14;16;14;0
50430;900;1055;14;16;14;0
50431;915;1055;14;16;14;0
50432;930;1055;14;16;14;0
50433;945;1055;14;16;14;0
50434;960;1055;14;16;14;0
50435;975;1055;14;16;14;0
50436;990;1055;14;16;14;0
50437;1005;1055;14;16;14;0
50438;1020;1055;14;16;14;0
50439;1035;1055;14;16;14;0
50440;1050;1055;14;16;14;0
50441;1065;1055;14;16;14;0
50442;1080;1055;14;16;14;0
50443;1095;1055;14;16;14;0
50444;1110;1055;14;16;14;0
50445;1125;1055;14;16;14;0
50446;1140;1055;14;16;14;0
50447;1155;1055;14;16;14;0
50448;1170;1055;14;16;14;0
50449;1185;1055;14;16;14;0
50450;1200;1055;14;16;14;0
50451;1215;1055;14;16;14;0
50452;1230;1055;14;16;14;0
50453;1245;1055;14;16;14;0
50454;1260;1055;14;16;14;0
50455;1275;1055;14;16;14;0
50456;1290;1055;14;16;14;0
50457;1305;1055;14;16;14;0
50458;1320;1055;14;16;14;0
50459;1335;1055;14;16;14;0
50460;1350;1055;14;16;14;0
50461;1365;1055;14;16;14;0
50462;1380;1055;14;16;14;0
50463;1395;1055;14;16;14;0
50464;1410;1055;14;16;14;0
50465;1425;1055;14;16;14;0
50466;1440;1055;14;16;14;0
50467;1455;1055;14;16;14;0
50468;1470;1055;14;16;14;0
50469;1485;1055;14;16;14;0
50470;1500;1055;14;16;14;0
50471;1515;1055;14;16;14;0
50472;1530;1055;14;16;14;0
50473;1545;1055;14;16;14;0
50474;1560;1055;14;16;14;0
50475;1575;1055;14;16;14;0
50476;1590;1055;14;16;14;0
50477;1605;1055;14;16;14;0
50478;1620;1055;14;16;14;0
50479;1635;1055;14;16;14;0
50480;1650;1055;14;16;14;0
50481;1665;1055;14;16;14;0
50482;1680;1055;14;16;14;0
50483;1695;1055;14;16;14;0
50484;1710;1055;14;16;14;0
50485;1725;1055;14;16;14;0
50486;1740;1055;14;16;14;0
50487;1755;1055;14;16;14;0
50488;1770;1055;14;16;14;0
50489;1785;1055;14;16;14;0
50490;1800;1055;14;16;14;0
50491;1815;1055;14;16;14;0
50492;1830;1055;14;16;14;0
50493;1845;1055;14;16;14;0
50494;1860;1055;14;16;14;0
50495;1875;1055;14;16;14;0
50496;1890;1055;14;16;14;0
50497;1905;1055;14;16;14;0
50498;1920;1055;14;16;14;0
50499;1935;1055;14;16;14;0
50500;1950;1055;14;16;14;0
50501;1965;1055;14;16;14;0
50502;1980;1055;14;16;14;0
50503;1995;1055;14;16;14;0
50504;2010;1055;14;16;14;0
50505;2025;1055;14;16;14;0
50506;0;1072;14;16;14;0
50507;15;1072;14;16;14;0
50508;30;1072;14;16;14;0
50509;45;1072;14;16;14;0
50510;60;1072;14;16;14;0
50511;75;1072;14;16;14;0
50512;90;1072;14;16;14;0
50513;105;1072;14;16;14;0
50514;120;1072;14;16;14;0
50515;135;1072;14;16;14;0
50516;150;1072;14;16;14;0
50517;165;1072;14;16;14;0
50518;180;1072;14;16;14;0
50519;195;1072;14;16;14;0
50520;210;1072;14;16;14;0
50521;225;1072;14;16;14;0
50522;240;1072;14;16;14;0
50523;255;1072;14;16;14;0
50524;270;1072;14;16;14;0
50525;285;1072;14;16;14;0
50526;300;1072;14;16;14;0
50527;315;1072;14;16;14;0
50528;330;1072;14;16;14;0
50529;345;1072;14;16;14;0
50530;360;1072;14;16;14;0
50531;375;1072;14;16;14;0
50532;390;1072;14;16;14;0
50533;405;1072;14;16;14;0
50534;420;1072;14;16;14;0
50535;435;1072;14;16;14;0
50536;450;1072;14;16;14;0
50537;465;1072;14;16;14;0
50538;480;1072;14;16;14;0
50539;495;1072;14;16;14;0
50540;510;1072;14;16;14;0
50541;525;1072;14;16;14;0
50542;540;1072;14;16;14;0
50543;555;1072;14;16;14;0
50544;570;1072;14;16;14;0
50545;585;1072;14;16;14;0
50546;600;1072;14;16;14;0
50547;615;1072;14;16;14;0
50548;630;1072;14;16;14;0
50549;645;1072;14;16;14;0
50550;660;1072;14;16;14;0
50551;675;1072;14;16;14;0
50552;690;1072;14;16;14;0
50553;705;1072;14;16;14;0
50554;720;1072;14;16;14;0
50555;735;1072;14;16;14;0
50556;750;1072;14;16;14;0
50557;765;1072;14;16;14;0
50558;780;1072;14;16;14;0
50559;795;1072;14;16;14;0
50560;810;1072;14;16;14;0
50561;825;1072;14;16;14;0
50562;840;1072;14;16;14;0
50563;855;1072;14;16;14;0
50564;870;1072;14;16;14;0
50565;885;1072;14;16;14;0
50566;900;1072;14;16;14;0
50567;915;1072;14;16;14;0
50568;930;1072;14;16;14;0
50569;945;1072;14;16;14;0
50570;960;1072;14;16;14;0
50571;975;1072;14;16;14;0
50572;990;1072;14;16;14;0
50573;1005;1072;14;16;14;0
50574;1020;1072;14;16;14;0
50575;1035;1072;14;16;14;0
50576;1050;1072;14;16;14;0
50577;1065;1072;14;16;14;0
50578;1080;1072;14;16;14;0
50579;1095;1072;14;16;14;0
50580;1110;1072;14;16;14;0
50581;1125;1072;14;16;14;0
50582;1140;1072;14;16;14;0
50583;1155;1072;14;16;14;0
50584;1170;1072;14;16;14;0
50585;1185;1072;14;16;14;0
50586;1200;1072;14;16;14;0
50587;1215;1072;14;16;14;0
50588;1230;1072;14;16;14;0
50589;1245;1072;14;16;14;0
50590;1260;1072;14;16;14;0
50591;1275;1072;14;16;14;0
50592;1290;1072;14;16;14;0
50593;1305;1072;14;16;14;0
50594;1320;1072;14;16;14;0
50595;1335;1072;14;16;14;0
50596;1350;1072;14;16;14;0
50597;1365;1072;14;16;14;0
50598;1380;1072;14;16;14;0
50599;1395;1072;14;16;14;0
50600;1410;1072;14;16;14;0
50601;1425;1072;14;16;14;0
50602;1440;1072;14;16;14;0
50603;1455;1072;14;16;14;0
50604;1470;1072;14;16;14;0
50605;1485;1072;14;16;14;0
50606;1500;1072;14;16;14;0
50607;1515;1072;14;16;14;0
50608;1530;1072;14;16;14;0
50609;1545;1072;14;16;14;0
50610;1560;1072;14;16;14;0
50611;1575;1072;14;16;14;0
50612;1590;1072;14;16;14;0
50613;1605;1072;14;16;14;0
50614;1620;1072;14;16;14;0
50615;1635;1072;14;16;14;0
50616;1650;1072;14;16;14;0
50617;1665;1072;14;16;14;0
50618;1680;1072;14;16;14;0
50619;1695;1072;14;16;14;0
50620;1710;1072;14;16;14;0
50621;1725;1072;14;16;14;0
50622;1740;1072;14;16;14;0
50623;1755;1072;14;16;14;0
50624;1770;1072;14;16;14;0
50625;1785;1072;14;16;14;0
50626;1800;1072;14;16;14;0
50627;1815;1072;14;16;14;0
50628;1830;1072;14;16;14;0
50629;1845;1072;14;16;14;0
50630;1860;1072;14;16;14;0
50631;1875;1072;14;16;14;0
50632;1890;1072;14;16;14;0
50633;1905;1072;14;16;14;0
50634;1920;1072;14;16;14;0
50635;1935;1072;14;16;14;0
50636;1950;1072;14;16;14;0
50637;1965;1072;14;16;14;0
50638;1980;1072;14;16;14;0
50639;1995;1072;14;16;14;0
50640;2010;1072;14;16;14;0
50641;2025;1072;14;16;14;0
50642;0;1089;14;16;14;0
50643;15;1089;14;16;14;0
50644;30;1089;14;16;14;0
50645;45;1089;14;16;14;0
50646;60;1089;14;16;14;0
50647;75;1089;14;16;14;0
50648;90;1089;14;16;14;0
50649;105;1089;14;16;14;0
50650;120;1089;14;16;14;0
50651;135;1089;14;16;14;0
50652;150;1089;14;16;14;0
50653;165;1089;14;16;14;0
50654;180;1089;14;16;14;0
50655;195;1089;14;16;14;0
50656;210;1089;14;16;14;0
50657;225;1089;14;16;14;0
50658;240;1089;14;16;14;0
50659;255;1089;14;16;14;0
50660;270;1089;14;16;14;0
50661;285;1089;14;16;14;0
50662;300;1089;14;16;14;0
50663;315;1089;14;16;14;0
50664;330;1089;14;16;14;0
50665;345;1089;14;16;14;0
50666;360;1089;14;16;14;0
50667;375;1089;14;16;14;0
50668;390;1089;14;16;14;0
50669;405;1089;14;16;14;0
50670;420;1089;14;16;14;0
50671;435;1089;14;16;14;0
50672;450;1089;14;16;14;0
50673;465;1089;14;16;14;0
50674;480;1089;14;16;14;0
50675;495;1089;14;16;14;0
50676;510;1089;14;16;14;0
50677;525;1089;14;16;14;0
50678;540;1089;14;16;14;0
50679;555;1089;14;16;14;0
50680;570;1089;14;16;14;0
50681;585;1089;14;16;14;0
50682;600;1089;14;16;14;0
50683;615;1089;14;16;14;0
50684;630;1089;14;16;14;0
50685;645;1089;14;16;14;0
50686;660;1089;14;16;14;0
50687;675;1089;14;16;14;0
50688;690;1089;14;16;14;0
50689;705;1089;14;16;14;0
50690;720;1089;14;16;14;0
50691;735;1089;14;16;14;0
50692;750;1089;14;16;14;0
50693;765;1089;14;16;14;0
50694;780;1089;14;16;14;0
50695;795;1089;14;16;14;0
50696;810;1089;14;16;14;0
50697;825;1089;14;16;14;0
50698;840;1089;14;16;14;0
50699;855;1089;14;16;14;0
50700;870;1089;14;16;14;0
50701;885;1089;14;16;14;0
50702;900;1089;14;16;14;0
50703;915;1089;14;16;14;0
50704;930;1089;14;16;14;0
50705;945;1089;14;16;14;0
50706;960;1089;14;16;14;0
50707;975;1089;14;16;14;0
50708;990;1089;14;16;14;0
50709;1005;1089;14;16;14;0
50710;1020;1089;14;16;14;0
50711;1035;1089;14;16;14;0
50712;1050;1089;14;16;14;0
50713;1065;1089;14;16;14;0
50714;1080;1089;14;16;14;0
50715;1095;1089;14;16;14;0
50716;1110;1089;14;16;14;0
50717;1125;1089;14;16;14;0
50718;1140;1089;14;16;14;0
50719;1155;1089;14;16;14;0
50720;1170;1089;14;16;14;0
50721;1185;1089;14;16;14;0
50722;1200;1089;14;16;14;0
50723;1215;1089;14;16;14;0
50724;1230;1089;14;16;14;0
50725;1245;1089;14;16;14;0
50726;1260;1089;14;16;14;0
50727;1275;1089;14;16;14;0
50728;1290;1089;14;16;14;0
50729;1305;1089;14;16;14;0
50730;1320;1089;14;16;14;0
50731;1335;1089;14;16;14;0
50732;1350;1089;14;16;14;0
50733;1365;1089;14;16;14;0
50734;1380;1089;14;16;14;0
50735;1395;1089;14;16;14;0
50736;1410;1089;14;16;14;0
50737;1425;1089;14;16;14;0
50738;1440;1089;14;16;14;0
50739;1455;1089;14;16;14;0
50740;1470;1089;14;16;14;0
50741;1485;1089;14;16;14;0
50742;1500;1089;14;16;14;0
50743;1515;1089;14;16;14;0
50744;1530;1089;14;16;14;0
50745;1545;1089;14;16;14;0
50746;1560;1089;14;16;14;0
50747;1575;1089;14;16;14;0
50748;1590;1089;14;16;14;0
50749;1605;1089;14;16;14;0
50750;1620;1089;14;16;14;0
50751;1635;1089;14;16;14;0
50752;1650;1089;14;16;14;0
50753;1665;1089;14;16;14;0
50754;1680;1089;14;16;14;0
50755;1695;1089;14;16;14;0
50756;1710;1089;14;16;14;0
50757;1725;1089;14;16;14;0
50758;1740;1089;14;16;14;0
50759;1755;1089;14;16;14;0
50760;1770;1089;14;16;14;0
50761;1785;1089;14;16;14;0
50762;1800;1089;14;16;14;0
50763;1815;1089;14;16;14;0
50764;1830;1089;14;16;14;0
50765;1845;1089;14;16;14;0
50766;1860;1089;14;16;14;0
50767;1875;1089;14;16;14;0
50768;1890;1089;14;16;14;0
50769;1905;1089;14;16;14;0
50770;1920;1089;14;16;14;0
50771;1935;1089;14;16;14;0
50772;1950;1089;14;16;14;0
50773;1965;1089;14;16;14;0
50774;1980;1089;14;16;14;0
50775;1995;1089;14;16;14;0
50776;2010;1089;14;16;14;0
50777;2025;1089;14;16;14;0
50778;0;1106;14;16;14;0
50779;15;1106;14;16;14;0
50780;30;1106;14;16;14;0
50781;45;1106;14;16;14;0
50782;60;1106;14;16;14;0
50783;75;1106;14;16;14;0
50784;90;1106;14;16;14;0
50785;105;1106;14;16;14;0
50786;120;1106;14;16;14;0
50787;135;1106;14;16;14;0
50788;150;1106;14;16;14;0
50789;165;1106;14;16;14;0
50790;180;1106;14;16;14;0
50791;195;1106;14;16;14;0
50792;210;1106;14;16;14;0
50793;225;1106;14;16;14;0
50794;240;1106;14;16;14;0
50795;255;1106;14;16;14;0
50796;270;1106;14;16;14;0
50797;285;1106;14;16;14;0
50798;300;1106;14;16;14;0
50799;315;1106;14;16;14;0
50800;330;1106;14;16;14;0
50801;345;1106;14;16;14;0
50802;360;1106;14;16;14;0
50803;375;1106;14;16;14;0
50804;390;1106;14;16;14;0
50805;405;1106;14;16;14;0
50806;420;1106;14;16;14;0
50807;435;1106;14;16;14;0
50808;450;1106;14;16;14;0
50809;465;1106;14;16;14;0
50810;480;1106;14;16;14;0
50811;495;1106;14;16;14;0
50812;510;1106;14;16;14;0
50813;525;1106;14;16;14;0
50814;540;1106;14;16;14;0
50815;555;1106;14;16;14;0
50816;570;1106;14;16;14;0
50817;585;1106;14;16;14;0
50818;600;1106;14;16;14;0
50819;615;1106;14;16;14;0
50820;630;1106;14;16;14;0
50821;645;1106;14;16;14;0
50822;660;1106;14;16;14;0
50823;675;1106;14;16;14;0
50824;690;1106;14;16;14;0
50825;705;1106;14;16;14;0
50826;720;1106;14;16;14;0
50827;735;1106;14;16;14;0
50828;750;1106;14;16;14;0
50829;765;1106;14;16;14;0
50830;780;1106;14;16;14;0
50831;795;1106;14;16;14;0
50832;810;1106;14;16;14;0
50833;825;1106;14;16;14;0
50834;840;1106;14;16;14;0
50835;855;1106;14;16;14;0
50836;870;1106;14;16;14;0
50837;885;1106;14;16;14;0
50838;900;1106;14;16;14;0
50839;915;1106;14;16;14;0
50840;930;1106;14;16;14;0
50841;945;1106;14;16;14;0
50842;960;1106;14;16;14;0
50843;975;1106;14;16;14;0
50844;990;1106;14;16;14;0
50845;1005;1106;14;16;14;0
50846;1020;1106;14;16;14;0
50847;1035;1106;14;16;14;0
50848;1050;1106;14;16;14;0
50849;1065;1106;14;16;14;0
50850;1080;1106;14;16;14;0
50851;1095;1106;14;16;14;0
50852;1110;1106;14;16;14;0
50853;1125;1106;14;16;14;0
50854;1140;1106;14;16;14;0
50855;1155;1106;14;16;14;0
50856;1170;1106;14;16;14;0
50857;1185;1106;14;16;14;0
50858;1200;1106;14;16;14;0
50859;1215;1106;14;16;14;0
50860;1230;1106;14;16;14;0
50861;1245;1106;14;16;14;0
50862;1260;1106;14;16;14;0
50863;1275;1106;14;16;14;0
50864;1290;1106;14;16;14;0
50865;1305;1106;14;16;14;0
50866;1320;1106;14;16;14;0
50867;1335;1106;14;16;14;0
50868;1350;1106;14;16;14;0
50869;1365;1106;14;16;14;0
50870;1380;1106;14;16;14;0
50871;1395;1106;14;16;14;0
50872;1410;1106;14;16;14;0
50873;1425;1106;14;16;14;0
50874;1440;1106;14;16;14;0
50875;1455;1106;14;16;14;0
50876;1470;1106;14;16;14;0
50877;1485;1106;14;16;14;0
50878;1500;1106;14;16;14;0
50879;1515;1106;14;16;14;0
50880;1530;1106;14;16;14;0
50881;1545;1106;14;16;14;0
50882;1560;1106;14;16;14;0
50883;1575;1106;14;16;14;0
50884;1590;1106;14;16;14;0
50885;1605;1106;14;16;14;0
50886;1620;1106;14;16;14;0
50887;1635;1106;14;16;14;0
50888;1650;1106;14;16;14;0
50889;1665;1106;14;16;14;0
50890;1680;1106;14;16;14;0
50891;1695;1106;14;16;14;0
50892;1710;1106;14;16;14;0
50893;1725;1106;14;16;14;0
50894;1740;1106;14;16;14;0
50895;1755;1106;14;16;14;0
50896;1770;1106;14;16;14;0
50897;1785;1106;14;16;14;0
50898;1800;1106;14;16;14;0
50899;1815;1106;14;16;14;0
50900;1830;1106;14;16;14;0
50901;1845;1106;14;16;14;0
50902;1860;1106;14;16;14;0
50903;1875;1106;14;16;14;0
50904;1890;1106;14;16;14;0
50905;1905;1106;14;16;14;0
50906;1920;1106;14;16;14;0
50907;1935;1106;14;16;14;0
50908;1950;1106;14;16;14;0
50909;1965;1106;14;16;14;0
50910;1980;1106;14;16;14;0
50911;1995;1106;14;16;14;0
50912;2010;1106;14;16;14;0
50913;2025;1106;14;16;14;0
50914;0;1123;14;16;14;0
50915;15;1123;14;16;14;0
50916;30;1123;14;16;14;0
50917;45;1123;14;16;14;0
50918;60;1123;14;16;14;0
50919;75;1123;14;16;14;0
50920;90;1123;14;16;14;0
50921;105;1123;14;16;14;0
50922;120;1123;14;16;14;0
50923;135;1123;14;16;14;0
50924;150;1123;14;16;14;0
50925;165;1123;14;16;14;0
50926;180;1123;14;16;14;0
50927;195;1123;14;16;14;0
50928;210;1123;14;16;14;0
50929;225;1123;14;16;14;0
50930;240;1123;14;16;14;0
50931;255;1123;14;16;14;0
50932;270;1123;14;16;14;0
50933;285;1123;14;16;14;0
50934;300;1123;14;16;14;0
50935;315;1123;14;16;14;0
50936;330;1123;14;16;14;0
50937;345;1123;14;16;14;0
50938;360;1123;14;16;14;0
50939;375;1123;14;16;14;0
50940;390;1123;14;16;14;0
50941;405;1123;14;16;14;0
50942;420;1123;14;16;14;0
50943;435;1123;14;16;14;0
50944;450;1123;14;16;14;0
50945;465;1123;14;16;14;0
50946;480;1123;14;16;14;0
50947;495;1123;14;16;14;0
50948;510;1123;14;16;14;0
50949;525;1123;14;16;14;0
50950;540;1123;14;16;14;0
50951;555;1123;14;16;14;0
50952;570;1123;14;16;14;0
50953;585;1123;14;16;14;0
50954;600;1123;14;16;14;0
50955;615;1123;14;16;14;0
50956;630;1123;14;16;14;0
50957;645;1123;14;16;14;0
50958;660;1123;14;16;14;0
50959;675;1123;14;16;14;0
50960;690;1123;14;16;14;0
50961;705;1123;14;16;14;0
50962;720;1123;14;16;14;0
50963;735;1123;14;16;14;0
50964;750;1123;14;16;14;0
50965;765;1123;14;16;14;0
50966;780;1123;14;16;14;0
50967;795;1123;14;16;14;0
50968;810;1123;14;16;14;0
50969;825;1123;14;16;14;0
50970;840;1123;14;16;14;0
50971;855;1123;14;16;14;0
50972;870;1123;14;16;14;0
50973;885;1123;14;16;14;0
50974;900;1123;14;16;14;0
50975;915;1123;14;16;14;0
50976;930;1123;14;16;14;0
50977;945;1123;14;16;14;0
50978;960;1123;14;16;14;0
50979;975;1123;14;16;14;0
50980;990;1123;14;16;14;0
50981;1005;1123;14;16;14;0
50982;1020;1123;14;16;14;0
50983;1035;1123;14;16;14;0
50984;1050;1123;14;16;14;0
50985;1065;1123;14;16;14;0
50986;1080;1123;14;16;14;0
50987;1095;1123;14;16;14;0
50988;1110;1123;14;16;14;0
50989;1125;1123;14;16;14;0
50990;1140;1123;14;16;14;0
50991;1155;1123;14;16;14;0
50992;1170;1123;14;16;14;0
50993;1185;1123;14;16;14;0
50994;1200;1123;14;16;14;0
50995;1215;1123;14;16;14;0
50996;1230;1123;14;16;14;0
50997;1245;1123;14;16;14;0
50998;1260;1123;14;16;14;0
50999;1275;1123;14;16;14;0
51000;1290;1123;14;16;14;0
51001;1305;1123;14;16;14;0
51002;1320;1123;14;16;14;0
51003;1335;1123;14;16;14;0
51004;1350;1123;14;16;14;0
51005;1365;1123;14;16;14;0
51006;1380;1123;14;16;14;0
51007;1395;1123;14;16;14;0
51008;1410;1123;14;16;14;0
51009;1425;1123;14;16;14;0
51010;1440;1123;14;16;14;0
51011;1455;1123;14;16;14;0
51012;1470;1123;14;16;14;0
51013;1485;1123;14;16;14;0
51014;1500;1123;14;16;14;0
51015;1515;1123;14;16;14;0
51016;1530;1123;14;16;14;0
51017;1545;1123;14;16;14;0
51018;1560;1123;14;16;14;0
51019;1575;1123;14;16;14;0
51020;1590;1123;14;16;14;0
51021;1605;1123;14;16;14;0
51022;1620;1123;14;16;14;0
51023;1635;1123;14;16;14;0
51024;1650;1123;14;16;14;0
51025;1665;1123;14;16;14;0
51026;1680;1123;14;16;14;0
51027;1695;1123;14;16;14;0
51028;1710;1123;14;16;14;0
51029;1725;1123;14;16;14;0
51030;1740;1123;14;16;14;0
51031;1755;1123;14;16;14;0
51032;1770;1123;14;16;14;0
51033;1785;1123;14;16;14;0
51034;1800;1123;14;16;14;0
51035;1815;1123;14;16;14;0
51036;1830;1123;14;16;14;0
51037;1845;1123;14;16;14;0
51038;1860;1123;14;16;14;0
51039;1875;1123;14;16;14;0
51040;1890;1123;14;16;14;0
51041;1905;1123;14;16;14;0
51042;1920;1123;14;16;14;0
51043;1935;1123;14;16;14;0
51044;1950;1123;14;16;14;0
51045;1965;1123;14;16;14;0
51046;1980;1123;14;16;14;0
51047;1995;1123;14;16;14;0
51048;2010;1123;14;16;14;0
51049;2025;1123;14;16;14;0
51050;0;1140;14;16;14;0
51051;15;1140;14;16;14;0
51052;30;1140;14;16;14;0
51053;45;1140;14;16;14;0
51054;60;1140;14;16;14;0
51055;75;1140;14;16;14;0
51056;90;1140;14;16;14;0
51057;105;1140;14;16;14;0
51058;120;1140;14;16;14;0
51059;135;1140;14;16;14;0
51060;150;1140;14;16;14;0
51061;165;1140;14;16;14;0
51062;180;1140;14;16;14;0
51063;195;1140;14;16;14;0
51064;210;1140;14;16;14;0
51065;225;1140;14;16;14;0
51066;240;1140;14;16;14;0
51067;255;1140;14;16;14;0
51068;270;1140;14;16;14;0
51069;285;1140;14;16;14;0
51070;300;1140;14;16;14;0
51071;315;1140;14;16;14;0
51072;330;1140;14;16;14;0
51073;345;1140;14;16;14;0
51074;360;1140;14;16;14;0
51075;375;1140;14;16;14;0
51076;390;1140;14;16;14;0
51077;405;1140;14;16;14;0
51078;420;1140;14;16;14;0
51079;435;1140;14;16;14;0
51080;450;1140;14;16;14;0
51081;465;1140;14;16;14;0
51082;480;1140;14;16;14;0
51083;495;1140;14;16;14;0
51084;510;1140;14;16;14;0
51085;525;1140;14;16;14;0
51086;540;1140;14;16;14;0
51087;555;1140;14;16;14;0
51088;570;1140;14;16;14;0
51089;585;1140;14;16;14;0
51090;600;1140;14;16;14;0
51091;615;1140;14;16;14;0
51092;630;1140;14;16;14;0
51093;645;1140;14;16;14;0
51094;660;1140;14;16;14;0
51095;675;1140;14;16;14;0
51096;690;1140;14;16;14;0
51097;705;1140;14;16;14;0
51098;720;1140;14;16;14;0
51099;735;1140;14;16;14;0
51100;750;1140;14;16;14;0
51101;765;1140;14;16;14;0
51102;780;1140;14;16;14;0
51103;795;1140;14;16;14;0
51104;810;1140;14;16;14;0
51105;825;1140;14;16;14;0
51106;840;1140;14;16;14;0
51107;855;1140;14;16;14;0
51108;870;1140;14;16;14;0
51109;885;1140;14;16;14;0
51110;900;1140;14;16;14;0
51111;915;1140;14;16;14;0
51112;930;1140;14;16;14;0
51113;945;1140;14;16;14;0
51114;960;1140;14;16;14;0
51115;975;1140;14;16;14;0
51116;990;1140;14;16;14;0
51117;1005;1140;14;16;14;0
51118;1020;1140;14;16;14;0
51119;1035;1140;14;16;14;0
51120;1050;1140;14;16;14;0
51121;1065;1140;14;16;14;0
51122;1080;1140;14;16;14;0
51123;1095;1140;14;16;14;0
51124;1110;1140;14;16;14;0
51125;1125;1140;14;16;14;0
51126;1140;1140;14;16;14;0
51127;1155;1140;14;16;14;0
51128;1170;1140;14;16;14;0
51129;1185;1140;14;16;14;0
51130;1200;1140;14;16;14;0
51131;1215;1140;14;16;14;0
51132;1230;1140;14;16;14;0
51133;1245;1140;14;16;14;0
51134;1260;1140;14;16;14;0
51135;1275;1140;14;16;14;0
51136;1290;1140;14;16;14;0
51137;1305;1140;14;16;14;0
51138;1320;1140;14;16;14;0
51139;1335;1140;14;16;14;0
51140;1350;1140;14;16;14;0
51141;1365;1140;14;16;14;0
51142;1380;1140;14;16;14;0
51143;1395;1140;14;16;14;0
51144;1410;1140;14;16;14;0
51145;1425;1140;14;16;14;0
51146;1440;1140;14;16;14;0
51147;1455;1140;14;16;14;0
51148;1470;1140;14;16;14;0
51149;1485;1140;14;16;14;0
51150;1500;1140;14;16;14;0
51151;1515;1140;14;16;14;0
51152;1530;1140;14;16;14;0
51153;1545;1140;14;16;14;0
51154;1560;1140;14;16;14;0
51155;1575;1140;14;16;14;0
51156;1590;1140;14;16;14;0
51157;1605;1140;14;16;14;0
51158;1620;1140;14;16;14;0
51159;1635;1140;14;16;14;0
51160;1650;1140;14;16;14;0
51161;1665;1140;14;16;14;0
51162;1680;1140;14;16;14;0
51163;1695;1140;14;16;14;0
51164;1710;1140;14;16;14;0
51165;1725;1140;14;16;14;0
51166;1740;1140;14;16;14;0
51167;1755;1140;14;16;14;0
51168;1770;1140;14;16;14;0
51169;1785;1140;14;16;14;0
51170;1800;1140;14;16;14;0
51171;1815;1140;14;16;14;0
51172;1830;1140;14;16;14;0
51173;1845;1140;14;16;14;0
51174;1860;1140;14;16;14;0
51175;1875;1140;14;16;14;0
51176;1890;1140;14;16;14;0
51177;1905;1140;14;16;14;0
51178;1920;1140;14;16;14;0
51179;1935;1140;14;16;14;0
51180;1950;1140;14;16;14;0
51181;1965;1140;14;16;14;0
51182;1980;1140;14;16;14;0
51183;1995;1140;14;16;14;0
51184;2010;1140;14;16;14;0
51185;2025;1140;14;16;14;0
51186;0;1157;14;16;14;0
51187;15;1157;14;16;14;0
51188;30;1157;14;16;14;0
51189;45;1157;14;16;14;0
51190;60;1157;14;16;14;0
51191;75;1157;14;16;14;0
51192;90;1157;14;16;14;0
51193;105;1157;14;16;14;0
51194;120;1157;14;16;14;0
51195;135;1157;14;16;14;0
51196;150;1157;14;16;14;0
51197;165;1157;14;16;14;0
51198;180;1157;14;16;14;0
51199;195;1157;14;16;14;0
51200;210;1157;14;16;14;0
51201;225;1157;14;16;14;0
51202;240;1157;14;16;14;0
51203;255;1157;14;16;14;0
51204;270;1157;14;16;14;0
51205;285;1157;14;16;14;0
51206;300;1157;14;16;14;0
51207;315;1157;14;16;14;0
51208;330;1157;14;16;14;0
51209;345;1157;14;16;14;0
51210;360;1157;14;16;14;0
51211;375;1157;14;16;14;0
51212;390;1157;14;16;14;0
51213;405;1157;14;16;14;0
51214;420;1157;14;16;14;0
51215;435;1157;14;16;14;0
51216;450;1157;14;16;14;0
51217;465;1157;14;16;14;0
51218;480;1157;14;16;14;0
51219;495;1157;14;16;14;0
51220;510;1157;14;16;14;0
51221;525;1157;14;16;14;0
51222;540;1157;14;16;14;0
51223;555;1157;14;16;14;0
51224;570;1157;14;16;14;0
51225;585;1157;14;16;14;0
51226;600;1157;14;16;14;0
51227;615;1157;14;16;14;0
51228;630;1157;14;16;14;0
51229;645;1157;14;16;14;0
51230;660;1157;14;16;14;0
51231;675;1157;14;16;14;0
51232;690;1157;14;16;14;0
51233;705;1157;14;16;14;0
51234;720;1157;14;16;14;0
51235;735;1157;14;16;14;0
51236;750;1157;14;16;14;0
51237;765;1157;14;16;14;0
51238;780;1157;14;16;14;0
51239;795;1157;14;16;14;0
51240;810;1157;14;16;14;0
51241;825;1157;14;16;14;0
51242;840;1157;14;16;14;0
51243;855;1157;14;16;14;0
51244;870;1157;14;16;14;0
51245;885;1157;14;16;14;0
51246;900;1157;14;16;14;0
51247;915;1157;14;16;14;0
51248;930;1157;14;16;14;0
51249;945;1157;14;16;14;0
51250;960;1157;14;16;14;0
51251;975;1157;14;16;14;0
51252;990;1157;14;16;14;0
51253;1005;1157;14;16;14;0
51254;1020;1157;14;16;14;0
51255;1035;1157;14;16;14;0
51256;1050;1157;14;16;14;0
51257;1065;1157;14;16;14;0
51258;1080;1157;14;16;14;0
51259;1095;1157;14;16;14;0
51260;1110;1157;14;16;14;0
51261;1125;1157;14;16;14;0
51262;1140;1157;14;16;14;0
51263;1155;1157;14;16;14;0
51264;1170;1157;14;16;14;0
51265;1185;1157;14;16;14;0
51266;1200;1157;14;16;14;0
51267;1215;1157;14;16;14;0
51268;1230;1157;14;16;14;0
51269;1245;1157;14;16;14;0
51270;1260;1157;14;16;14;0
51271;1275;1157;14;16;14;0
51272;1290;1157;14;16;14;0
51273;1305;1157;14;16;14;0
51274;1320;1157;14;16;14;0
51275;1335;1157;14;16;14;0
51276;1350;1157;14;16;14;0
51277;1365;1157;14;16;14;0
51278;1380;1157;14;16;14;0
51279;1395;1157;14;16;14;0
51280;1410;1157;14;16;14;0
51281;1425;1157;14;16;14;0
51282;1440;1157;14;16;14;0
51283;1455;1157;14;16;14;0
51284;1470;1157;14;16;14;0
51285;1485;1157;14;16;14;0
51286;1500;1157;14;16;14;0
51287;1515;1157;14;16;14;0
51288;1530;1157;14;16;14;0
51289;1545;1157;14;16;14;0
51290;1560;1157;14;16;14;0
51291;1575;1157;14;16;14;0
51292;1590;1157;14;16;14;0
51293;1605;1157;14;16;14;0
51294;1620;1157;14;16;14;0
51295;1635;1157;14;16;14;0
51296;1650;1157;14;16;14;0
51297;1665;1157;14;16;14;0
51298;1680;1157;14;16;14;0
51299;1695;1157;14;16;14;0
51300;1710;1157;14;16;14;0
51301;1725;1157;14;16;14;0
51302;1740;1157;14;16;14;0
51303;1755;1157;14;16;14;0
51304;1770;1157;14;16;14;0
51305;1785;1157;14;16;14;0
51306;1800;1157;14;16;14;0
51307;1815;1157;14;16;14;0
51308;1830;1157;14;16;14;0
51309;1845;1157;14;16;14;0
51310;1860;1157;14;16;14;0
51311;1875;1157;14;16;14;0
51312;1890;1157;14;16;14;0
51313;1905;1157;14;16;14;0
51314;1920;1157;14;16;14;0
51315;1935;1157;14;16;14;0
51316;1950;1157;14;16;14;0
51317;1965;1157;14;16;14;0
51318;1980;1157;14;16;14;0
51319;1995;1157;14;16;14;0
51320;2010;1157;14;16;14;0
51321;2025;1157;14;16;14;0
51322;0;1174;14;16;14;0
51323;15;1174;14;16;14;0
51324;30;1174;14;16;14;0
51325;45;1174;14;16;14;0
51326;60;1174;14;16;14;0
51327;75;1174;14;16;14;0
51328;90;1174;14;16;14;0
51329;105;1174;14;16;14;0
51330;120;1174;14;16;14;0
51331;135;1174;14;16;14;0
51332;150;1174;14;16;14;0
51333;165;1174;14;16;14;0
51334;180;1174;14;16;14;0
51335;195;1174;14;16;14;0
51336;210;1174;14;16;14;0
51337;225;1174;14;16;14;0
51338;240;1174;14;16;14;0
51339;255;1174;14;16;14;0
51340;270;1174;14;16;14;0
51341;285;1174;14;16;14;0
51342;300;1174;14;16;14;0
51343;315;1174;14;16;14;0
51344;330;1174;14;16;14;0
51345;345;1174;14;16;14;0
51346;360;1174;14;16;14;0
51347;375;1174;14;16;14;0
51348;390;1174;14;16;14;0
51349;405;1174;14;16;14;0
51350;420;1174;14;16;14;0
51351;435;1174;14;16;14;0
51352;450;1174;14;16;14;0
51353;465;1174;14;16;14;0
51354;480;1174;14;16;14;0
51355;495;1174;14;16;14;0
51356;510;1174;14;16;14;0
51357;525;1174;14;16;14;0
51358;540;1174;14;16;14;0
51359;555;1174;14;16;14;0
51360;570;1174;14;16;14;0
51361;585;1174;14;16;14;0
51362;600;1174;14;16;14;0
51363;615;1174;14;16;14;0
51364;630;1174;14;16;14;0
51365;645;1174;14;16;14;0
51366;660;1174;14;16;14;0
51367;675;1174;14;16;14;0
51368;690;1174;14;16;14;0
51369;705;1174;14;16;14;0
51370;720;1174;14;16;14;0
51371;735;1174;14;16;14;0
51372;750;1174;14;16;14;0
51373;765;1174;14;16;14;0
51374;780;1174;14;16;14;0
51375;795;1174;14;16;14;0
51376;810;1174;14;16;14;0
51377;825;1174;14;16;14;0
51378;840;1174;14;16;14;0
51379;855;1174;14;16;14;0
51380;870;1174;14;16;14;0
51381;885;1174;14;16;14;0
51382;900;1174;14;16;14;0
51383;915;1174;14;16;14;0
51384;930;1174;14;16;14;0
51385;945;1174;14;16;14;0
51386;960;1174;14;16;14;0
51387;975;1174;14;16;14;0
51388;990;1174;14;16;14;0
51389;1005;1174;14;16;14;0
51390;1020;1174;14;16;14;0
51391;1035;1174;14;16;14;0
51392;1050;1174;14;16;14;0
51393;1065;1174;14;16;14;0
51394;1080;1174;14;16;14;0
51395;1095;1174;14;16;14;0
51396;1110;1174;14;16;14;0
51397;1125;1174;14;16;14;0
51398;1140;1174;14;16;14;0
51399;1155;1174;14;16;14;0
51400;1170;1174;14;16;14;0
51401;1185;1174;14;16;14;0
51402;1200;1174;14;16;14;0
51403;1215;1174;14;16;14;0
51404;1230;1174;14;16;14;0
51405;1245;1174;14;16;14;0
51406;1260;1174;14;16;14;0
51407;1275;1174;14;16;14;0
51408;1290;1174;14;16;14;0
51409;1305;1174;14;16;14;0
51410;1320;1174;14;16;14;0
51411;1335;1174;14;16;14;0
51412;1350;1174;14;16;14;0
51413;1365;1174;14;16;14;0
51414;1380;1174;14;16;14;0
51415;1395;1174;14;16;14;0
51416;1410;1174;14;16;14;0
51417;1425;1174;14;16;14;0
51418;1440;1174;14;16;14;0
51419;1455;1174;14;16;14;0
51420;1470;1174;14;16;14;0
51421;1485;1174;14;16;14;0
51422;1500;1174;14;16;14;0
51423;1515;1174;14;16;14;0
51424;1530;1174;14;16;14;0
51425;1545;1174;14;16;14;0
51426;1560;1174;14;16;14;0
51427;1575;1174;14;16;14;0
51428;1590;1174;14;16;14;0
51429;1605;1174;14;16;14;0
51430;1620;1174;14;16;14;0
51431;1635;1174;14;16;14;0
51432;1650;1174;14;16;14;0
51433;1665;1174;14;16;14;0
51434;1680;1174;14;16;14;0
51435;1695;1174;14;16;14;0
51436;1710;1174;14;16;14;0
51437;1725;1174;14;16;14;0
51438;1740;1174;14;16;14;0
51439;1755;1174;14;16;14;0
51440;1770;1174;14;16;14;0
51441;1785;1174;14;16;14;0
51442;1800;1174;14;16;14;0
51443;1815;1174;14;16;14;0
51444;1830;1174;14;16;14;0
51445;1845;1174;14;16;14;0
51446;1860;1174;14;16;14;0
51447;1875;1174;14;16;14;0
51448;1890;1174;14;16;14;0
51449;1905;1174;14;16;14;0
51450;1920;1174;14;16;14;0
51451;1935;1174;14;16;14;0
51452;1950;1174;14;16;14;0
51453;1965;1174;14;16;14;0
51454;1980;1174;14;16;14;0
51455;1995;1174;14;16;14;0
51456;2010;1174;14;16;14;0
51457;2025;1174;14;16;14;0
51458;0;1191;14;16;14;0
51459;15;1191;14;16;14;0
51460;30;1191;14;16;14;0
51461;45;1191;14;16;14;0
51462;60;1191;14;16;14;0
51463;75;1191;14;16;14;0
51464;90;1191;14;16;14;0
51465;105;1191;14;16;14;0
51466;120;1191;14;16;14;0
51467;135;1191;14;16;14;0
51468;150;1191;14;16;14;0
51469;165;1191;14;16;14;0
51470;180;1191;14;16;14;0
51471;195;1191;14;16;14;0
51472;210;1191;14;16;14;0
51473;225;1191;14;16;14;0
51474;240;1191;14;16;14;0
51475;255;1191;14;16;14;0
51476;270;1191;14;16;14;0
51477;285;1191;14;16;14;0
51478;300;1191;14;16;14;0
51479;315;1191;14;16;14;0
51480;330;1191;14;16;14;0
51481;345;1191;14;16;14;0
51482;360;1191;14;16;14;0
51483;375;1191;14;16;14;0
51484;390;1191;14;16;14;0
51485;405;1191;14;16;14;0
51486;420;1191;14;16;14;0
51487;435;1191;14;16;14;0
51488;450;1191;14;16;14;0
51489;465;1191;14;16;14;0
51490;480;1191;14;16;14;0
51491;495;1191;14;16;14;0
51492;510;1191;14;16;14;0
51493;525;1191;14;16;14;0
51494;540;1191;14;16;14;0
51495;555;1191;14;16;14;0
51496;570;1191;14;16;14;0
51497;585;1191;14;16;14;0
51498;600;1191;14;16;14;0
51499;615;1191;14;16;14;0
51500;630;1191;14;16;14;0
51501;645;1191;14;16;14;0
51502;660;1191;14;16;14;0
51503;675;1191;14;16;14;0
51504;690;1191;14;16;14;0
51505;705;1191;14;16;14;0
51506;720;1191;14;16;14;0
51507;735;1191;14;16;14;0
51508;750;1191;14;16;14;0
51509;765;1191;14;16;14;0
51510;780;1191;14;16;14;0
51511;795;1191;14;16;14;0
51512;810;1191;14;16;14;0
51513;825;1191;14;16;14;0
51514;840;1191;14;16;14;0
51515;855;1191;14;16;14;0
51516;870;1191;14;16;14;0
51517;885;1191;14;16;14;0
51518;900;1191;14;16;14;0
51519;915;1191;14;16;14;0
51520;930;1191;14;16;14;0
51521;945;1191;14;16;14;0
51522;960;1191;14;16;14;0
51523;975;1191;14;16;14;0
51524;990;1191;14;16;14;0
51525;1005;1191;14;16;14;0
51526;1020;1191;14;16;14;0
51527;1035;1191;14;16;14;0
51528;1050;1191;14;16;14;0
51529;1065;1191;14;16;14;0
51530;1080;1191;14;16;14;0
51531;1095;1191;14;16;14;0
51532;1110;1191;14;16;14;0
51533;1125;1191;14;16;14;0
51534;1140;1191;14;16;14;0
51535;1155;1191;14;16;14;0
51536;1170;1191;14;16;14;0
51537;1185;1191;14;16;14;0
51538;1200;1191;14;16;14;0
51539;1215;1191;14;16;14;0
51540;1230;1191;14;16;14;0
51541;1245;1191;14;16;14;0
51542;1260;1191;14;16;14;0
51543;1275;1191;14;16;14;0
51544;1290;1191;14;16;14;0
51545;1305;1191;14;16;14;0
51546;1320;1191;14;16;14;0
51547;1335;1191;14;16;14;0
51548;1350;1191;14;16;14;0
51549;1365;1191;14;16;14;0
51550;1380;1191;14;16;14;0
51551;1395;1191;14;16;14;0
51552;1410;1191;14;16;14;0
51553;1425;1191;14;16;14;0
51554;1440;1191;14;16;14;0
51555;1455;1191;14;16;14;0
51556;1470;1191;14;16;14;0
51557;1485;1191;14;16;14;0
51558;1500;1191;14;16;14;0
51559;1515;1191;14;16;14;0
51560;1530;1191;14;16;14;0
51561;1545;1191;14;16;14;0
51562;1560;1191;14;16;14;0
51563;1575;1191;14;16;14;0
51564;1590;1191;14;16;14;0
51565;1605;1191;14;16;14;0
51566;1620;1191;14;16;14;0
51567;1635;1191;14;16;14;0
51568;1650;1191;14;16;14;0
51569;1665;1191;14;16;14;0
51570;1680;1191;14;16;14;0
51571;1695;1191;14;16;14;0
51572;1710;1191;14;16;14;0
51573;1725;1191;14;16;14;0
51574;1740;1191;14;16;14;0
51575;1755;1191;14;16;14;0
51576;1770;1191;14;16;14;0
51577;1785;1191;14;16;14;0
51578;1800;1191;14;16;14;0
51579;1815;1191;14;16;14;0
51580;1830;1191;14;16;14;0
51581;1845;1191;14;16;14;0
51582;1860;1191;14;16;14;0
51583;1875;1191;14;16;14;0
51584;1890;1191;14;16;14;0
51585;1905;1191;14;16;14;0
51586;1920;1191;14;16;14;0
51587;1935;1191;14;16;14;0
51588;1950;1191;14;16;14;0
51589;1965;1191;14;16;14;0
51590;1980;1191;14;16;14;0
51591;1995;1191;14;16;14;0
51592;2010;1191;14;16;14;0
51593;2025;1191;14;16;14;0
51594;0;1208;14;16;14;0
51595;15;1208;14;16;14;0
51596;30;1208;14;16;14;0
51597;45;1208;14;16;14;0
51598;60;1208;14;16;14;0
51599;75;1208;14;16;14;0
51600;90;1208;14;16;14;0
51601;105;1208;14;16;14;0
51602;120;1208;14;16;14;0
51603;135;1208;14;16;14;0
51604;150;1208;14;16;14;0
51605;165;1208;14;16;14;0
51606;180;1208;14;16;14;0
51607;195;1208;14;16;14;0
51608;210;1208;14;16;14;0
51609;225;1208;14;16;14;0
51610;240;1208;14;16;14;0
51611;255;1208;14;16;14;0
51612;270;1208;14;16;14;0
51613;285;1208;14;16;14;0
51614;300;1208;14;16;14;0
51615;315;1208;14;16;14;0
51616;330;1208;14;16;14;0
51617;345;1208;14;16;14;0
51618;360;1208;14;16;14;0
51619;375;1208;14;16;14;0
51620;390;1208;14;16;14;0
51621;405;1208;14;16;14;0
51622;420;1208;14;16;14;0
51623;435;1208;14;16;14;0
51624;450;1208;14;16;14;0
51625;465;1208;14;16;14;0
51626;480;1208;14;16;14;0
51627;495;1208;14;16;14;0
51628;510;1208;14;16;14;0
51629;525;1208;14;16;14;0
51630;540;1208;14;16;14;0
51631;555;1208;14;16;14;0
51632;570;1208;14;16;14;0
51633;585;1208;14;16;14;0
51634;600;1208;14;16;14;0
51635;615;1208;14;16;14;0
51636;630;1208;14;16;14;0
51637;645;1208;14;16;14;0
51638;660;1208;14;16;14;0
51639;675;1208;14;16;14;0
51640;690;1208;14;16;14;0
51641;705;1208;14;16;14;0
51642;720;1208;14;16;14;0
51643;735;1208;14;16;14;0
51644;750;1208;14;16;14;0
51645;765;1208;14;16;14;0
51646;780;1208;14;16;14;0
51647;795;1208;14;16;14;0
51648;810;1208;14;16;14;0
51649;825;1208;14;16;14;0
51650;840;1208;14;16;14;0
51651;855;1208;14;16;14;0
51652;870;1208;14;16;14;0
51653;885;1208;14;16;14;0
51654;900;1208;14;16;14;0
51655;915;1208;14;16;14;0
51656;930;1208;14;16;14;0
51657;945;1208;14;16;14;0
51658;960;1208;14;16;14;0
51659;975;1208;14;16;14;0
51660;990;1208;14;16;14;0
51661;1005;1208;14;16;14;0
51662;1020;1208;14;16;14;0
51663;1035;1208;14;16;14;0
51664;1050;1208;14;16;14;0
51665;1065;1208;14;16;14;0
51666;1080;1208;14;16;14;0
51667;1095;1208;14;16;14;0
51668;1110;1208;14;16;14;0
51669;1125;1208;14;16;14;0
51670;1140;1208;14;16;14;0
51671;1155;1208;14;16;14;0
51672;1170;1208;14;16;14;0
51673;1185;1208;14;16;14;0
51674;1200;1208;14;16;14;0
51675;1215;1208;14;16;14;0
51676;1230;1208;14;16;14;0
51677;1245;1208;14;16;14;0
51678;1260;1208;14;16;14;0
51679;1275;1208;14;16;14;0
51680;1290;1208;14;16;14;0
51681;1305;1208;14;16;14;0
51682;1320;1208;14;16;14;0
51683;1335;1208;14;16;14;0
51684;1350;1208;14;16;14;0
51685;1365;1208;14;16;14;0
51686;1380;1208;14;16;14;0
51687;1395;1208;14;16;14;0
51688;1410;1208;14;16;14;0
51689;1425;1208;14;16;14;0
51690;1440;1208;14;16;14;0
51691;1455;1208;14;16;14;0
51692;1470;1208;14;16;14;0
51693;1485;1208;14;16;14;0
51694;1500;1208;14;16;14;0
51695;1515;1208;14;16;14;0
51696;1530;1208;14;16;14;0
51697;1545;1208;14;16;14;0
51698;1560;1208;14;16;14;0
51699;1575;1208;14;16;14;0
51700;1590;1208;14;16;14;0
51701;1605;1208;14;16;14;0
51702;1620;1208;14;16;14;0
51703;1635;1208;14;16;14;0
51704;1650;1208;14;16;14;0
51705;1665;1208;14;16;14;0
51706;1680;1208;14;16;14;0
51707;1695;1208;14;16;14;0
51708;1710;1208;14;16;14;0
51709;1725;1208;14;16;14;0
51710;1740;1208;14;16;14;0
51711;1755;1208;14;16;14;0
51712;1770;1208;14;16;14;0
51713;1785;1208;14;16;14;0
51714;1800;1208;14;16;14;0
51715;1815;1208;14;16;14;0
51716;1830;1208;14;16;14;0
51717;1845;1208;14;16;14;0
51718;1860;1208;14;16;14;0
51719;1875;1208;14;16;14;0
51720;1890;1208;14;16;14;0
51721;1905;1208;14;16;14;0
51722;1920;1208;14;16;14;0
51723;1935;1208;14;16;14;0
51724;1950;1208;14;16;14;0
51725;1965;1208;14;16;14;0
51726;1980;1208;14;16;14;0
51727;1995;1208;14;16;14;0
51728;2010;1208;14;16;14;0
51729;2025;1208;14;16;14;0
51730;0;1225;14;16;14;0
51731;15;1225;14;16;14;0
51732;30;1225;14;16;14;0
51733;45;1225;14;16;14;0
51734;60;1225;14;16;14;0
51735;75;1225;14;16;14;0
51736;90;1225;14;16;14;0
51737;105;1225;14;16;14;0
51738;120;1225;14;16;14;0
51739;135;1225;14;16;14;0
51740;150;1225;14;16;14;0
51741;165;1225;14;16;14;0
51742;180;1225;14;16;14;0
51743;195;1225;14;16;14;0
51744;210;1225;14;16;14;0
51745;225;1225;14;16;14;0
51746;240;1225;14;16;14;0
51747;255;1225;14;16;14;0
51748;270;1225;14;16;14;0
51749;285;1225;14;16;14;0
51750;300;1225;14;16;14;0
51751;315;1225;14;16;14;0
51752;330;1225;14;16;14;0
51753;345;1225;14;16;14;0
51754;360;1225;14;16;14;0
51755;375;1225;14;16;14;0
51756;390;1225;14;16;14;0
51757;405;1225;14;16;14;0
51758;420;1225;14;16;14;0
51759;435;1225;14;16;14;0
51760;450;1225;14;16;14;0
51761;465;1225;14;16;14;0
51762;480;1225;14;16;14;0
51763;495;1225;14;16;14;0
51764;510;1225;14;16;14;0
51765;525;1225;14;16;14;0
51766;540;1225;14;16;14;0
51767;555;1225;14;16;14;0
51768;570;1225;14;16;14;0
51769;585;1225;14;16;14;0
51770;600;1225;14;16;14;0
51771;615;1225;14;16;14;0
51772;630;1225;14;16;14;0
51773;645;1225;14;16;14;0
51774;660;1225;14;16;14;0
51775;675;1225;14;16;14;0
51776;690;1225;14;16;14;0
51777;705;1225;14;16;14;0
51778;720;1225;14;16;14;0
51779;735;1225;14;16;14;0
51780;750;1225;14;16;14;0
51781;765;1225;14;16;14;0
51782;780;1225;14;16;14;0
51783;795;1225;14;16;14;0
51784;810;1225;14;16;14;0
51785;825;1225;14;16;14;0
51786;840;1225;14;16;14;0
51787;855;1225;14;16;14;0
51788;870;1225;14;16;14;0
51789;885;1225;14;16;14;0
51790;900;1225;14;16;14;0
51791;915;1225;14;16;14;0
51792;930;1225;14;16;14;0
51793;945;1225;14;16;14;0
51794;960;1225;14;16;14;0
51795;975;1225;14;16;14;0
51796;990;1225;14;16;14;0
51797;1005;1225;14;16;14;0
51798;1020;1225;14;16;14;0
51799;1035;1225;14;16;14;0
51800;1050;1225;14;16;14;0
51801;1065;1225;14;16;14;0
51802;1080;1225;14;16;14;0
51803;1095;1225;14;16;14;0
51804;1110;1225;14;16;14;0
51805;1125;1225;14;16;14;0
51806;1140;1225;14;16;14;0
51807;1155;1225;14;16;14;0
51808;1170;1225;14;16;14;0
51809;1185;1225;14;16;14;0
51810;1200;1225;14;16;14;0
51811;1215;1225;14;16;14;0
51812;1230;1225;14;16;14;0
51813;1245;1225;14;16;14;0
51814;1260;1225;14;16;14;0
51815;1275;1225;14;16;14;0
51816;1290;1225;14;16;14;0
51817;1305;1225;14;16;14;0
51818;1320;1225;14;16;14;0
51819;1335;1225;14;16;14;0
51820;1350;1225;14;16;14;0
51821;1365;1225;14;16;14;0
51822;1380;1225;14;16;14;0
51823;1395;1225;14;16;14;0
51824;1410;1225;14;16;14;0
51825;1425;1225;14;16;14;0
51826;1440;1225;14;16;14;0
51827;1455;1225;14;16;14;0
51828;1470;1225;14;16;14;0
51829;1485;1225;14;16;14;0
51830;1500;1225;14;16;14;0
51831;1515;1225;14;16;14;0
51832;1530;1225;14;16;14;0
51833;1545;1225;14;16;14;0
51834;1560;1225;14;16;14;0
51835;1575;1225;14;16;14;0
51836;1590;1225;14;16;14;0
51837;1605;1225;14;16;14;0
51838;1620;1225;14;16;14;0
51839;1635;1225;14;16;14;0
51840;1650;1225;14;16;14;0
51841;1665;1225;14;16;14;0
51842;1680;1225;14;16;14;0
51843;1695;1225;14;16;14;0
51844;1710;1225;14;16;14;0
51845;1725;1225;14;16;14;0
51846;1740;1225;14;16;14;0
51847;1755;1225;14;16;14;0
51848;1770;1225;14;16;14;0
51849;1785;1225;14;16;14;0
51850;1800;1225;14;16;14;0
51851;1815;1225;14;16;14;0
51852;1830;1225;14;16;14;0
51853;1845;1225;14;16;14;0
51854;1860;1225;14;16;14;0
51855;1875;1225;14;16;14;0
51856;1890;1225;14;16;14;0
51857;1905;1225;14;16;14;0
51858;1920;1225;14;16;14;0
51859;1935;1225;14;16;14;0
51860;1950;1225;14;16;14;0
51861;1965;1225;14;16;14;0
51862;1980;1225;14;16;14;0
51863;1995;1225;14;16;14;0
51864;2010;1225;14;16;14;0
51865;2025;1225;14;16;14;0
51866;0;1242;14;16;14;0
51867;15;1242;14;16;14;0
51868;30;1242;14;16;14;0
51869;45;1242;14;16;14;0
51870;60;1242;14;16;14;0
51871;75;1242;14;16;14;0
51872;90;1242;14;16;14;0
51873;105;1242;14;16;14;0
51874;120;1242;14;16;14;0
51875;135;1242;14;16;14;0
51876;150;1242;14;16;14;0
51877;165;1242;14;16;14;0
51878;180;1242;14;16;14;0
51879;195;1242;14;16;14;0
51880;210;1242;14;16;14;0
51881;225;1242;14;16;14;0
51882;240;1242;14;16;14;0
51883;255;1242;14;16;14;0
51884;270;1242;14;16;14;0
51885;285;1242;14;16;14;0
51886;300;1242;14;16;14;0
51887;315;1242;14;16;14;0
51888;330;1242;14;16;14;0
51889;345;1242;14;16;14;0
51890;360;1242;14;16;14;0
51891;375;1242;14;16;14;0
51892;390;1242;14;16;14;0
51893;405;1242;14;16;14;0
51894;420;1242;14;16;14;0
51895;435;1242;14;16;14;0
51896;450;1242;14;16;14;0
51897;465;1242;14;16;14;0
51898;480;1242;14;16;14;0
51899;495;1242;14;16;14;0
51900;510;1242;14;16;14;0
51901;525;1242;14;16;14;0
51902;540;1242;14;16;14;0
51903;555;1242;14;16;14;0
51904;570;1242;14;16;14;0
51905;585;1242;14;16;14;0
51906;600;1242;14;16;14;0
51907;615;1242;14;16;14;0
51908;630;1242;14;16;14;0
51909;645;1242;14;16;14;0
51910;660;1242;14;16;14;0
51911;675;1242;14;16;14;0
51912;690;1242;14;16;14;0
51913;705;1242;14;16;14;0
51914;720;1242;14;16;14;0
51915;735;1242;14;16;14;0
51916;750;1242;14;16;14;0
51917;765;1242;14;16;14;0
51918;780;1242;14;16;14;0
51919;795;1242;14;16;14;0
51920;810;1242;14;16;14;0
51921;825;1242;14;16;14;0
51922;840;1242;14;16;14;0
51923;855;1242;14;16;14;0
51924;870;1242;14;16;14;0
51925;885;1242;14;16;14;0
51926;900;1242;14;16;14;0
51927;915;1242;14;16;14;0
51928;930;1242;14;16;14;0
51929;945;1242;14;16;14;0
51930;960;1242;14;16;14;0
51931;975;1242;14;16;14;0
51932;990;1242;14;16;14;0
51933;1005;1242;14;16;14;0
51934;1020;1242;14;16;14;0
51935;1035;1242;14;16;14;0
51936;1050;1242;14;16;14;0
51937;1065;1242;14;16;14;0
51938;1080;1242;14;16;14;0
51939;1095;1242;14;16;14;0
51940;1110;1242;14;16;14;0
51941;1125;1242;14;16;14;0
51942;1140;1242;14;16;14;0
51943;1155;1242;14;16;14;0
51944;1170;1242;14;16;14;0
51945;1185;1242;14;16;14;0
51946;1200;1242;14;16;14;0
51947;1215;1242;14;16;14;0
51948;1230;1242;14;16;14;0
51949;1245;1242;14;16;14;0
51950;1260;1242;14;16;14;0
51951;1275;1242;14;16;14;0
51952;1290;1242;14;16;14;0
51953;1305;1242;14;16;14;0
51954;1320;1242;14;16;14;0
51955;1335;1242;14;16;14;0
51956;1350;1242;14;16;14;0
51957;1365;1242;14;16;14;0
51958;1380;1242;14;16;14;0
51959;1395;1242;14;16;14;0
51960;1410;1242;14;16;14;0
51961;1425;1242;14;16;14;0
51962;1440;1242;14;16;14;0
51963;1455;1242;14;16;14;0
51964;1470;1242;14;16;14;0
51965;1485;1242;14;16;14;0
51966;1500;1242;14;16;14;0
51967;1515;1242;14;16;14;0
51968;1530;1242;14;16;14;0
51969;1545;1242;14;16;14;0
51970;1560;1242;14;16;14;0
51971;1575;1242;14;16;14;0
51972;1590;1242;14;16;14;0
51973;1605;1242;14;16;14;0
51974;1620;1242;14;16;14;0
51975;1635;1242;14;16;14;0
51976;1650;1242;14;16;14;0
51977;1665;1242;14;16;14;0
51978;1680;1242;14;16;14;0
51979;1695;1242;14;16;14;0
51980;1710;1242;14;16;14;0
51981;1725;1242;14;16;14;0
51982;1740;1242;14;16;14;0
51983;1755;1242;14;16;14;0
51984;1770;1242;14;16;14;0
51985;1785;1242;14;16;14;0
51986;1800;1242;14;16;14;0
51987;1815;1242;14;16;14;0
51988;1830;1242;14;16;14;0
51989;1845;1242;14;16;14;0
51990;1860;1242;14;16;14;0
51991;1875;1242;14;16;14;0
51992;1890;1242;14;16;14;0
51993;1905;1242;14;16;14;0
51994;1920;1242;14;16;14;0
51995;1935;1242;14;16;14;0
51996;1950;1242;14;16;14;0
51997;1965;1242;14;16;14;0
51998;1980;1242;14;16;14;0
51999;1995;1242;14;16;14;0
52000;2010;1242;14;16;14;0
52001;2025;1242;14;16;14;0
52002;0;1259;14;16;14;0
52003;15;1259;14;16;14;0
52004;30;1259;14;16;14;0
52005;45;1259;14;16;14;0
52006;60;1259;14;16;14;0
52007;75;1259;14;16;14;0
52008;90;1259;14;16;14;0
52009;105;1259;14;16;14;0
52010;120;1259;14;16;14;0
52011;135;1259;14;16;14;0
52012;150;1259;14;16;14;0
52013;165;1259;14;16;14;0
52014;180;1259;14;16;14;0
52015;195;1259;14;16;14;0
52016;210;1259;14;16;14;0
52017;225;1259;14;16;14;0
52018;240;1259;14;16;14;0
52019;255;1259;14;16;14;0
52020;270;1259;14;16;14;0
52021;285;1259;14;16;14;0
52022;300;1259;14;16;14;0
52023;315;1259;14;16;14;0
52024;330;1259;14;16;14;0
52025;345;1259;14;16;14;0
52026;360;1259;14;16;14;0
52027;375;1259;14;16;14;0
52028;390;1259;14;16;14;0
52029;405;1259;14;16;14;0
52030;420;1259;14;16;14;0
52031;435;1259;14;16;14;0
52032;450;1259;14;16;14;0
52033;465;1259;14;16;14;0
52034;480;1259;14;16;14;0
52035;495;1259;14;16;14;0
52036;510;1259;14;16;14;0
52037;525;1259;14;16;14;0
52038;540;1259;14;16;14;0
52039;555;1259;14;16;14;0
52040;570;1259;14;16;14;0
52041;585;1259;14;16;14;0
52042;600;1259;14;16;14;0
52043;615;1259;14;16;14;0
52044;630;1259;14;16;14;0
52045;645;1259;14;16;14;0
52046;660;1259;14;16;14;0
52047;675;1259;14;16;14;0
52048;690;1259;14;16;14;0
52049;705;1259;14;16;14;0
52050;720;1259;14;16;14;0
52051;735;1259;14;16;14;0
52052;750;1259;14;16;14;0
52053;765;1259;14;16;14;0
52054;780;1259;14;16;14;0
52055;795;1259;14;16;14;0
52056;810;1259;14;16;14;0
52057;825;1259;14;16;14;0
52058;840;1259;14;16;14;0
52059;855;1259;14;16;14;0
52060;870;1259;14;16;14;0
52061;885;1259;14;16;14;0
52062;900;1259;14;16;14;0
52063;915;1259;14;16;14;0
52064;930;1259;14;16;14;0
52065;945;1259;14;16;14;0
52066;960;1259;14;16;14;0
52067;975;1259;14;16;14;0
52068;990;1259;14;16;14;0
52069;1005;1259;14;16;14;0
52070;1020;1259;14;16;14;0
52071;1035;1259;14;16;14;0
52072;1050;1259;14;16;14;0
52073;1065;1259;14;16;14;0
52074;1080;1259;14;16;14;0
52075;1095;1259;14;16;14;0
52076;1110;1259;14;16;14;0
52077;1125;1259;14;16;14;0
52078;1140;1259;14;16;14;0
52079;1155;1259;14;16;14;0
52080;1170;1259;14;16;14;0
52081;1185;1259;14;16;14;0
52082;1200;1259;14;16;14;0
52083;1215;1259;14;16;14;0
52084;1230;1259;14;16;14;0
52085;1245;1259;14;16;14;0
52086;1260;1259;14;16;14;0
52087;1275;1259;14;16;14;0
52088;1290;1259;14;16;14;0
52089;1305;1259;14;16;14;0
52090;1320;1259;14;16;14;0
52091;1335;1259;14;16;14;0
52092;1350;1259;14;16;14;0
52093;1365;1259;14;16;14;0
52094;1380;1259;14;16;14;0
52095;1395;1259;14;16;14;0
52096;1410;1259;14;16;14;0
52097;1425;1259;14;16;14;0
52098;1440;1259;14;16;14;0
52099;1455;1259;14;16;14;0
52100;1470;1259;14;16;14;0
52101;1485;1259;14;16;14;0
52102;1500;1259;14;16;14;0
52103;1515;1259;14;16;14;0
52104;1530;1259;14;16;14;0
52105;1545;1259;14;16;14;0
52106;1560;1259;14;16;14;0
52107;1575;1259;14;16;14;0
52108;1590;1259;14;16;14;0
52109;1605;1259;14;16;14;0
52110;1620;1259;14;16;14;0
52111;1635;1259;14;16;14;0
52112;1650;1259;14;16;14;0
52113;1665;1259;14;16;14;0
52114;1680;1259;14;16;14;0
52115;1695;1259;14;16;14;0
52116;1710;1259;14;16;14;0
52117;1725;1259;14;16;14;0
52118;1740;1259;14;16;14;0
52119;1755;1259;14;16;14;0
52120;1770;1259;14;16;14;0
52121;1785;1259;14;16;14;0
52122;1800;1259;14;16;14;0
52123;1815;1259;14;16;14;0
52124;1830;1259;14;16;14;0
52125;1845;1259;14;16;14;0
52126;1860;1259;14;16;14;0
52127;1875;1259;14;16;14;0
52128;1890;1259;14;16;14;0
52129;1905;1259;14;16;14;0
52130;1920;1259;14;16;14;0
52131;1935;1259;14;16;14;0
52132;1950;1259;14;16;14;0
52133;1965;1259;14;16;14;0
52134;1980;1259;14;16;14;0
52135;1995;1259;14;16;14;0
52136;2010;1259;14;16;14;0
52137;2025;1259;14;16;14;0
52138;0;1276;14;16;14;0
52139;15;1276;14;16;14;0
52140;30;1276;14;16;14;0
52141;45;1276;14;16;14;0
52142;60;1276;14;16;14;0
52143;75;1276;14;16;14;0
52144;90;1276;14;16;14;0
52145;105;1276;14;16;14;0
52146;120;1276;14;16;14;0
52147;135;1276;14;16;14;0
52148;150;1276;14;16;14;0
52149;165;1276;14;16;14;0
52150;180;1276;14;16;14;0
52151;195;1276;14;16;14;0
52152;210;1276;14;16;14;0
52153;225;1276;14;16;14;0
52154;240;1276;14;16;14;0
52155;255;1276;14;16;14;0
52156;270;1276;14;16;14;0
52157;285;1276;14;16;14;0
52158;300;1276;14;16;14;0
52159;315;1276;14;16;14;0
52160;330;1276;14;16;14;0
52161;345;1276;14;16;14;0
52162;360;1276;14;16;14;0
52163;375;1276;14;16;14;0
52164;390;1276;14;16;14;0
52165;405;1276;14;16;14;0
52166;420;1276;14;16;14;0
52167;435;1276;14;16;14;0
52168;450;1276;14;16;14;0
52169;465;1276;14;16;14;0
52170;480;1276;14;16;14;0
52171;495;1276;14;16;14;0
52172;510;1276;14;16;14;0
52173;525;1276;14;16;14;0
52174;540;1276;14;16;14;0
52175;555;1276;14;16;14;0
52176;570;1276;14;16;14;0
52177;585;1276;14;16;14;0
52178;600;1276;14;16;14;0
52179;615;1276;14;16;14;0
52180;630;1276;14;16;14;0
52181;645;1276;14;16;14;0
52182;660;1276;14;16;14;0
52183;675;1276;14;16;14;0
52184;690;1276;14;16;14;0
52185;705;1276;14;16;14;0
52186;720;1276;14;16;14;0
52187;735;1276;14;16;14;0
52188;750;1276;14;16;14;0
52189;765;1276;14;16;14;0
52190;780;1276;14;16;14;0
52191;795;1276;14;16;14;0
52192;810;1276;14;16;14;0
52193;825;1276;14;16;14;0
52194;840;1276;14;16;14;0
52195;855;1276;14;16;14;0
52196;870;1276;14;16;14;0
52197;885;1276;14;16;14;0
52198;900;1276;14;16;14;0
52199;915;1276;14;16;14;0
52200;930;1276;14;16;14;0
52201;945;1276;14;16;14;0
52202;960;1276;14;16;14;0
52203;975;1276;14;16;14;0
52204;990;1276;14;16;14;0
52205;1005;1276;14;16;14;0
52206;1020;1276;14;16;14;0
52207;1035;1276;14;16;14;0
52208;1050;1276;14;16;14;0
52209;1065;1276;14;16;14;0
52210;1080;1276;14;16;14;0
52211;1095;1276;14;16;14;0
52212;1110;1276;14;16;14;0
52213;1125;1276;14;16;14;0
52214;1140;1276;14;16;14;0
52215;1155;1276;14;16;14;0
52216;1170;1276;14;16;14;0
52217;1185;1276;14;16;14;0
52218;1200;1276;14;16;14;0
52219;1215;1276;14;16;14;0
52220;1230;1276;14;16;14;0
52221;1245;1276;14;16;14;0
52222;1260;1276;14;16;14;0
52223;1275;1276;14;16;14;0
52224;1290;1276;14;16;14;0
52225;1305;1276;14;16;14;0
52226;1320;1276;14;16;14;0
52227;1335;1276;14;16;14;0
52228;1350;1276;14;16;14;0
52229;1365;1276;14;16;14;0
52230;1380;1276;14;16;14;0
52231;1395;1276;14;16;14;0
52232;1410;1276;14;16;14;0
52233;1425;1276;14;16;14;0
52234;1440;1276;14;16;14;0
52235;1455;1276;14;16;14;0
52236;1470;1276;14;16;14;0
52237;1485;1276;14;16;14;0
52238;1500;1276;14;16;14;0
52239;1515;1276;14;16;14;0
52240;1530;1276;14;16;14;0
52241;1545;1276;14;16;14;0
52242;1560;1276;14;16;14;0
52243;1575;1276;14;16;14;0
52244;1590;1276;14;16;14;0
52245;1605;1276;14;16;14;0
52246;1620;1276;14;16;14;0
52247;1635;1276;14;16;14;0
52248;1650;1276;14;16;14;0
52249;1665;1276;14;16;14;0
52250;1680;1276;14;16;14;0
52251;1695;1276;14;16;14;0
52252;1710;1276;14;16;14;0
52253;1725;1276;14;16;14;0
52254;1740;1276;14;16;14;0
52255;1755;1276;14;16;14;0
52256;1770;1276;14;16;14;0
52257;1785;1276;14;16;14;0
52258;1800;1276;14;16;14;0
52259;1815;1276;14;16;14;0
52260;1830;1276;14;16;14;0
52261;1845;1276;14;16;14;0
52262;1860;1276;14;16;14;0
52263;1875;1276;14;16;14;0
52264;1890;1276;14;16;14;0
52265;1905;1276;14;16;14;0
52266;1920;1276;14;16;14;0
52267;1935;1276;14;16;14;0
52268;1950;1276;14;16;14;0
52269;1965;1276;14;16;14;0
52270;1980;1276;14;16;14;0
52271;1995;1276;14;16;14;0
52272;2010;1276;14;16;14;0
52273;2025;1276;14;16;14;0
52274;0;1293;14;16;14;0
52275;15;1293;14;16;14;0
52276;30;1293;14;16;14;0
52277;45;1293;14;16;14;0
52278;60;1293;14;16;14;0
52279;75;1293;14;16;14;0
52280;90;1293;14;16;14;0
52281;105;1293;14;16;14;0
52282;120;1293;14;16;14;0
52283;135;1293;14;16;14;0
52284;150;1293;14;16;14;0
52285;165;1293;14;16;14;0
52286;180;1293;14;16;14;0
52287;195;1293;14;16;14;0
52288;210;1293;14;16;14;0
52289;225;1293;14;16;14;0
52290;240;1293;14;16;14;0
52291;255;1293;14;16;14;0
52292;270;1293;14;16;14;0
52293;285;1293;14;16;14;0
52294;300;1293;14;16;14;0
52295;315;1293;14;16;14;0
52296;330;1293;14;16;14;0
52297;345;1293;14;16;14;0
52298;360;1293;14;16;14;0
52299;375;1293;14;16;14;0
52300;390;1293;14;16;14;0
52301;405;1293;14;16;14;0
52302;420;1293;14;16;14;0
52303;435;1293;14;16;14;0
52304;450;1293;14;16;14;0
52305;465;1293;14;16;14;0
52306;480;1293;14;16;14;0
52307;495;1293;14;16;14;0
52308;510;1293;14;16;14;0
52309;525;1293;14;16;14;0
52310;540;1293;14;16;14;0
52311;555;1293;14;16;14;0
52312;570;1293;14;16;14;0
52313;585;1293;14;16;14;0
52314;600;1293;14;16;14;0
52315;615;1293;14;16;14;0
52316;630;1293;14;16;14;0
52317;645;1293;14;16;14;0
52318;660;1293;14;16;14;0
52319;675;1293;14;16;14;0
52320;690;1293;14;16;14;0
52321;705;1293;14;16;14;0
52322;720;1293;14;16;14;0
52323;735;1293;14;16;14;0
52324;750;1293;14;16;14;0
52325;765;1293;14;16;14;0
52326;780;1293;14;16;14;0
52327;795;1293;14;16;14;0
52328;810;1293;14;16;14;0
52329;825;1293;14;16;14;0
52330;840;1293;14;16;14;0
52331;855;1293;14;16;14;0
52332;870;1293;14;16;14;0
52333;885;1293;14;16;14;0
52334;900;1293;14;16;14;0
52335;915;1293;14;16;14;0
52336;930;1293;14;16;14;0
52337;945;1293;14;16;14;0
52338;960;1293;14;16;14;0
52339;975;1293;14;16;14;0
52340;990;1293;14;16;14;0
52341;1005;1293;14;16;14;0
52342;1020;1293;14;16;14;0
52343;1035;1293;14;16;14;0
52344;1050;1293;14;16;14;0
52345;1065;1293;14;16;14;0
52346;1080;1293;14;16;14;0
52347;1095;1293;14;16;14;0
52348;1110;1293;14;16;14;0
52349;1125;1293;14;16;14;0
52350;1140;1293;14;16;14;0
52351;1155;1293;14;16;14;0
52352;1170;1293;14;16;14;0
52353;1185;1293;14;16;14;0
52354;1200;1293;14;16;14;0
52355;1215;1293;14;16;14;0
52356;1230;1293;14;16;14;0
52357;1245;1293;14;16;14;0
52358;1260;1293;14;16;14;0
52359;1275;1293;14;16;14;0
52360;1290;1293;14;16;14;0
52361;1305;1293;14;16;14;0
52362;1320;1293;14;16;14;0
52363;1335;1293;14;16;14;0
52364;1350;1293;14;16;14;0
52365;1365;1293;14;16;14;0
52366;1380;1293;14;16;14;0
52367;1395;1293;14;16;14;0
52368;1410;1293;14;16;14;0
52369;1425;1293;14;16;14;0
52370;1440;1293;14;16;14;0
52371;1455;1293;14;16;14;0
52372;1470;1293;14;16;14;0
52373;1485;1293;14;16;14;0
52374;1500;1293;14;16;14;0
52375;1515;1293;14;16;14;0
52376;1530;1293;14;16;14;0
52377;1545;1293;14;16;14;0
52378;1560;1293;14;16;14;0
52379;1575;1293;14;16;14;0
52380;1590;1293;14;16;14;0
52381;1605;1293;14;16;14;0
52382;1620;1293;14;16;14;0
52383;1635;1293;14;16;14;0
52384;1650;1293;14;16;14;0
52385;1665;1293;14;16;14;0
52386;1680;1293;14;16;14;0
52387;1695;1293;14;16;14;0
52388;1710;1293;14;16;14;0
52389;1725;1293;14;16;14;0
52390;1740;1293;14;16;14;0
52391;1755;1293;14;16;14;0
52392;1770;1293;14;16;14;0
52393;1785;1293;14;16;14;0
52394;1800;1293;14;16;14;0
52395;1815;1293;14;16;14;0
52396;1830;1293;14;16;14;0
52397;1845;1293;14;16;14;0
52398;1860;1293;14;16;14;0
52399;1875;1293;14;16;14;0
52400;1890;1293;14;16;14;0
52401;1905;1293;14;16;14;0
52402;1920;1293;14;16;14;0
52403;1935;1293;14;16;14;0
52404;1950;1293;14;16;14;0
52405;1965;1293;14;16;14;0
52406;1980;1293;14;16;14;0
52407;1995;1293;14;16;14;0
52408;2010;1293;14;16;14;0
52409;2025;1293;14;16;14;0
52410;0;1310;14;16;14;0
52411;15;1310;14;16;14;0
52412;30;1310;14;16;14;0
52413;45;1310;14;16;14;0
52414;60;1310;14;16;14;0
52415;75;1310;14;16;14;0
52416;90;1310;14;16;14;0
52417;105;1310;14;16;14;0
52418;120;1310;14;16;14;0
52419;135;1310;14;16;14;0
52420;150;1310;14;16;14;0
52421;165;1310;14;16;14;0
52422;180;1310;14;16;14;0
52423;195;1310;14;16;14;0
52424;210;1310;14;16;14;0
52425;225;1310;14;16;14;0
52426;240;1310;14;16;14;0
52427;255;1310;14;16;14;0
52428;270;1310;14;16;14;0
52429;285;1310;14;16;14;0
52430;300;1310;14;16;14;0
52431;315;1310;14;16;14;0
52432;330;1310;14;16;14;0
52433;345;1310;14;16;14;0
52434;360;1310;14;16;14;0
52435;375;1310;14;16;14;0
52436;390;1310;14;16;14;0
52437;405;1310;14;16;14;0
52438;420;1310;14;16;14;0
52439;435;1310;14;16;14;0
52440;450;1310;14;16;14;0
52441;465;1310;14;16;14;0
52442;480;1310;14;16;14;0
52443;495;1310;14;16;14;0
52444;510;1310;14;16;14;0
52445;525;1310;14;16;14;0
52446;540;1310;14;16;14;0
52447;555;1310;14;16;14;0
52448;570;1310;14;16;14;0
52449;585;1310;14;16;14;0
52450;600;1310;14;16;14;0
52451;615;1310;14;16;14;0
52452;630;1310;14;16;14;0
52453;645;1310;14;16;14;0
52454;660;1310;14;16;14;0
52455;675;1310;14;16;14;0
52456;690;1310;14;16;14;0
52457;705;1310;14;16;14;0
52458;720;1310;14;16;14;0
52459;735;1310;14;16;14;0
52460;750;1310;14;16;14;0
52461;765;1310;14;16;14;0
52462;780;1310;14;16;14;0
52463;795;1310;14;16;14;0
52464;810;1310;14;16;14;0
52465;825;1310;14;16;14;0
52466;840;1310;14;16;14;0
52467;855;1310;14;16;14;0
52468;870;1310;14;16;14;0
52469;885;1310;14;16;14;0
52470;900;1310;14;16;14;0
52471;915;1310;14;16;14;0
52472;930;1310;14;16;14;0
52473;945;1310;14;16;14;0
52474;960;1310;14;16;14;0
52475;975;1310;14;16;14;0
52476;990;1310;14;16;14;0
52477;1005;1310;14;16;14;0
52478;1020;1310;14;16;14;0
52479;1035;1310;14;16;14;0
52480;1050;1310;14;16;14;0
52481;1065;1310;14;16;14;0
52482;1080;1310;14;16;14;0
52483;1095;1310;14;16;14;0
52484;1110;1310;14;16;14;0
52485;1125;1310;14;16;14;0
52486;1140;1310;14;16;14;0
52487;1155;1310;14;16;14;0
52488;1170;1310;14;16;14;0
52489;1185;1310;14;16;14;0
52490;1200;1310;14;16;14;0
52491;1215;1310;14;16;14;0
52492;1230;1310;14;16;14;0
52493;1245;1310;14;16;14;0
52494;1260;1310;14;16;14;0
52495;1275;1310;14;16;14;0
52496;1290;1310;14;16;14;0
52497;1305;1310;14;16;14;0
52498;1320;1310;14;16;14;0
52499;1335;1310;14;16;14;0
52500;1350;1310;14;16;14;0
52501;1365;1310;14;16;14;0
52502;1380;1310;14;16;14;0
52503;1395;1310;14;16;14;0
52504;1410;1310;14;16;14;0
52505;1425;1310;14;16;14;0
52506;1440;1310;14;16;14;0
52507;1455;1310;14;16;14;0
52508;1470;1310;14;16;14;0
52509;1485;1310;14;16;14;0
52510;1500;1310;14;16;14;0
52511;1515;1310;14;16;14;0
52512;1530;1310;14;16;14;0
52513;1545;1310;14;16;14;0
52514;1560;1310;14;16;14;0
52515;1575;1310;14;16;14;0
52516;1590;1310;14;16;14;0
52517;1605;1310;14;16;14;0
52518;1620;1310;14;16;14;0
52519;1635;1310;14;16;14;0
52520;1650;1310;14;16;14;0
52521;1665;1310;14;16;14;0
52522;1680;1310;14;16;14;0
52523;1695;1310;14;16;14;0
52524;1710;1310;14;16;14;0
52525;1725;1310;14;16;14;0
52526;1740;1310;14;16;14;0
52527;1755;1310;14;16;14;0
52528;1770;1310;14;16;14;0
52529;1785;1310;14;16;14;0
52530;1800;1310;14;16;14;0
52531;1815;1310;14;16;14;0
52532;1830;1310;14;16;14;0
52533;1845;1310;14;16;14;0
52534;1860;1310;14;16;14;0
52535;1875;1310;14;16;14;0
52536;1890;1310;14;16;14;0
52537;1905;1310;14;16;14;0
52538;1920;1310;14;16;14;0
52539;1935;1310;14;16;14;0
52540;1950;1310;14;16;14;0
52541;1965;1310;14;16;14;0
52542;1980;1310;14;16;14;0
52543;1995;1310;14;16;14;0
52544;2010;1310;14;16;14;0
52545;2025;1310;14;16;14;0
52546;0;1327;14;16;14;0
52547;15;1327;14;16;14;0
52548;30;1327;14;16;14;0
52549;45;1327;14;16;14;0
52550;60;1327;14;16;14;0
52551;75;1327;14;16;14;0
52552;90;1327;14;16;14;0
52553;105;1327;14;16;14;0
52554;120;1327;14;16;14;0
52555;135;1327;14;16;14;0
52556;150;1327;14;16;14;0
52557;165;1327;14;16;14;0
52558;180;1327;14;16;14;0
52559;195;1327;14;16;14;0
52560;210;1327;14;16;14;0
52561;225;1327;14;16;14;0
52562;240;1327;14;16;14;0
52563;255;1327;14;16;14;0
52564;270;1327;14;16;14;0
52565;285;1327;14;16;14;0
52566;300;1327;14;16;14;0
52567;315;1327;14;16;14;0
52568;330;1327;14;16;14;0
52569;345;1327;14;16;14;0
52570;360;1327;14;16;14;0
52571;375;1327;14;16;14;0
52572;390;1327;14;16;14;0
52573;405;1327;14;16;14;0
52574;420;1327;14;16;14;0
52575;435;1327;14;16;14;0
52576;450;1327;14;16;14;0
52577;465;1327;14;16;14;0
52578;480;1327;14;16;14;0
52579;495;1327;14;16;14;0
52580;510;1327;14;16;14;0
52581;525;1327;14;16;14;0
52582;540;1327;14;16;14;0
52583;555;1327;14;16;14;0
52584;570;1327;14;16;14;0
52585;585;1327;14;16;14;0
52586;600;1327;14;16;14;0
52587;615;1327;14;16;14;0
52588;630;1327;14;16;14;0
52589;645;1327;14;16;14;0
52590;660;1327;14;16;14;0
52591;675;1327;14;16;14;0
52592;690;1327;14;16;14;0
52593;705;1327;14;16;14;0
52594;720;1327;14;16;14;0
52595;735;1327;14;16;14;0
52596;750;1327;14;16;14;0
52597;765;1327;14;16;14;0
52598;780;1327;14;16;14;0
52599;795;1327;14;16;14;0
52600;810;1327;14;16;14;0
52601;825;1327;14;16;14;0
52602;840;1327;14;16;14;0
52603;855;1327;14;16;14;0
52604;870;1327;14;16;14;0
52605;885;1327;14;16;14;0
52606;900;1327;14;16;14;0
52607;915;1327;14;16;14;0
52608;930;1327;14;16;14;0
52609;945;1327;14;16;14;0
52610;960;1327;14;16;14;0
52611;975;1327;14;16;14;0
52612;990;1327;14;16;14;0
52613;1005;1327;14;16;14;0
52614;1020;1327;14;16;14;0
52615;1035;1327;14;16;14;0
52616;1050;1327;14;16;14;0
52617;1065;1327;14;16;14;0
52618;1080;1327;14;16;14;0
52619;1095;1327;14;16;14;0
52620;1110;1327;14;16;14;0
52621;1125;1327;14;16;14;0
52622;1140;1327;14;16;14;0
52623;1155;1327;14;16;14;0
52624;1170;1327;14;16;14;0
52625;1185;1327;14;16;14;0
52626;1200;1327;14;16;14;0
52627;1215;1327;14;16;14;0
52628;1230;1327;14;16;14;0
52629;1245;1327;14;16;14;0
52630;1260;1327;14;16;14;0
52631;1275;1327;14;16;14;0
52632;1290;1327;14;16;14;0
52633;1305;1327;14;16;14;0
52634;1320;1327;14;16;14;0
52635;1335;1327;14;16;14;0
52636;1350;1327;14;16;14;0
52637;1365;1327;14;16;14;0
52638;1380;1327;14;16;14;0
52639;1395;1327;14;16;14;0
52640;1410;1327;14;16;14;0
52641;1425;1327;14;16;14;0
52642;1440;1327;14;16;14;0
52643;1455;1327;14;16;14;0
52644;1470;1327;14;16;14;0
52645;1485;1327;14;16;14;0
52646;1500;1327;14;16;14;0
52647;1515;1327;14;16;14;0
52648;1530;1327;14;16;14;0
52649;1545;1327;14;16;14;0
52650;1560;1327;14;16;14;0
52651;1575;1327;14;16;14;0
52652;1590;1327;14;16;14;0
52653;1605;1327;14;16;14;0
52654;1620;1327;14;16;14;0
52655;1635;1327;14;16;14;0
52656;1650;1327;14;16;14;0
52657;1665;1327;14;16;14;0
52658;1680;1327;14;16;14;0
52659;1695;1327;14;16;14;0
52660;1710;1327;14;16;14;0
52661;1725;1327;14;16;14;0
52662;1740;1327;14;16;14;0
52663;1755;1327;14;16;14;0
52664;1770;1327;14;16;14;0
52665;1785;1327;14;16;14;0
52666;1800;1327;14;16;14;0
52667;1815;1327;14;16;14;0
52668;1830;1327;14;16;14;0
52669;1845;1327;14;16;14;0
52670;1860;1327;14;16;14;0
52671;1875;1327;14;16;14;0
52672;1890;1327;14;16;14;0
52673;1905;1327;14;16;14;0
52674;1920;1327;14;16;14;0
52675;1935;1327;14;16;14;0
52676;1950;1327;14;16;14;0
52677;1965;1327;14;16;14;0
52678;1980;1327;14;16;14;0
52679;1995;1327;14;16;14;0
52680;2010;1327;14;16;14;0
52681;2025;1327;14;16;14;0
52682;0;1344;14;16;14;0
52683;15;1344;14;16;14;0
52684;30;1344;14;16;14;0
52685;45;1344;14;16;14;0
52686;60;1344;14;16;14;0
52687;75;1344;14;16;14;0
52688;90;1344;14;16;14;0
52689;105;1344;14;16;14;0
52690;120;1344;14;16;14;0
52691;135;1344;14;16;14;0
52692;150;1344;14;16;14;0
52693;165;1344;14;16;14;0
52694;180;1344;14;16;14;0
52695;195;1344;14;16;14;0
52696;210;1344;14;16;14;0
52697;225;1344;14;16;14;0
52698;240;1344;14;16;14;0
52699;255;1344;14;16;14;0
52700;270;1344;14;16;14;0
52701;285;1344;14;16;14;0
52702;300;1344;14;16;14;0
52703;315;1344;14;16;14;0
52704;330;1344;14;16;14;0
52705;345;1344;14;16;14;0
52706;360;1344;14;16;14;0
52707;375;1344;14;16;14;0
52708;390;1344;14;16;14;0
52709;405;1344;14;16;14;0
52710;420;1344;14;16;14;0
52711;435;1344;14;16;14;0
52712;450;1344;14;16;14;0
52713;465;1344;14;16;14;0
52714;480;1344;14;16;14;0
52715;495;1344;14;16;14;0
52716;510;1344;14;16;14;0
52717;525;1344;14;16;14;0
52718;540;1344;14;16;14;0
52719;555;1344;14;16;14;0
52720;570;1344;14;16;14;0
52721;585;1344;14;16;14;0
52722;600;1344;14;16;14;0
52723;615;1344;14;16;14;0
52724;630;1344;14;16;14;0
52725;645;1344;14;16;14;0
52726;660;1344;14;16;14;0
52727;675;1344;14;16;14;0
52728;690;1344;14;16;14;0
52729;705;1344;14;16;14;0
52730;720;1344;14;16;14;0
52731;735;1344;14;16;14;0
52732;750;1344;14;16;14;0
52733;765;1344;14;16;14;0
52734;780;1344;14;16;14;0
52735;795;1344;14;16;14;0
52736;810;1344;14;16;14;0
52737;825;1344;14;16;14;0
52738;840;1344;14;16;14;0
52739;855;1344;14;16;14;0
52740;870;1344;14;16;14;0
52741;885;1344;14;16;14;0
52742;900;1344;14;16;14;0
52743;915;1344;14;16;14;0
52744;930;1344;14;16;14;0
52745;945;1344;14;16;14;0
52746;960;1344;14;16;14;0
52747;975;1344;14;16;14;0
52748;990;1344;14;16;14;0
52749;1005;1344;14;16;14;0
52750;1020;1344;14;16;14;0
52751;1035;1344;14;16;14;0
52752;1050;1344;14;16;14;0
52753;1065;1344;14;16;14;0
52754;1080;1344;14;16;14;0
52755;1095;1344;14;16;14;0
52756;1110;1344;14;16;14;0
52757;1125;1344;14;16;14;0
52758;1140;1344;14;16;14;0
52759;1155;1344;14;16;14;0
52760;1170;1344;14;16;14;0
52761;1185;1344;14;16;14;0
52762;1200;1344;14;16;14;0
52763;1215;1344;14;16;14;0
52764;1230;1344;14;16;14;0
52765;1245;1344;14;16;14;0
52766;1260;1344;14;16;14;0
52767;1275;1344;14;16;14;0
52768;1290;1344;14;16;14;0
52769;1305;1344;14;16;14;0
52770;1320;1344;14;16;14;0
52771;1335;1344;14;16;14;0
52772;1350;1344;14;16;14;0
52773;1365;1344;14;16;14;0
52774;1380;1344;14;16;14;0
52775;1395;1344;14;16;14;0
52776;1410;1344;14;16;14;0
52777;1425;1344;14;16;14;0
52778;1440;1344;14;16;14;0
52779;1455;1344;14;16;14;0
52780;1470;1344;14;16;14;0
52781;1485;1344;14;16;14;0
52782;1500;1344;14;16;14;0
52783;1515;1344;14;16;14;0
52784;1530;1344;14;16;14;0
52785;1545;1344;14;16;14;0
52786;1560;1344;14;16;14;0
52787;1575;1344;14;16;14;0
52788;1590;1344;14;16;14;0
52789;1605;1344;14;16;14;0
52790;1620;1344;14;16;14;0
52791;1635;1344;14;16;14;0
52792;1650;1344;14;16;14;0
52793;1665;1344;14;16;14;0
52794;1680;1344;14;16;14;0
52795;1695;1344;14;16;14;0
52796;1710;1344;14;16;14;0
52797;1725;1344;14;16;14;0
52798;1740;1344;14;16;14;0
52799;1755;1344;14;16;14;0
52800;1770;1344;14;16;14;0
52801;1785;1344;14;16;14;0
52802;1800;1344;14;16;14;0
52803;1815;1344;14;16;14;0
52804;1830;1344;14;16;14;0
52805;1845;1344;14;16;14;0
52806;1860;1344;14;16;14;0
52807;1875;1344;14;16;14;0
52808;1890;1344;14;16;14;0
52809;1905;1344;14;16;14;0
52810;1920;1344;14;16;14;0
52811;1935;1344;14;16;14;0
52812;1950;1344;14;16;14;0
52813;1965;1344;14;16;14;0
52814;1980;1344;14;16;14;0
52815;1995;1344;14;16;14;0
52816;2010;1344;14;16;14;0
52817;2025;1344;14;16;14;0
52818;0;1361;14;16;14;0
52819;15;1361;14;16;14;0
52820;30;1361;14;16;14;0
52821;45;1361;14;16;14;0
52822;60;1361;14;16;14;0
52823;75;1361;14;16;14;0
52824;90;1361;14;16;14;0
52825;105;1361;14;16;14;0
52826;120;1361;14;16;14;0
52827;135;1361;14;16;14;0
52828;150;1361;14;16;14;0
52829;165;1361;14;16;14;0
52830;180;1361;14;16;14;0
52831;195;1361;14;16;14;0
52832;210;1361;14;16;14;0
52833;225;1361;14;16;14;0
52834;240;1361;14;16;14;0
52835;255;1361;14;16;14;0
52836;270;1361;14;16;14;0
52837;285;1361;14;16;14;0
52838;300;1361;14;16;14;0
52839;315;1361;14;16;14;0
52840;330;1361;14;16;14;0
52841;345;1361;14;16;14;0
52842;360;1361;14;16;14;0
52843;375;1361;14;16;14;0
52844;390;1361;14;16;14;0
52845;405;1361;14;16;14;0
52846;420;1361;14;16;14;0
52847;435;1361;14;16;14;0
52848;450;1361;14;16;14;0
52849;465;1361;14;16;14;0
52850;480;1361;14;16;14;0
52851;495;1361;14;16;14;0
52852;510;1361;14;16;14;0
52853;525;1361;14;16;14;0
52854;540;1361;14;16;14;0
52855;555;1361;14;16;14;0
52856;570;1361;14;16;14;0
52857;585;1361;14;16;14;0
52858;600;1361;14;16;14;0
52859;615;1361;14;16;14;0
52860;630;1361;14;16;14;0
52861;645;1361;14;16;14;0
52862;660;1361;14;16;14;0
52863;675;1361;14;16;14;0
52864;690;1361;14;16;14;0
52865;705;1361;14;16;14;0
52866;720;1361;14;16;14;0
52867;735;1361;14;16;14;0
52868;750;1361;14;16;14;0
52869;765;1361;14;16;14;0
52870;780;1361;14;16;14;0
52871;795;1361;14;16;14;0
52872;810;1361;14;16;14;0
52873;825;1361;14;16;14;0
52874;840;1361;14;16;14;0
52875;855;1361;14;16;14;0
52876;870;1361;14;16;14;0
52877;885;1361;14;16;14;0
52878;900;1361;14;16;14;0
52879;915;1361;14;16;14;0
52880;930;1361;14;16;14;0
52881;945;1361;14;16;14;0
52882;960;1361;14;16;14;0
52883;975;1361;14;16;14;0
52884;990;1361;14;16;14;0
52885;1005;1361;14;16;14;0
52886;1020;1361;14;16;14;0
52887;1035;1361;14;16;14;0
52888;1050;1361;14;16;14;0
52889;1065;1361;14;16;14;0
52890;1080;1361;14;16;14;0
52891;1095;1361;14;16;14;0
52892;1110;1361;14;16;14;0
52893;1125;1361;14;16;14;0
52894;1140;1361;14;16;14;0
52895;1155;1361;14;16;14;0
52896;1170;1361;14;16;14;0
52897;1185;1361;14;16;14;0
52898;1200;1361;14;16;14;0
52899;1215;1361;14;16;14;0
52900;1230;1361;14;16;14;0
52901;1245;1361;14;16;14;0
52902;1260;1361;14;16;14;0
52903;1275;1361;14;16;14;0
52904;1290;1361;14;16;14;0
52905;1305;1361;14;16;14;0
52906;1320;1361;14;16;14;0
52907;1335;1361;14;16;14;0
52908;1350;1361;14;16;14;0
52909;1365;1361;14;16;14;0
52910;1380;1361;14;16;14;0
52911;1395;1361;14;16;14;0
52912;1410;1361;14;16;14;0
52913;1425;1361;14;16;14;0
52914;1440;1361;14;16;14;0
52915;1455;1361;14;16;14;0
52916;1470;1361;14;16;14;0
52917;1485;1361;14;16;14;0
52918;1500;1361;14;16;14;0
52919;1515;1361;14;16;14;0
52920;1530;1361;14;16;14;0
52921;1545;1361;14;16;14;0
52922;1560;1361;14;16;14;0
52923;1575;1361;14;16;14;0
52924;1590;1361;14;16;14;0
52925;1605;1361;14;16;14;0
52926;1620;1361;14;16;14;0
52927;1635;1361;14;16;14;0
52928;1650;1361;14;16;14;0
52929;1665;1361;14;16;14;0
52930;1680;1361;14;16;14;0
52931;1695;1361;14;16;14;0
52932;1710;1361;14;16;14;0
52933;1725;1361;14;16;14;0
52934;1740;1361;14;16;14;0
52935;1755;1361;14;16;14;0
52936;1770;1361;14;16;14;0
52937;1785;1361;14;16;14;0
52938;1800;1361;14;16;14;0
52939;1815;1361;14;16;14;0
52940;1830;1361;14;16;14;0
52941;1845;1361;14;16;14;0
52942;1860;1361;14;16;14;0
52943;1875;1361;14;16;14;0
52944;1890;1361;14;16;14;0
52945;1905;1361;14;16;14;0
52946;1920;1361;14;16;14;0
52947;1935;1361;14;16;14;0
52948;1950;1361;14;16;14;0
52949;1965;1361;14;16;14;0
52950;1980;1361;14;16;14;0
52951;1995;1361;14;16;14;0
52952;2010;1361;14;16;14;0
52953;2025;1361;14;16;14;0
52954;0;1378;14;16;14;0
52955;15;1378;14;16;14;0
52956;30;1378;14;16;14;0
52957;45;1378;14;16;14;0
52958;60;1378;14;16;14;0
52959;75;1378;14;16;14;0
52960;90;1378;14;16;14;0
52961;105;1378;14;16;14;0
52962;120;1378;14;16;14;0
52963;135;1378;14;16;14;0
52964;150;1378;14;16;14;0
52965;165;1378;14;16;14;0
52966;180;1378;14;16;14;0
52967;195;1378;14;16;14;0
52968;210;1378;14;16;14;0
52969;225;1378;14;16;14;0
52970;240;1378;14;16;14;0
52971;255;1378;14;16;14;0
52972;270;1378;14;16;14;0
52973;285;1378;14;16;14;0
52974;300;1378;14;16;14;0
52975;315;1378;14;16;14;0
52976;330;1378;14;16;14;0
52977;345;1378;14;16;14;0
52978;360;1378;14;16;14;0
52979;375;1378;14;16;14;0
52980;390;1378;14;16;14;0
52981;405;1378;14;16;14;0
52982;420;1378;14;16;14;0
52983;435;1378;14;16;14;0
52984;450;1378;14;16;14;0
52985;465;1378;14;16;14;0
52986;480;1378;14;16;14;0
52987;495;1378;14;16;14;0
52988;510;1378;14;16;14;0
52989;525;1378;14;16;14;0
52990;540;1378;14;16;14;0
52991;555;1378;14;16;14;0
52992;570;1378;14;16;14;0
52993;585;1378;14;16;14;0
52994;600;1378;14;16;14;0
52995;615;1378;14;16;14;0
52996;630;1378;14;16;14;0
52997;645;1378;14;16;14;0
52998;660;1378;14;16;14;0
52999;675;1378;14;16;14;0
53000;690;1378;14;16;14;0
53001;705;1378;14;16;14;0
53002;720;1378;14;16;14;0
53003;735;1378;14;16;14;0
53004;750;1378;14;16;14;0
53005;765;1378;14;16;14;0
53006;780;1378;14;16;14;0
53007;795;1378;14;16;14;0
53008;810;1378;14;16;14;0
53009;825;1378;14;16;14;0
53010;840;1378;14;16;14;0
53011;855;1378;14;16;14;0
53012;870;1378;14;16;14;0
53013;885;1378;14;16;14;0
53014;900;1378;14;16;14;0
53015;915;1378;14;16;14;0
53016;930;1378;14;16;14;0
53017;945;1378;14;16;14;0
53018;960;1378;14;16;14;0
53019;975;1378;14;16;14;0
53020;990;1378;14;16;14;0
53021;1005;1378;14;16;14;0
53022;1020;1378;14;16;14;0
53023;1035;1378;14;16;14;0
53024;1050;1378;14;16;14;0
53025;1065;1378;14;16;14;0
53026;1080;1378;14;16;14;0
53027;1095;1378;14;16;14;0
53028;1110;1378;14;16;14;0
53029;1125;1378;14;16;14;0
53030;1140;1378;14;16;14;0
53031;1155;1378;14;16;14;0
53032;1170;1378;14;16;14;0
53033;1185;1378;14;16;14;0
53034;1200;1378;14;16;14;0
53035;1215;1378;14;16;14;0
53036;1230;1378;14;16;14;0
53037;1245;1378;14;16;14;0
53038;1260;1378;14;16;14;0
53039;1275;1378;14;16;14;0
53040;1290;1378;14;16;14;0
53041;1305;1378;14;16;14;0
53042;1320;1378;14;16;14;0
53043;1335;1378;14;16;14;0
53044;1350;1378;14;16;14;0
53045;1365;1378;14;16;14;0
53046;1380;1378;14;16;14;0
53047;1395;1378;14;16;14;0
53048;1410;1378;14;16;14;0
53049;1425;1378;14;16;14;0
53050;1440;1378;14;16;14;0
53051;1455;1378;14;16;14;0
53052;1470;1378;14;16;14;0
53053;1485;1378;14;16;14;0
53054;1500;1378;14;16;14;0
53055;1515;1378;14;16;14;0
53056;1530;1378;14;16;14;0
53057;1545;1378;14;16;14;0
53058;1560;1378;14;16;14;0
53059;1575;1378;14;16;14;0
53060;1590;1378;14;16;14;0
53061;1605;1378;14;16;14;0
53062;1620;1378;14;16;14;0
53063;1635;1378;14;16;14;0
53064;1650;1378;14;16;14;0
53065;1665;1378;14;16;14;0
53066;1680;1378;14;16;14;0
53067;1695;1378;14;16;14;0
53068;1710;1378;14;16;14;0
53069;1725;1378;14;16;14;0
53070;1740;1378;14;16;14;0
53071;1755;1378;14;16;14;0
53072;1770;1378;14;16;14;0
53073;1785;1378;14;16;14;0
53074;1800;1378;14;16;14;0
53075;1815;1378;14;16;14;0
53076;1830;1378;14;16;14;0
53077;1845;1378;14;16;14;0
53078;1860;1378;14;16;14;0
53079;1875;1378;14;16;14;0
53080;1890;1378;14;16;14;0
53081;1905;1378;14;16;14;0
53082;1920;1378;14;16;14;0
53083;1935;1378;14;16;14;0
53084;1950;1378;14;16;14;0
53085;1965;1378;14;16;14;0
53086;1980;1378;14;16;14;0
53087;1995;1378;14;16;14;0
53088;2010;1378;14;16;14;0
53089;2025;1378;14;16;14;0
53090;0;1395;14;16;14;0
53091;15;1395;14;16;14;0
53092;30;1395;14;16;14;0
53093;45;1395;14;16;14;0
53094;60;1395;14;16;14;0
53095;75;1395;14;16;14;0
53096;90;1395;14;16;14;0
53097;105;1395;14;16;14;0
53098;120;1395;14;16;14;0
53099;135;1395;14;16;14;0
53100;150;1395;14;16;14;0
53101;165;1395;14;16;14;0
53102;180;1395;14;16;14;0
53103;195;1395;14;16;14;0
53104;210;1395;14;16;14;0
53105;225;1395;14;16;14;0
53106;240;1395;14;16;14;0
53107;255;1395;14;16;14;0
53108;270;1395;14;16;14;0
53109;285;1395;14;16;14;0
53110;300;1395;14;16;14;0
53111;315;1395;14;16;14;0
53112;330;1395;14;16;14;0
53113;345;1395;14;16;14;0
53114;360;1395;14;16;14;0
53115;375;1395;14;16;14;0
53116;390;1395;14;16;14;0
53117;405;1395;14;16;14;0
53118;420;1395;14;16;14;0
53119;435;1395;14;16;14;0
53120;450;1395;14;16;14;0
53121;465;1395;14;16;14;0
53122;480;1395;14;16;14;0
53123;495;1395;14;16;14;0
53124;510;1395;14;16;14;0
53125;525;1395;14;16;14;0
53126;540;1395;14;16;14;0
53127;555;1395;14;16;14;0
53128;570;1395;14;16;14;0
53129;585;1395;14;16;14;0
53130;600;1395;14;16;14;0
53131;615;1395;14;16;14;0
53132;630;1395;14;16;14;0
53133;645;1395;14;16;14;0
53134;660;1395;14;16;14;0
53135;675;1395;14;16;14;0
53136;690;1395;14;16;14;0
53137;705;1395;14;16;14;0
53138;720;1395;14;16;14;0
53139;735;1395;14;16;14;0
53140;750;1395;14;16;14;0
53141;765;1395;14;16;14;0
53142;780;1395;14;16;14;0
53143;795;1395;14;16;14;0
53144;810;1395;14;16;14;0
53145;825;1395;14;16;14;0
53146;840;1395;14;16;14;0
53147;855;1395;14;16;14;0
53148;870;1395;14;16;14;0
53149;885;1395;14;16;14;0
53150;900;1395;14;16;14;0
53151;915;1395;14;16;14;0
53152;930;1395;14;16;14;0
53153;945;1395;14;16;14;0
53154;960;1395;14;16;14;0
53155;975;1395;14;16;14;0
53156;990;1395;14;16;14;0
53157;1005;1395;14;16;14;0
53158;1020;1395;14;16;14;0
53159;1035;1395;14;16;14;0
53160;1050;1395;14;16;14;0
53161;1065;1395;14;16;14;0
53162;1080;1395;14;16;14;0
53163;1095;1395;14;16;14;0
53164;1110;1395;14;16;14;0
53165;1125;1395;14;16;14;0
53166;1140;1395;14;16;14;0
53167;1155;1395;14;16;14;0
53168;1170;1395;14;16;14;0
53169;1185;1395;14;16;14;0
53170;1200;1395;14;16;14;0
53171;1215;1395;14;16;14;0
53172;1230;1395;14;16;14;0
53173;1245;1395;14;16;14;0
53174;1260;1395;14;16;14;0
53175;1275;1395;14;16;14;0
53176;1290;1395;14;16;14;0
53177;1305;1395;14;16;14;0
53178;1320;1395;14;16;14;0
53179;1335;1395;14;16;14;0
53180;1350;1395;14;16;14;0
53181;1365;1395;14;16;14;0
53182;1380;1395;14;16;14;0
53183;1395;1395;14;16;14;0
53184;1410;1395;14;16;14;0
53185;1425;1395;14;16;14;0
53186;1440;1395;14;16;14;0
53187;1455;1395;14;16;14;0
53188;1470;1395;14;16;14;0
53189;1485;1395;14;16;14;0
53190;1500;1395;14;16;14;0
53191;1515;1395;14;16;14;0
53192;1530;1395;14;16;14;0
53193;1545;1395;14;16;14;0
53194;1560;1395;14;16;14;0
53195;1575;1395;14;16;14;0
53196;1590;1395;14;16;14;0
53197;1605;1395;14;16;14;0
53198;1620;1395;14;16;14;0
53199;1635;1395;14;16;14;0
53200;1650;1395;14;16;14;0
53201;1665;1395;14;16;14;0
53202;1680;1395;14;16;14;0
53203;1695;1395;14;16;14;0
53204;1710;1395;14;16;14;0
53205;1725;1395;14;16;14;0
53206;1740;1395;14;16;14;0
53207;1755;1395;14;16;14;0
53208;1770;1395;14;16;14;0
53209;1785;1395;14;16;14;0
53210;1800;1395;14;16;14;0
53211;1815;1395;14;16;14;0
53212;1830;1395;14;16;14;0
53213;1845;1395;14;16;14;0
53214;1860;1395;14;16;14;0
53215;1875;1395;14;16;14;0
53216;1890;1395;14;16;14;0
53217;1905;1395;14;16;14;0
53218;1920;1395;14;16;14;0
53219;1935;1395;14;16;14;0
53220;1950;1395;14;16;14;0
53221;1965;1395;14;16;14;0
53222;1980;1395;14;16;14;0
53223;1995;1395;14;16;14;0
53224;2010;1395;14;16;14;0
53225;2025;1395;14;16;14;0
53226;0;1412;14;16;14;0
53227;15;1412;14;16;14;0
53228;30;1412;14;16;14;0
53229;45;1412;14;16;14;0
53230;60;1412;14;16;14;0
53231;75;1412;14;16;14;0
53232;90;1412;14;16;14;0
53233;105;1412;14;16;14;0
53234;120;1412;14;16;14;0
53235;135;1412;14;16;14;0
53236;150;1412;14;16;14;0
53237;165;1412;14;16;14;0
53238;180;1412;14;16;14;0
53239;195;1412;14;16;14;0
53240;210;1412;14;16;14;0
53241;225;1412;14;16;14;0
53242;240;1412;14;16;14;0
53243;255;1412;14;16;14;0
53244;270;1412;14;16;14;0
53245;285;1412;14;16;14;0
53246;300;1412;14;16;14;0
53247;315;1412;14;16;14;0
53248;330;1412;14;16;14;0
53249;345;1412;14;16;14;0
53250;360;1412;14;16;14;0
53251;375;1412;14;16;14;0
53252;390;1412;14;16;14;0
53253;405;1412;14;16;14;0
53254;420;1412;14;16;14;0
53255;435;1412;14;16;14;0
53256;450;1412;14;16;14;0
53257;465;1412;14;16;14;0
53258;480;1412;14;16;14;0
53259;495;1412;14;16;14;0
53260;510;1412;14;16;14;0
53261;525;1412;14;16;14;0
53262;540;1412;14;16;14;0
53263;555;1412;14;16;14;0
53264;570;1412;14;16;14;0
53265;585;1412;14;16;14;0
53266;600;1412;14;16;14;0
53267;615;1412;14;16;14;0
53268;630;1412;14;16;14;0
53269;645;1412;14;16;14;0
53270;660;1412;14;16;14;0
53271;675;1412;14;16;14;0
53272;690;1412;14;16;14;0
53273;705;1412;14;16;14;0
53274;720;1412;14;16;14;0
53275;735;1412;14;16;14;0
53276;750;1412;14;16;14;0
53277;765;1412;14;16;14;0
53278;780;1412;14;16;14;0
53279;795;1412;14;16;14;0
53280;810;1412;14;16;14;0
53281;825;1412;14;16;14;0
53282;840;1412;14;16;14;0
53283;855;1412;14;16;14;0
53284;870;1412;14;16;14;0
53285;885;1412;14;16;14;0
53286;900;1412;14;16;14;0
53287;915;1412;14;16;14;0
53288;930;1412;14;16;14;0
53289;945;1412;14;16;14;0
53290;960;1412;14;16;14;0
53291;975;1412;14;16;14;0
53292;990;1412;14;16;14;0
53293;1005;1412;14;16;14;0
53294;1020;1412;14;16;14;0
53295;1035;1412;14;16;14;0
53296;1050;1412;14;16;14;0
53297;1065;1412;14;16;14;0
53298;1080;1412;14;16;14;0
53299;1095;1412;14;16;14;0
53300;1110;1412;14;16;14;0
53301;1125;1412;14;16;14;0
53302;1140;1412;14;16;14;0
53303;1155;1412;14;16;14;0
53304;1170;1412;14;16;14;0
53305;1185;1412;14;16;14;0
53306;1200;1412;14;16;14;0
53307;1215;1412;14;16;14;0
53308;1230;1412;14;16;14;0
53309;1245;1412;14;16;14;0
53310;1260;1412;14;16;14;0
53311;1275;1412;14;16;14;0
53312;1290;1412;14;16;14;0
53313;1305;1412;14;16;14;0
53314;1320;1412;14;16;14;0
53315;1335;1412;14;16;14;0
53316;1350;1412;14;16;14;0
53317;1365;1412;14;16;14;0
53318;1380;1412;14;16;14;0
53319;1395;1412;14;16;14;0
53320;1410;1412;14;16;14;0
53321;1425;1412;14;16;14;0
53322;1440;1412;14;16;14;0
53323;1455;1412;14;16;14;0
53324;1470;1412;14;16;14;0
53325;1485;1412;14;16;14;0
53326;1500;1412;14;16;14;0
53327;1515;1412;14;16;14;0
53328;1530;1412;14;16;14;0
53329;1545;1412;14;16;14;0
53330;1560;1412;14;16;14;0
53331;1575;1412;14;16;14;0
53332;1590;1412;14;16;14;0
53333;1605;1412;14;16;14;0
53334;1620;1412;14;16;14;0
53335;1635;1412;14;16;14;0
53336;1650;1412;14;16;14;0
53337;1665;1412;14;16;14;0
53338;1680;1412;14;16;14;0
53339;1695;1412;14;16;14;0
53340;1710;1412;14;16;14;0
53341;1725;1412;14;16;14;0
53342;1740;1412;14;16;14;0
53343;1755;1412;14;16;14;0
53344;1770;1412;14;16;14;0
53345;1785;1412;14;16;14;0
53346;1800;1412;14;16;14;0
53347;1815;1412;14;16;14;0
53348;1830;1412;14;16;14;0
53349;1845;1412;14;16;14;0
53350;1860;1412;14;16;14;0
53351;1875;1412;14;16;14;0
53352;1890;1412;14;16;14;0
53353;1905;1412;14;16;14;0
53354;1920;1412;14;16;14;0
53355;1935;1412;14;16;14;0
53356;1950;1412;14;16;14;0
53357;1965;1412;14;16;14;0
53358;1980;1412;14;16;14;0
53359;1995;1412;14;16;14;0
53360;2010;1412;14;16;14;0
53361;2025;1412;14;16;14;0
53362;0;1429;14;16;14;0
53363;15;1429;14;16;14;0
53364;30;1429;14;16;14;0
53365;45;1429;14;16;14;0
53366;60;1429;14;16;14;0
53367;75;1429;14;16;14;0
53368;90;1429;14;16;14;0
53369;105;1429;14;16;14;0
53370;120;1429;14;16;14;0
53371;135;1429;14;16;14;0
53372;150;1429;14;16;14;0
53373;165;1429;14;16;14;0
53374;180;1429;14;16;14;0
53375;195;1429;14;16;14;0
53376;210;1429;14;16;14;0
53377;225;1429;14;16;14;0
53378;240;1429;14;16;14;0
53379;255;1429;14;16;14;0
53380;270;1429;14;16;14;0
53381;285;1429;14;16;14;0
53382;300;1429;14;16;14;0
53383;315;1429;14;16;14;0
53384;330;1429;14;16;14;0
53385;345;1429;14;16;14;0
53386;360;1429;14;16;14;0
53387;375;1429;14;16;14;0
53388;390;1429;14;16;14;0
53389;405;1429;14;16;14;0
53390;420;1429;14;16;14;0
53391;435;1429;14;16;14;0
53392;450;1429;14;16;14;0
53393;465;1429;14;16;14;0
53394;480;1429;14;16;14;0
53395;495;1429;14;16;14;0
53396;510;1429;14;16;14;0
53397;525;1429;14;16;14;0
53398;540;1429;14;16;14;0
53399;555;1429;14;16;14;0
53400;570;1429;14;16;14;0
53401;585;1429;14;16;14;0
53402;600;1429;14;16;14;0
53403;615;1429;14;16;14;0
53404;630;1429;14;16;14;0
53405;645;1429;14;16;14;0
53406;660;1429;14;16;14;0
53407;675;1429;14;16;14;0
53408;690;1429;14;16;14;0
53409;705;1429;14;16;14;0
53410;720;1429;14;16;14;0
53411;735;1429;14;16;14;0
53412;750;1429;14;16;14;0
53413;765;1429;14;16;14;0
53414;780;1429;14;16;14;0
53415;795;1429;14;16;14;0
53416;810;1429;14;16;14;0
53417;825;1429;14;16;14;0
53418;840;1429;14;16;14;0
53419;855;1429;14;16;14;0
53420;870;1429;14;16;14;0
53421;885;1429;14;16;14;0
53422;900;1429;14;16;14;0
53423;915;1429;14;16;14;0
53424;930;1429;14;16;14;0
53425;945;1429;14;16;14;0
53426;960;1429;14;16;14;0
53427;975;1429;14;16;14;0
53428;990;1429;14;16;14;0
53429;1005;1429;14;16;14;0
53430;1020;1429;14;16;14;0
53431;1035;1429;14;16;14;0
53432;1050;1429;14;16;14;0
53433;1065;1429;14;16;14;0
53434;1080;1429;14;16;14;0
53435;1095;1429;14;16;14;0
53436;1110;1429;14;16;14;0
53437;1125;1429;14;16;14;0
53438;1140;1429;14;16;14;0
53439;1155;1429;14;16;14;0
53440;1170;1429;14;16;14;0
53441;1185;1429;14;16;14;0
53442;1200;1429;14;16;14;0
53443;1215;1429;14;16;14;0
53444;1230;1429;14;16;14;0
53445;1245;1429;14;16;14;0
53446;1260;1429;14;16;14;0
53447;1275;1429;14;16;14;0
53448;1290;1429;14;16;14;0
53449;1305;1429;14;16;14;0
53450;1320;1429;14;16;14;0
53451;1335;1429;14;16;14;0
53452;1350;1429;14;16;14;0
53453;1365;1429;14;16;14;0
53454;1380;1429;14;16;14;0
53455;1395;1429;14;16;14;0
53456;1410;1429;14;16;14;0
53457;1425;1429;14;16;14;0
53458;1440;1429;14;16;14;0
53459;1455;1429;14;16;14;0
53460;1470;1429;14;16;14;0
53461;1485;1429;14;16;14;0
53462;1500;1429;14;16;14;0
53463;1515;1429;14;16;14;0
53464;1530;1429;14;16;14;0
53465;1545;1429;14;16;14;0
53466;1560;1429;14;16;14;0
53467;1575;1429;14;16;14;0
53468;1590;1429;14;16;14;0
53469;1605;1429;14;16;14;0
53470;1620;1429;14;16;14;0
53471;1635;1429;14;16;14;0
53472;1650;1429;14;16;14;0
53473;1665;1429;14;16;14;0
53474;1680;1429;14;16;14;0
53475;1695;1429;14;16;14;0
53476;1710;1429;14;16;14;0
53477;1725;1429;14;16;14;0
53478;1740;1429;14;16;14;0
53479;1755;1429;14;16;14;0
53480;1770;1429;14;16;14;0
53481;1785;1429;14;16;14;0
53482;1800;1429;14;16;14;0
53483;1815;1429;14;16;14;0
53484;1830;1429;14;16;14;0
53485;1845;1429;14;16;14;0
53486;1860;1429;14;16;14;0
53487;1875;1429;14;16;14;0
53488;1890;1429;14;16;14;0
53489;1905;1429;14;16;14;0
53490;1920;1429;14;16;14;0
53491;1935;1429;14;16;14;0
53492;1950;1429;14;16;14;0
53493;1965;1429;14;16;14;0
53494;1980;1429;14;16;14;0
53495;1995;1429;14;16;14;0
53496;2010;1429;14;16;14;0
53497;2025;1429;14;16;14;0
53498;0;1446;14;16;14;0
53499;15;1446;14;16;14;0
53500;30;1446;14;16;14;0
53501;45;1446;14;16;14;0
53502;60;1446;14;16;14;0
53503;75;1446;14;16;14;0
53504;90;1446;14;16;14;0
53505;105;1446;14;16;14;0
53506;120;1446;14;16;14;0
53507;135;1446;14;16;14;0
53508;150;1446;14;16;14;0
53509;165;1446;14;16;14;0
53510;180;1446;14;16;14;0
53511;195;1446;14;16;14;0
53512;210;1446;14;16;14;0
53513;225;1446;14;16;14;0
53514;240;1446;14;16;14;0
53515;255;1446;14;16;14;0
53516;270;1446;14;16;14;0
53517;285;1446;14;16;14;0
53518;300;1446;14;16;14;0
53519;315;1446;14;16;14;0
53520;330;1446;14;16;14;0
53521;345;1446;14;16;14;0
53522;360;1446;14;16;14;0
53523;375;1446;14;16;14;0
53524;390;1446;14;16;14;0
53525;405;1446;14;16;14;0
53526;420;1446;14;16;14;0
53527;435;1446;14;16;14;0
53528;450;1446;14;16;14;0
53529;465;1446;14;16;14;0
53530;480;1446;14;16;14;0
53531;495;1446;14;16;14;0
53532;510;1446;14;16;14;0
53533;525;1446;14;16;14;0
53534;540;1446;14;16;14;0
53535;555;1446;14;16;14;0
53536;570;1446;14;16;14;0
53537;585;1446;14;16;14;0
53538;600;1446;14;16;14;0
53539;615;1446;14;16;14;0
53540;630;1446;14;16;14;0
53541;645;1446;14;16;14;0
53542;660;1446;14;16;14;0
53543;675;1446;14;16;14;0
53544;690;1446;14;16;14;0
53545;705;1446;14;16;14;0
53546;720;1446;14;16;14;0
53547;735;1446;14;16;14;0
53548;750;1446;14;16;14;0
53549;765;1446;14;16;14;0
53550;780;1446;14;16;14;0
53551;795;1446;14;16;14;0
53552;810;1446;14;16;14;0
53553;825;1446;14;16;14;0
53554;840;1446;14;16;14;0
53555;855;1446;14;16;14;0
53556;870;1446;14;16;14;0
53557;885;1446;14;16;14;0
53558;900;1446;14;16;14;0
53559;915;1446;14;16;14;0
53560;930;1446;14;16;14;0
53561;945;1446;14;16;14;0
53562;960;1446;14;16;14;0
53563;975;1446;14;16;14;0
53564;990;1446;14;16;14;0
53565;1005;1446;14;16;14;0
53566;1020;1446;14;16;14;0
53567;1035;1446;14;16;14;0
53568;1050;1446;14;16;14;0
53569;1065;1446;14;16;14;0
53570;1080;1446;14;16;14;0
53571;1095;1446;14;16;14;0
53572;1110;1446;14;16;14;0
53573;1125;1446;14;16;14;0
53574;1140;1446;14;16;14;0
53575;1155;1446;14;16;14;0
53576;1170;1446;14;16;14;0
53577;1185;1446;14;16;14;0
53578;1200;1446;14;16;14;0
53579;1215;1446;14;16;14;0
53580;1230;1446;14;16;14;0
53581;1245;1446;14;16;14;0
53582;1260;1446;14;16;14;0
53583;1275;1446;14;16;14;0
53584;1290;1446;14;16;14;0
53585;1305;1446;14;16;14;0
53586;1320;1446;14;16;14;0
53587;1335;1446;14;16;14;0
53588;1350;1446;14;16;14;0
53589;1365;1446;14;16;14;0
53590;1380;1446;14;16;14;0
53591;1395;1446;14;16;14;0
53592;1410;1446;14;16;14;0
53593;1425;1446;14;16;14;0
53594;1440;1446;14;16;14;0
53595;1455;1446;14;16;14;0
53596;1470;1446;14;16;14;0
53597;1485;1446;14;16;14;0
53598;1500;1446;14;16;14;0
53599;1515;1446;14;16;14;0
53600;1530;1446;14;16;14;0
53601;1545;1446;14;16;14;0
53602;1560;1446;14;16;14;0
53603;1575;1446;14;16;14;0
53604;1590;1446;14;16;14;0
53605;1605;1446;14;16;14;0
53606;1620;1446;14;16;14;0
53607;1635;1446;14;16;14;0
53608;1650;1446;14;16;14;0
53609;1665;1446;14;16;14;0
53610;1680;1446;14;16;14;0
53611;1695;1446;14;16;14;0
53612;1710;1446;14;16;14;0
53613;1725;1446;14;16;14;0
53614;1740;1446;14;16;14;0
53615;1755;1446;14;16;14;0
53616;1770;1446;14;16;14;0
53617;1785;1446;14;16;14;0
53618;1800;1446;14;16;14;0
53619;1815;1446;14;16;14;0
53620;1830;1446;14;16;14;0
53621;1845;1446;14;16;14;0
53622;1860;1446;14;16;14;0
53623;1875;1446;14;16;14;0
53624;1890;1446;14;16;14;0
53625;1905;1446;14;16;14;0
53626;1920;1446;14;16;14;0
53627;1935;1446;14;16;14;0
53628;1950;1446;14;16;14;0
53629;1965;1446;14;16;14;0
53630;1980;1446;14;16;14;0
53631;1995;1446;14;16;14;0
53632;2010;1446;14;16;14;0
53633;2025;1446;14;16;14;0
53634;0;1463;14;16;14;0
53635;15;1463;14;16;14;0
53636;30;1463;14;16;14;0
53637;45;1463;14;16;14;0
53638;60;1463;14;16;14;0
53639;75;1463;14;16;14;0
53640;90;1463;14;16;14;0
53641;105;1463;14;16;14;0
53642;120;1463;14;16;14;0
53643;135;1463;14;16;14;0
53644;150;1463;14;16;14;0
53645;165;1463;14;16;14;0
53646;180;1463;14;16;14;0
53647;195;1463;14;16;14;0
53648;210;1463;14;16;14;0
53649;225;1463;14;16;14;0
53650;240;1463;14;16;14;0
53651;255;1463;14;16;14;0
53652;270;1463;14;16;14;0
53653;285;1463;14;16;14;0
53654;300;1463;14;16;14;0
53655;315;1463;14;16;14;0
53656;330;1463;14;16;14;0
53657;345;1463;14;16;14;0
53658;360;1463;14;16;14;0
53659;375;1463;14;16;14;0
53660;390;1463;14;16;14;0
53661;405;1463;14;16;14;0
53662;420;1463;14;16;14;0
53663;435;1463;14;16;14;0
53664;450;1463;14;16;14;0
53665;465;1463;14;16;14;0
53666;480;1463;14;16;14;0
53667;495;1463;14;16;14;0
53668;510;1463;14;16;14;0
53669;525;1463;14;16;14;0
53670;540;1463;14;16;14;0
53671;555;1463;14;16;14;0
53672;570;1463;14;16;14;0
53673;585;1463;14;16;14;0
53674;600;1463;14;16;14;0
53675;615;1463;14;16;14;0
53676;630;1463;14;16;14;0
53677;645;1463;14;16;14;0
53678;660;1463;14;16;14;0
53679;675;1463;14;16;14;0
53680;690;1463;14;16;14;0
53681;705;1463;14;16;14;0
53682;720;1463;14;16;14;0
53683;735;1463;14;16;14;0
53684;750;1463;14;16;14;0
53685;765;1463;14;16;14;0
53686;780;1463;14;16;14;0
53687;795;1463;14;16;14;0
53688;810;1463;14;16;14;0
53689;825;1463;14;16;14;0
53690;840;1463;14;16;14;0
53691;855;1463;14;16;14;0
53692;870;1463;14;16;14;0
53693;885;1463;14;16;14;0
53694;900;1463;14;16;14;0
53695;915;1463;14;16;14;0
53696;930;1463;14;16;14;0
53697;945;1463;14;16;14;0
53698;960;1463;14;16;14;0
53699;975;1463;14;16;14;0
53700;990;1463;14;16;14;0
53701;1005;1463;14;16;14;0
53702;1020;1463;14;16;14;0
53703;1035;1463;14;16;14;0
53704;1050;1463;14;16;14;0
53705;1065;1463;14;16;14;0
53706;1080;1463;14;16;14;0
53707;1095;1463;14;16;14;0
53708;1110;1463;14;16;14;0
53709;1125;1463;14;16;14;0
53710;1140;1463;14;16;14;0
53711;1155;1463;14;16;14;0
53712;1170;1463;14;16;14;0
53713;1185;1463;14;16;14;0
53714;1200;1463;14;16;14;0
53715;1215;1463;14;16;14;0
53716;1230;1463;14;16;14;0
53717;1245;1463;14;16;14;0
53718;1260;1463;14;16;14;0
53719;1275;1463;14;16;14;0
53720;1290;1463;14;16;14;0
53721;1305;1463;14;16;14;0
53722;1320;1463;14;16;14;0
53723;1335;1463;14;16;14;0
53724;1350;1463;14;16;14;0
53725;1365;1463;14;16;14;0
53726;1380;1463;14;16;14;0
53727;1395;1463;14;16;14;0
53728;1410;1463;14;16;14;0
53729;1425;1463;14;16;14;0
53730;1440;1463;14;16;14;0
53731;1455;1463;14;16;14;0
53732;1470;1463;14;16;14;0
53733;1485;1463;14;16;14;0
53734;1500;1463;14;16;14;0
53735;1515;1463;14;16;14;0
53736;1530;1463;14;16;14;0
53737;1545;1463;14;16;14;0
53738;1560;1463;14;16;14;0
53739;1575;1463;14;16;14;0
53740;1590;1463;14;16;14;0
53741;1605;1463;14;16;14;0
53742;1620;1463;14;16;14;0
53743;1635;1463;14;16;14;0
53744;1650;1463;14;16;14;0
53745;1665;1463;14;16;14;0
53746;1680;1463;14;16;14;0
53747;1695;1463;14;16;14;0
53748;1710;1463;14;16;14;0
53749;1725;1463;14;16;14;0
53750;1740;1463;14;16;14;0
53751;1755;1463;14;16;14;0
53752;1770;1463;14;16;14;0
53753;1785;1463;14;16;14;0
53754;1800;1463;14;16;14;0
53755;1815;1463;14;16;14;0
53756;1830;1463;14;16;14;0
53757;1845;1463;14;16;14;0
53758;1860;1463;14;16;14;0
53759;1875;1463;14;16;14;0
53760;1890;1463;14;16;14;0
53761;1905;1463;14;16;14;0
53762;1920;1463;14;16;14;0
53763;1935;1463;14;16;14;0
53764;1950;1463;14;16;14;0
53765;1965;1463;14;16;14;0
53766;1980;1463;14;16;14;0
53767;1995;1463;14;16;14;0
53768;2010;1463;14;16;14;0
53769;2025;1463;14;16;14;0
53770;0;1480;14;16;14;0
53771;15;1480;14;16;14;0
53772;30;1480;14;16;14;0
53773;45;1480;14;16;14;0
53774;60;1480;14;16;14;0
53775;75;1480;14;16;14;0
53776;90;1480;14;16;14;0
53777;105;1480;14;16;14;0
53778;120;1480;14;16;14;0
53779;135;1480;14;16;14;0
53780;150;1480;14;16;14;0
53781;165;1480;14;16;14;0
53782;180;1480;14;16;14;0
53783;195;1480;14;16;14;0
53784;210;1480;14;16;14;0
53785;225;1480;14;16;14;0
53786;240;1480;14;16;14;0
53787;255;1480;14;16;14;0
53788;270;1480;14;16;14;0
53789;285;1480;14;16;14;0
53790;300;1480;14;16;14;0
53791;315;1480;14;16;14;0
53792;330;1480;14;16;14;0
53793;345;1480;14;16;14;0
53794;360;1480;14;16;14;0
53795;375;1480;14;16;14;0
53796;390;1480;14;16;14;0
53797;405;1480;14;16;14;0
53798;420;1480;14;16;14;0
53799;435;1480;14;16;14;0
53800;450;1480;14;16;14;0
53801;465;1480;14;16;14;0
53802;480;1480;14;16;14;0
53803;495;1480;14;16;14;0
53804;510;1480;14;16;14;0
53805;525;1480;14;16;14;0
53806;540;1480;14;16;14;0
53807;555;1480;14;16;14;0
53808;570;1480;14;16;14;0
53809;585;1480;14;16;14;0
53810;600;1480;14;16;14;0
53811;615;1480;14;16;14;0
53812;630;1480;14;16;14;0
53813;645;1480;14;16;14;0
53814;660;1480;14;16;14;0
53815;675;1480;14;16;14;0
53816;690;1480;14;16;14;0
53817;705;1480;14;16;14;0
53818;720;1480;14;16;14;0
53819;735;1480;14;16;14;0
53820;750;1480;14;16;14;0
53821;765;1480;14;16;14;0
53822;780;1480;14;16;14;0
53823;795;1480;14;16;14;0
53824;810;1480;14;16;14;0
53825;825;1480;14;16;14;0
53826;840;1480;14;16;14;0
53827;855;1480;14;16;14;0
53828;870;1480;14;16;14;0
53829;885;1480;14;16;14;0
53830;900;1480;14;16;14;0
53831;915;1480;14;16;14;0
53832;930;1480;14;16;14;0
53833;945;1480;14;16;14;0
53834;960;1480;14;16;14;0
53835;975;1480;14;16;14;0
53836;990;1480;14;16;14;0
53837;1005;1480;14;16;14;0
53838;1020;1480;14;16;14;0
53839;1035;1480;14;16;14;0
53840;1050;1480;14;16;14;0
53841;1065;1480;14;16;14;0
53842;1080;1480;14;16;14;0
53843;1095;1480;14;16;14;0
53844;1110;1480;14;16;14;0
53845;1125;1480;14;16;14;0
53846;1140;1480;14;16;14;0
53847;1155;1480;14;16;14;0
53848;1170;1480;14;16;14;0
53849;1185;1480;14;16;14;0
53850;1200;1480;14;16;14;0
53851;1215;1480;14;16;14;0
53852;1230;1480;14;16;14;0
53853;1245;1480;14;16;14;0
53854;1260;1480;14;16;14;0
53855;1275;1480;14;16;14;0
53856;1290;1480;14;16;14;0
53857;1305;1480;14;16;14;0
53858;1320;1480;14;16;14;0
53859;1335;1480;14;16;14;0
53860;1350;1480;14;16;14;0
53861;1365;1480;14;16;14;0
53862;1380;1480;14;16;14;0
53863;1395;1480;14;16;14;0
53864;1410;1480;14;16;14;0
53865;1425;1480;14;16;14;0
53866;1440;1480;14;16;14;0
53867;1455;1480;14;16;14;0
53868;1470;1480;14;16;14;0
53869;1485;1480;14;16;14;0
53870;1500;1480;14;16;14;0
53871;1515;1480;14;16;14;0
53872;1530;1480;14;16;14;0
53873;1545;1480;14;16;14;0
53874;1560;1480;14;16;14;0
53875;1575;1480;14;16;14;0
53876;1590;1480;14;16;14;0
53877;1605;1480;14;16;14;0
53878;1620;1480;14;16;14;0
53879;1635;1480;14;16;14;0
53880;1650;1480;14;16;14;0
53881;1665;1480;14;16;14;0
53882;1680;1480;14;16;14;0
53883;1695;1480;14;16;14;0
53884;1710;1480;14;16;14;0
53885;1725;1480;14;16;14;0
53886;1740;1480;14;16;14;0
53887;1755;1480;14;16;14;0
53888;1770;1480;14;16;14;0
53889;1785;1480;14;16;14;0
53890;1800;1480;14;16;14;0
53891;1815;1480;14;16;14;0
53892;1830;1480;14;16;14;0
53893;1845;1480;14;16;14;0
53894;1860;1480;14;16;14;0
53895;1875;1480;14;16;14;0
53896;1890;1480;14;16;14;0
53897;1905;1480;14;16;14;0
53898;1920;1480;14;16;14;0
53899;1935;1480;14;16;14;0
53900;1950;1480;14;16;14;0
53901;1965;1480;14;16;14;0
53902;1980;1480;14;16;14;0
53903;1995;1480;14;16;14;0
53904;2010;1480;14;16;14;0
53905;2025;1480;14;16;14;0
53906;0;1497;14;16;14;0
53907;15;1497;14;16;14;0
53908;30;1497;14;16;14;0
53909;45;1497;14;16;14;0
53910;60;1497;14;16;14;0
53911;75;1497;14;16;14;0
53912;90;1497;14;16;14;0
53913;105;1497;14;16;14;0
53914;120;1497;14;16;14;0
53915;135;1497;14;16;14;0
53916;150;1497;14;16;14;0
53917;165;1497;14;16;14;0
53918;180;1497;14;16;14;0
53919;195;1497;14;16;14;0
53920;210;1497;14;16;14;0
53921;225;1497;14;16;14;0
53922;240;1497;14;16;14;0
53923;255;1497;14;16;14;0
53924;270;1497;14;16;14;0
53925;285;1497;14;16;14;0
53926;300;1497;14;16;14;0
53927;315;1497;14;16;14;0
53928;330;1497;14;16;14;0
53929;345;1497;14;16;14;0
53930;360;1497;14;16;14;0
53931;375;1497;14;16;14;0
53932;390;1497;14;16;14;0
53933;405;1497;14;16;14;0
53934;420;1497;14;16;14;0
53935;435;1497;14;16;14;0
53936;450;1497;14;16;14;0
53937;465;1497;14;16;14;0
53938;480;1497;14;16;14;0
53939;495;1497;14;16;14;0
53940;510;1497;14;16;14;0
53941;525;1497;14;16;14;0
53942;540;1497;14;16;14;0
53943;555;1497;14;16;14;0
53944;570;1497;14;16;14;0
53945;585;1497;14;16;14;0
53946;600;1497;14;16;14;0
53947;615;1497;14;16;14;0
53948;630;1497;14;16;14;0
53949;645;1497;14;16;14;0
53950;660;1497;14;16;14;0
53951;675;1497;14;16;14;0
53952;690;1497;14;16;14;0
53953;705;1497;14;16;14;0
53954;720;1497;14;16;14;0
53955;735;1497;14;16;14;0
53956;750;1497;14;16;14;0
53957;765;1497;14;16;14;0
53958;780;1497;14;16;14;0
53959;795;1497;14;16;14;0
53960;810;1497;14;16;14;0
53961;825;1497;14;16;14;0
53962;840;1497;14;16;14;0
53963;855;1497;14;16;14;0
53964;870;1497;14;16;14;0
53965;885;1497;14;16;14;0
53966;900;1497;14;16;14;0
53967;915;1497;14;16;14;0
53968;930;1497;14;16;14;0
53969;945;1497;14;16;14;0
53970;960;1497;14;16;14;0
53971;975;1497;14;16;14;0
53972;990;1497;14;16;14;0
53973;1005;1497;14;16;14;0
53974;1020;1497;14;16;14;0
53975;1035;1497;14;16;14;0
53976;1050;1497;14;16;14;0
53977;1065;1497;14;16;14;0
53978;1080;1497;14;16;14;0
53979;1095;1497;14;16;14;0
53980;1110;1497;14;16;14;0
53981;1125;1497;14;16;14;0
53982;1140;1497;14;16;14;0
53983;1155;1497;14;16;14;0
53984;1170;1497;14;16;14;0
53985;1185;1497;14;16;14;0
53986;1200;1497;14;16;14;0
53987;1215;1497;14;16;14;0
53988;1230;1497;14;16;14;0
53989;1245;1497;14;16;14;0
53990;1260;1497;14;16;14;0
53991;1275;1497;14;16;14;0
53992;1290;1497;14;16;14;0
53993;1305;1497;14;16;14;0
53994;1320;1497;14;16;14;0
53995;1335;1497;14;16;14;0
53996;1350;1497;14;16;14;0
53997;1365;1497;14;16;14;0
53998;1380;1497;14;16;14;0
53999;1395;1497;14;16;14;0
54000;1410;1497;14;16;14;0
54001;1425;1497;14;16;14;0
54002;1440;1497;14;16;14;0
54003;1455;1497;14;16;14;0
54004;1470;1497;14;16;14;0
54005;1485;1497;14;16;14;0
54006;1500;1497;14;16;14;0
54007;1515;1497;14;16;14;0
54008;1530;1497;14;16;14;0
54009;1545;1497;14;16;14;0
54010;1560;1497;14;16;14;0
54011;1575;1497;14;16;14;0
54012;1590;1497;14;16;14;0
54013;1605;1497;14;16;14;0
54014;1620;1497;14;16;14;0
54015;1635;1497;14;16;14;0
54016;1650;1497;14;16;14;0
54017;1665;1497;14;16;14;0
54018;1680;1497;14;16;14;0
54019;1695;1497;14;16;14;0
54020;1710;1497;14;16;14;0
54021;1725;1497;14;16;14;0
54022;1740;1497;14;16;14;0
54023;1755;1497;14;16;14;0
54024;1770;1497;14;16;14;0
54025;1785;1497;14;16;14;0
54026;1800;1497;14;16;14;0
54027;1815;1497;14;16;14;0
54028;1830;1497;14;16;14;0
54029;1845;1497;14;16;14;0
54030;1860;1497;14;16;14;0
54031;1875;1497;14;16;14;0
54032;1890;1497;14;16;14;0
54033;1905;1497;14;16;14;0
54034;1920;1497;14;16;14;0
54035;1935;1497;14;16;14;0
54036;1950;1497;14;16;14;0
54037;1965;1497;14;16;14;0
54038;1980;1497;14;16;14;0
54039;1995;1497;14;16;14;0
54040;2010;1497;14;16;14;0
54041;2025;1497;14;16;14;0
54042;0;1514;14;16;14;0
54043;15;1514;14;16;14;0
54044;30;1514;14;16;14;0
54045;45;1514;14;16;14;0
54046;60;1514;14;16;14;0
54047;75;1514;14;16;14;0
54048;90;1514;14;16;14;0
54049;105;1514;14;16;14;0
54050;120;1514;14;16;14;0
54051;135;1514;14;16;14;0
54052;150;1514;14;16;14;0
54053;165;1514;14;16;14;0
54054;180;1514;14;16;14;0
54055;195;1514;14;16;14;0
54056;210;1514;14;16;14;0
54057;225;1514;14;16;14;0
54058;240;1514;14;16;14;0
54059;255;1514;14;16;14;0
54060;270;1514;14;16;14;0
54061;285;1514;14;16;14;0
54062;300;1514;14;16;14;0
54063;315;1514;14;16;14;0
54064;330;1514;14;16;14;0
54065;345;1514;14;16;14;0
54066;360;1514;14;16;14;0
54067;375;1514;14;16;14;0
54068;390;1514;14;16;14;0
54069;405;1514;14;16;14;0
54070;420;1514;14;16;14;0
54071;435;1514;14;16;14;0
54072;450;1514;14;16;14;0
54073;465;1514;14;16;14;0
54074;480;1514;14;16;14;0
54075;495;1514;14;16;14;0
54076;510;1514;14;16;14;0
54077;525;1514;14;16;14;0
54078;540;1514;14;16;14;0
54079;555;1514;14;16;14;0
54080;570;1514;14;16;14;0
54081;585;1514;14;16;14;0
54082;600;1514;14;16;14;0
54083;615;1514;14;16;14;0
54084;630;1514;14;16;14;0
54085;645;1514;14;16;14;0
54086;660;1514;14;16;14;0
54087;675;1514;14;16;14;0
54088;690;1514;14;16;14;0
54089;705;1514;14;16;14;0
54090;720;1514;14;16;14;0
54091;735;1514;14;16;14;0
54092;750;1514;14;16;14;0
54093;765;1514;14;16;14;0
54094;780;1514;14;16;14;0
54095;795;1514;14;16;14;0
54096;810;1514;14;16;14;0
54097;825;1514;14;16;14;0
54098;840;1514;14;16;14;0
54099;855;1514;14;16;14;0
54100;870;1514;14;16;14;0
54101;885;1514;14;16;14;0
54102;900;1514;14;16;14;0
54103;915;1514;14;16;14;0
54104;930;1514;14;16;14;0
54105;945;1514;14;16;14;0
54106;960;1514;14;16;14;0
54107;975;1514;14;16;14;0
54108;990;1514;14;16;14;0
54109;1005;1514;14;16;14;0
54110;1020;1514;14;16;14;0
54111;1035;1514;14;16;14;0
54112;1050;1514;14;16;14;0
54113;1065;1514;14;16;14;0
54114;1080;1514;14;16;14;0
54115;1095;1514;14;16;14;0
54116;1110;1514;14;16;14;0
54117;1125;1514;14;16;14;0
54118;1140;1514;14;16;14;0
54119;1155;1514;14;16;14;0
54120;1170;1514;14;16;14;0
54121;1185;1514;14;16;14;0
54122;1200;1514;14;16;14;0
54123;1215;1514;14;16;14;0
54124;1230;1514;14;16;14;0
54125;1245;1514;14;16;14;0
54126;1260;1514;14;16;14;0
54127;1275;1514;14;16;14;0
54128;1290;1514;14;16;14;0
54129;1305;1514;14;16;14;0
54130;1320;1514;14;16;14;0
54131;1335;1514;14;16;14;0
54132;1350;1514;14;16;14;0
54133;1365;1514;14;16;14;0
54134;1380;1514;14;16;14;0
54135;1395;1514;14;16;14;0
54136;1410;1514;14;16;14;0
54137;1425;1514;14;16;14;0
54138;1440;1514;14;16;14;0
54139;1455;1514;14;16;14;0
54140;1470;1514;14;16;14;0
54141;1485;1514;14;16;14;0
54142;1500;1514;14;16;14;0
54143;1515;1514;14;16;14;0
54144;1530;1514;14;16;14;0
54145;1545;1514;14;16;14;0
54146;1560;1514;14;16;14;0
54147;1575;1514;14;16;14;0
54148;1590;1514;14;16;14;0
54149;1605;1514;14;16;14;0
54150;1620;1514;14;16;14;0
54151;1635;1514;14;16;14;0
54152;1650;1514;14;16;14;0
54153;1665;1514;14;16;14;0
54154;1680;1514;14;16;14;0
54155;1695;1514;14;16;14;0
54156;1710;1514;14;16;14;0
54157;1725;1514;14;16;14;0
54158;1740;1514;14;16;14;0
54159;1755;1514;14;16;14;0
54160;1770;1514;14;16;14;0
54161;1785;1514;14;16;14;0
54162;1800;1514;14;16;14;0
54163;1815;1514;14;16;14;0
54164;1830;1514;14;16;14;0
54165;1845;1514;14;16;14;0
54166;1860;1514;14;16;14;0
54167;1875;1514;14;16;14;0
54168;1890;1514;14;16;14;0
54169;1905;1514;14;16;14;0
54170;1920;1514;14;16;14;0
54171;1935;1514;14;16;14;0
54172;1950;1514;14;16;14;0
54173;1965;1514;14;16;14;0
54174;1980;1514;14;16;14;0
54175;1995;1514;14;16;14;0
54176;2010;1514;14;16;14;0
54177;2025;1514;14;16;14;0
54178;0;1531;14;16;14;0
54179;15;1531;14;16;14;0
54180;30;1531;14;16;14;0
54181;45;1531;14;16;14;0
54182;60;1531;14;16;14;0
54183;75;1531;14;16;14;0
54184;90;1531;14;16;14;0
54185;105;1531;14;16;14;0
54186;120;1531;14;16;14;0
54187;135;1531;14;16;14;0
54188;150;1531;14;16;14;0
54189;165;1531;14;16;14;0
54190;180;1531;14;16;14;0
54191;195;1531;14;16;14;0
54192;210;1531;14;16;14;0
54193;225;1531;14;16;14;0
54194;240;1531;14;16;14;0
54195;255;1531;14;16;14;0
54196;270;1531;14;16;14;0
54197;285;1531;14;16;14;0
54198;300;1531;14;16;14;0
54199;315;1531;14;16;14;0
54200;330;1531;14;16;14;0
54201;345;1531;14;16;14;0
54202;360;1531;14;16;14;0
54203;375;1531;14;16;14;0
54204;390;1531;14;16;14;0
54205;405;1531;14;16;14;0
54206;420;1531;14;16;14;0
54207;435;1531;14;16;14;0
54208;450;1531;14;16;14;0
54209;465;1531;14;16;14;0
54210;480;1531;14;16;14;0
54211;495;1531;14;16;14;0
54212;510;1531;14;16;14;0
54213;525;1531;14;16;14;0
54214;540;1531;14;16;14;0
54215;555;1531;14;16;14;0
54216;570;1531;14;16;14;0
54217;585;1531;14;16;14;0
54218;600;1531;14;16;14;0
54219;615;1531;14;16;14;0
54220;630;1531;14;16;14;0
54221;645;1531;14;16;14;0
54222;660;1531;14;16;14;0
54223;675;1531;14;16;14;0
54224;690;1531;14;16;14;0
54225;705;1531;14;16;14;0
54226;720;1531;14;16;14;0
54227;735;1531;14;16;14;0
54228;750;1531;14;16;14;0
54229;765;1531;14;16;14;0
54230;780;1531;14;16;14;0
54231;795;1531;14;16;14;0
54232;810;1531;14;16;14;0
54233;825;1531;14;16;14;0
54234;840;1531;14;16;14;0
54235;855;1531;14;16;14;0
54236;870;1531;14;16;14;0
54237;885;1531;14;16;14;0
54238;900;1531;14;16;14;0
54239;915;1531;14;16;14;0
54240;930;1531;14;16;14;0
54241;945;1531;14;16;14;0
54242;960;1531;14;16;14;0
54243;975;1531;14;16;14;0
54244;990;1531;14;16;14;0
54245;1005;1531;14;16;14;0
54246;1020;1531;14;16;14;0
54247;1035;1531;14;16;14;0
54248;1050;1531;14;16;14;0
54249;1065;1531;14;16;14;0
54250;1080;1531;14;16;14;0
54251;1095;1531;14;16;14;0
54252;1110;1531;14;16;14;0
54253;1125;1531;14;16;14;0
54254;1140;1531;14;16;14;0
54255;1155;1531;14;16;14;0
54256;1170;1531;14;16;14;0
54257;1185;1531;14;16;14;0
54258;1200;1531;14;16;14;0
54259;1215;1531;14;16;14;0
54260;1230;1531;14;16;14;0
54261;1245;1531;14;16;14;0
54262;1260;1531;14;16;14;0
54263;1275;1531;14;16;14;0
54264;1290;1531;14;16;14;0
54265;1305;1531;14;16;14;0
54266;1320;1531;14;16;14;0
54267;1335;1531;14;16;14;0
54268;1350;1531;14;16;14;0
54269;1365;1531;14;16;14;0
54270;1380;1531;14;16;14;0
54271;1395;1531;14;16;14;0
54272;1410;1531;14;16;14;0
54273;1425;1531;14;16;14;0
54274;1440;1531;14;16;14;0
54275;1455;1531;14;16;14;0
54276;1470;1531;14;16;14;0
54277;1485;1531;14;16;14;0
54278;1500;1531;14;16;14;0
54279;1515;1531;14;16;14;0
54280;1530;1531;14;16;14;0
54281;1545;1531;14;16;14;0
54282;1560;1531;14;16;14;0
54283;1575;1531;14;16;14;0
54284;1590;1531;14;16;14;0
54285;1605;1531;14;16;14;0
54286;1620;1531;14;16;14;0
54287;1635;1531;14;16;14;0
54288;1650;1531;14;16;14;0
54289;1665;1531;14;16;14;0
54290;1680;1531;14;16;14;0
54291;1695;1531;14;16;14;0
54292;1710;1531;14;16;14;0
54293;1725;1531;14;16;14;0
54294;1740;1531;14;16;14;0
54295;1755;1531;14;16;14;0
54296;1770;1531;14;16;14;0
54297;1785;1531;14;16;14;0
54298;1800;1531;14;16;14;0
54299;1815;1531;14;16;14;0
54300;1830;1531;14;16;14;0
54301;1845;1531;14;16;14;0
54302;1860;1531;14;16;14;0
54303;1875;1531;14;16;14;0
54304;1890;1531;14;16;14;0
54305;1905;1531;14;16;14;0
54306;1920;1531;14;16;14;0
54307;1935;1531;14;16;14;0
54308;1950;1531;14;16;14;0
54309;1965;1531;14;16;14;0
54310;1980;1531;14;16;14;0
54311;1995;1531;14;16;14;0
54312;2010;1531;14;16;14;0
54313;2025;1531;14;16;14;0
54314;0;1548;14;16;14;0
54315;15;1548;14;16;14;0
54316;30;1548;14;16;14;0
54317;45;1548;14;16;14;0
54318;60;1548;14;16;14;0
54319;75;1548;14;16;14;0
54320;90;1548;14;16;14;0
54321;105;1548;14;16;14;0
54322;120;1548;14;16;14;0
54323;135;1548;14;16;14;0
54324;150;1548;14;16;14;0
54325;165;1548;14;16;14;0
54326;180;1548;14;16;14;0
54327;195;1548;14;16;14;0
54328;210;1548;14;16;14;0
54329;225;1548;14;16;14;0
54330;240;1548;14;16;14;0
54331;255;1548;14;16;14;0
54332;270;1548;14;16;14;0
54333;285;1548;14;16;14;0
54334;300;1548;14;16;14;0
54335;315;1548;14;16;14;0
54336;330;1548;14;16;14;0
54337;345;1548;14;16;14;0
54338;360;1548;14;16;14;0
54339;375;1548;14;16;14;0
54340;390;1548;14;16;14;0
54341;405;1548;14;16;14;0
54342;420;1548;14;16;14;0
54343;435;1548;14;16;14;0
54344;450;1548;14;16;14;0
54345;465;1548;14;16;14;0
54346;480;1548;14;16;14;0
54347;495;1548;14;16;14;0
54348;510;1548;14;16;14;0
54349;525;1548;14;16;14;0
54350;540;1548;14;16;14;0
54351;555;1548;14;16;14;0
54352;570;1548;14;16;14;0
54353;585;1548;14;16;14;0
54354;600;1548;14;16;14;0
54355;615;1548;14;16;14;0
54356;630;1548;14;16;14;0
54357;645;1548;14;16;14;0
54358;660;1548;14;16;14;0
54359;675;1548;14;16;14;0
54360;690;1548;14;16;14;0
54361;705;1548;14;16;14;0
54362;720;1548;14;16;14;0
54363;735;1548;14;16;14;0
54364;750;1548;14;16;14;0
54365;765;1548;14;16;14;0
54366;780;1548;14;16;14;0
54367;795;1548;14;16;14;0
54368;810;1548;14;16;14;0
54369;825;1548;14;16;14;0
54370;840;1548;14;16;14;0
54371;855;1548;14;16;14;0
54372;870;1548;14;16;14;0
54373;885;1548;14;16;14;0
54374;900;1548;14;16;14;0
54375;915;1548;14;16;14;0
54376;930;1548;14;16;14;0
54377;945;1548;14;16;14;0
54378;960;1548;14;16;14;0
54379;975;1548;14;16;14;0
54380;990;1548;14;16;14;0
54381;1005;1548;14;16;14;0
54382;1020;1548;14;16;14;0
54383;1035;1548;14;16;14;0
54384;1050;1548;14;16;14;0
54385;1065;1548;14;16;14;0
54386;1080;1548;14;16;14;0
54387;1095;1548;14;16;14;0
54388;1110;1548;14;16;14;0
54389;1125;1548;14;16;14;0
54390;1140;1548;14;16;14;0
54391;1155;1548;14;16;14;0
54392;1170;1548;14;16;14;0
54393;1185;1548;14;16;14;0
54394;1200;1548;14;16;14;0
54395;1215;1548;14;16;14;0
54396;1230;1548;14;16;14;0
54397;1245;1548;14;16;14;0
54398;1260;1548;14;16;14;0
54399;1275;1548;14;16;14;0
54400;1290;1548;14;16;14;0
54401;1305;1548;14;16;14;0
54402;1320;1548;14;16;14;0
54403;1335;1548;14;16;14;0
54404;1350;1548;14;16;14;0
54405;1365;1548;14;16;14;0
54406;1380;1548;14;16;14;0
54407;1395;1548;14;16;14;0
54408;1410;1548;14;16;14;0
54409;1425;1548;14;16;14;0
54410;1440;1548;14;16;14;0
54411;1455;1548;14;16;14;0
54412;1470;1548;14;16;14;0
54413;1485;1548;14;16;14;0
54414;1500;1548;14;16;14;0
54415;1515;1548;14;16;14;0
54416;1530;1548;14;16;14;0
54417;1545;1548;14;16;14;0
54418;1560;1548;14;16;14;0
54419;1575;1548;14;16;14;0
54420;1590;1548;14;16;14;0
54421;1605;1548;14;16;14;0
54422;1620;1548;14;16;14;0
54423;1635;1548;14;16;14;0
54424;1650;1548;14;16;14;0
54425;1665;1548;14;16;14;0
54426;1680;1548;14;16;14;0
54427;1695;1548;14;16;14;0
54428;1710;1548;14;16;14;0
54429;1725;1548;14;16;14;0
54430;1740;1548;14;16;14;0
54431;1755;1548;14;16;14;0
54432;1770;1548;14;16;14;0
54433;1785;1548;14;16;14;0
54434;1800;1548;14;16;14;0
54435;1815;1548;14;16;14;0
54436;1830;1548;14;16;14;0
54437;1845;1548;14;16;14;0
54438;1860;1548;14;16;14;0
54439;1875;1548;14;16;14;0
54440;1890;1548;14;16;14;0
54441;1905;1548;14;16;14;0
54442;1920;1548;14;16;14;0
54443;1935;1548;14;16;14;0
54444;1950;1548;14;16;14;0
54445;1965;1548;14;16;14;0
54446;1980;1548;14;16;14;0
54447;1995;1548;14;16;14;0
54448;2010;1548;14;16;14;0
54449;2025;1548;14;16;14;0
54450;0;1565;14;16;14;0
54451;15;1565;14;16;14;0
54452;30;1565;14;16;14;0
54453;45;1565;14;16;14;0
54454;60;1565;14;16;14;0
54455;75;1565;14;16;14;0
54456;90;1565;14;16;14;0
54457;105;1565;14;16;14;0
54458;120;1565;14;16;14;0
54459;135;1565;14;16;14;0
54460;150;1565;14;16;14;0
54461;165;1565;14;16;14;0
54462;180;1565;14;16;14;0
54463;195;1565;14;16;14;0
54464;210;1565;14;16;14;0
54465;225;1565;14;16;14;0
54466;240;1565;14;16;14;0
54467;255;1565;14;16;14;0
54468;270;1565;14;16;14;0
54469;285;1565;14;16;14;0
54470;300;1565;14;16;14;0
54471;315;1565;14;16;14;0
54472;330;1565;14;16;14;0
54473;345;1565;14;16;14;0
54474;360;1565;14;16;14;0
54475;375;1565;14;16;14;0
54476;390;1565;14;16;14;0
54477;405;1565;14;16;14;0
54478;420;1565;14;16;14;0
54479;435;1565;14;16;14;0
54480;450;1565;14;16;14;0
54481;465;1565;14;16;14;0
54482;480;1565;14;16;14;0
54483;495;1565;14;16;14;0
54484;510;1565;14;16;14;0
54485;525;1565;14;16;14;0
54486;540;1565;14;16;14;0
54487;555;1565;14;16;14;0
54488;570;1565;14;16;14;0
54489;585;1565;14;16;14;0
54490;600;1565;14;16;14;0
54491;615;1565;14;16;14;0
54492;630;1565;14;16;14;0
54493;645;1565;14;16;14;0
54494;660;1565;14;16;14;0
54495;675;1565;14;16;14;0
54496;690;1565;14;16;14;0
54497;705;1565;14;16;14;0
54498;720;1565;14;16;14;0
54499;735;1565;14;16;14;0
54500;750;1565;14;16;14;0
54501;765;1565;14;16;14;0
54502;780;1565;14;16;14;0
54503;795;1565;14;16;14;0
54504;810;1565;14;16;14;0
54505;825;1565;14;16;14;0
54506;840;1565;14;16;14;0
54507;855;1565;14;16;14;0
54508;870;1565;14;16;14;0
54509;885;1565;14;16;14;0
54510;900;1565;14;16;14;0
54511;915;1565;14;16;14;0
54512;930;1565;14;16;14;0
54513;945;1565;14;16;14;0
54514;960;1565;14;16;14;0
54515;975;1565;14;16;14;0
54516;990;1565;14;16;14;0
54517;1005;1565;14;16;14;0
54518;1020;1565;14;16;14;0
54519;1035;1565;14;16;14;0
54520;1050;1565;14;16;14;0
54521;1065;1565;14;16;14;0
54522;1080;1565;14;16;14;0
54523;1095;1565;14;16;14;0
54524;1110;1565;14;16;14;0
54525;1125;1565;14;16;14;0
54526;1140;1565;14;16;14;0
54527;1155;1565;14;16;14;0
54528;1170;1565;14;16;14;0
54529;1185;1565;14;16;14;0
54530;1200;1565;14;16;14;0
54531;1215;1565;14;16;14;0
54532;1230;1565;14;16;14;0
54533;1245;1565;14;16;14;0
54534;1260;1565;14;16;14;0
54535;1275;1565;14;16;14;0
54536;1290;1565;14;16;14;0
54537;1305;1565;14;16;14;0
54538;1320;1565;14;16;14;0
54539;1335;1565;14;16;14;0
54540;1350;1565;14;16;14;0
54541;1365;1565;14;16;14;0
54542;1380;1565;14;16;14;0
54543;1395;1565;14;16;14;0
54544;1410;1565;14;16;14;0
54545;1425;1565;14;16;14;0
54546;1440;1565;14;16;14;0
54547;1455;1565;14;16;14;0
54548;1470;1565;14;16;14;0
54549;1485;1565;14;16;14;0
54550;1500;1565;14;16;14;0
54551;1515;1565;14;16;14;0
54552;1530;1565;14;16;14;0
54553;1545;1565;14;16;14;0
54554;1560;1565;14;16;14;0
54555;1575;1565;14;16;14;0
54556;1590;1565;14;16;14;0
54557;1605;1565;14;16;14;0
54558;1620;1565;14;16;14;0
54559;1635;1565;14;16;14;0
54560;1650;1565;14;16;14;0
54561;1665;1565;14;16;14;0
54562;1680;1565;14;16;14;0
54563;1695;1565;14;16;14;0
54564;1710;1565;14;16;14;0
54565;1725;1565;14;16;14;0
54566;1740;1565;14;16;14;0
54567;1755;1565;14;16;14;0
54568;1770;1565;14;16;14;0
54569;1785;1565;14;16;14;0
54570;1800;1565;14;16;14;0
54571;1815;1565;14;16;14;0
54572;1830;1565;14;16;14;0
54573;1845;1565;14;16;14;0
54574;1860;1565;14;16;14;0
54575;1875;1565;14;16;14;0
54576;1890;1565;14;16;14;0
54577;1905;1565;14;16;14;0
54578;1920;1565;14;16;14;0
54579;1935;1565;14;16;14;0
54580;1950;1565;14;16;14;0
54581;1965;1565;14;16;14;0
54582;1980;1565;14;16;14;0
54583;1995;1565;14;16;14;0
54584;2010;1565;14;16;14;0
54585;2025;1565;14;16;14;0
54586;0;1582;14;16;14;0
54587;15;1582;14;16;14;0
54588;30;1582;14;16;14;0
54589;45;1582;14;16;14;0
54590;60;1582;14;16;14;0
54591;75;1582;14;16;14;0
54592;90;1582;14;16;14;0
54593;105;1582;14;16;14;0
54594;120;1582;14;16;14;0
54595;135;1582;14;16;14;0
54596;150;1582;14;16;14;0
54597;165;1582;14;16;14;0
54598;180;1582;14;16;14;0
54599;195;1582;14;16;14;0
54600;210;1582;14;16;14;0
54601;225;1582;14;16;14;0
54602;240;1582;14;16;14;0
54603;255;1582;14;16;14;0
54604;270;1582;14;16;14;0
54605;285;1582;14;16;14;0
54606;300;1582;14;16;14;0
54607;315;1582;14;16;14;0
54608;330;1582;14;16;14;0
54609;345;1582;14;16;14;0
54610;360;1582;14;16;14;0
54611;375;1582;14;16;14;0
54612;390;1582;14;16;14;0
54613;405;1582;14;16;14;0
54614;420;1582;14;16;14;0
54615;435;1582;14;16;14;0
54616;450;1582;14;16;14;0
54617;465;1582;14;16;14;0
54618;480;1582;14;16;14;0
54619;495;1582;14;16;14;0
54620;510;1582;14;16;14;0
54621;525;1582;14;16;14;0
54622;540;1582;14;16;14;0
54623;555;1582;14;16;14;0
54624;570;1582;14;16;14;0
54625;585;1582;14;16;14;0
54626;600;1582;14;16;14;0
54627;615;1582;14;16;14;0
54628;630;1582;14;16;14;0
54629;645;1582;14;16;14;0
54630;660;1582;14;16;14;0
54631;675;1582;14;16;14;0
54632;690;1582;14;16;14;0
54633;705;1582;14;16;14;0
54634;720;1582;14;16;14;0
54635;735;1582;14;16;14;0
54636;750;1582;14;16;14;0
54637;765;1582;14;16;14;0
54638;780;1582;14;16;14;0
54639;795;1582;14;16;14;0
54640;810;1582;14;16;14;0
54641;825;1582;14;16;14;0
54642;840;1582;14;16;14;0
54643;855;1582;14;16;14;0
54644;870;1582;14;16;14;0
54645;885;1582;14;16;14;0
54646;900;1582;14;16;14;0
54647;915;1582;14;16;14;0
54648;930;1582;14;16;14;0
54649;945;1582;14;16;14;0
54650;960;1582;14;16;14;0
54651;975;1582;14;16;14;0
54652;990;1582;14;16;14;0
54653;1005;1582;14;16;14;0
54654;1020;1582;14;16;14;0
54655;1035;1582;14;16;14;0
54656;1050;1582;14;16;14;0
54657;1065;1582;14;16;14;0
54658;1080;1582;14;16;14;0
54659;1095;1582;14;16;14;0
54660;1110;1582;14;16;14;0
54661;1125;1582;14;16;14;0
54662;1140;1582;14;16;14;0
54663;1155;1582;14;16;14;0
54664;1170;1582;14;16;14;0
54665;1185;1582;14;16;14;0
54666;1200;1582;14;16;14;0
54667;1215;1582;14;16;14;0
54668;1230;1582;14;16;14;0
54669;1245;1582;14;16;14;0
54670;1260;1582;14;16;14;0
54671;1275;1582;14;16;14;0
54672;1290;1582;14;16;14;0
54673;1305;1582;14;16;14;0
54674;1320;1582;14;16;14;0
54675;1335;1582;14;16;14;0
54676;1350;1582;14;16;14;0
54677;1365;1582;14;16;14;0
54678;1380;1582;14;16;14;0
54679;1395;1582;14;16;14;0
54680;1410;1582;14;16;14;0
54681;1425;1582;14;16;14;0
54682;1440;1582;14;16;14;0
54683;1455;1582;14;16;14;0
54684;1470;1582;14;16;14;0
54685;1485;1582;14;16;14;0
54686;1500;1582;14;16;14;0
54687;1515;1582;14;16;14;0
54688;1530;1582;14;16;14;0
54689;1545;1582;14;16;14;0
54690;1560;1582;14;16;14;0
54691;1575;1582;14;16;14;0
54692;1590;1582;14;16;14;0
54693;1605;1582;14;16;14;0
54694;1620;1582;14;16;14;0
54695;1635;1582;14;16;14;0
54696;1650;1582;14;16;14;0
54697;1665;1582;14;16;14;0
54698;1680;1582;14;16;14;0
54699;1695;1582;14;16;14;0
54700;1710;1582;14;16;14;0
54701;1725;1582;14;16;14;0
54702;1740;1582;14;16;14;0
54703;1755;1582;14;16;14;0
54704;1770;1582;14;16;14;0
54705;1785;1582;14;16;14;0
54706;1800;1582;14;16;14;0
54707;1815;1582;14;16;14;0
54708;1830;1582;14;16;14;0
54709;1845;1582;14;16;14;0
54710;1860;1582;14;16;14;0
54711;1875;1582;14;16;14;0
54712;1890;1582;14;16;14;0
54713;1905;1582;14;16;14;0
54714;1920;1582;14;16;14;0
54715;1935;1582;14;16;14;0
54716;1950;1582;14;16;14;0
54717;1965;1582;14;16;14;0
54718;1980;1582;14;16;14;0
54719;1995;1582;14;16;14;0
54720;2010;1582;14;16;14;0
54721;2025;1582;14;16;14;0
54722;0;1599;14;16;14;0
54723;15;1599;14;16;14;0
54724;30;1599;14;16;14;0
54725;45;1599;14;16;14;0
54726;60;1599;14;16;14;0
54727;75;1599;14;16;14;0
54728;90;1599;14;16;14;0
54729;105;1599;14;16;14;0
54730;120;1599;14;16;14;0
54731;135;1599;14;16;14;0
54732;150;1599;14;16;14;0
54733;165;1599;14;16;14;0
54734;180;1599;14;16;14;0
54735;195;1599;14;16;14;0
54736;210;1599;14;16;14;0
54737;225;1599;14;16;14;0
54738;240;1599;14;16;14;0
54739;255;1599;14;16;14;0
54740;270;1599;14;16;14;0
54741;285;1599;14;16;14;0
54742;300;1599;14;16;14;0
54743;315;1599;14;16;14;0
54744;330;1599;14;16;14;0
54745;345;1599;14;16;14;0
54746;360;1599;14;16;14;0
54747;375;1599;14;16;14;0
54748;390;1599;14;16;14;0
54749;405;1599;14;16;14;0
54750;420;1599;14;16;14;0
54751;435;1599;14;16;14;0
54752;450;1599;14;16;14;0
54753;465;1599;14;16;14;0
54754;480;1599;14;16;14;0
54755;495;1599;14;16;14;0
54756;510;1599;14;16;14;0
54757;525;1599;14;16;14;0
54758;540;1599;14;16;14;0
54759;555;1599;14;16;14;0
54760;570;1599;14;16;14;0
54761;585;1599;14;16;14;0
54762;600;1599;14;16;14;0
54763;615;1599;14;16;14;0
54764;630;1599;14;16;14;0
54765;645;1599;14;16;14;0
54766;660;1599;14;16;14;0
54767;675;1599;14;16;14;0
54768;690;1599;14;16;14;0
54769;705;1599;14;16;14;0
54770;720;1599;14;16;14;0
54771;735;1599;14;16;14;0
54772;750;1599;14;16;14;0
54773;765;1599;14;16;14;0
54774;780;1599;14;16;14;0
54775;795;1599;14;16;14;0
54776;810;1599;14;16;14;0
54777;825;1599;14;16;14;0
54778;840;1599;14;16;14;0
54779;855;1599;14;16;14;0
54780;870;1599;14;16;14;0
54781;885;1599;14;16;14;0
54782;900;1599;14;16;14;0
54783;915;1599;14;16;14;0
54784;930;1599;14;16;14;0
54785;945;1599;14;16;14;0
54786;960;1599;14;16;14;0
54787;975;1599;14;16;14;0
54788;990;1599;14;16;14;0
54789;1005;1599;14;16;14;0
54790;1020;1599;14;16;14;0
54791;1035;1599;14;16;14;0
54792;1050;1599;14;16;14;0
54793;1065;1599;14;16;14;0
54794;1080;1599;14;16;14;0
54795;1095;1599;14;16;14;0
54796;1110;1599;14;16;14;0
54797;1125;1599;14;16;14;0
54798;1140;1599;14;16;14;0
54799;1155;1599;14;16;14;0
54800;1170;1599;14;16;14;0
54801;1185;1599;14;16;14;0
54802;1200;1599;14;16;14;0
54803;1215;1599;14;16;14;0
54804;1230;1599;14;16;14;0
54805;1245;1599;14;16;14;0
54806;1260;1599;14;16;14;0
54807;1275;1599;14;16;14;0
54808;1290;1599;14;16;14;0
54809;1305;1599;14;16;14;0
54810;1320;1599;14;16;14;0
54811;1335;1599;14;16;14;0
54812;1350;1599;14;16;14;0
54813;1365;1599;14;16;14;0
54814;1380;1599;14;16;14;0
54815;1395;1599;14;16;14;0
54816;1410;1599;14;16;14;0
54817;1425;1599;14;16;14;0
54818;1440;1599;14;16;14;0
54819;1455;1599;14;16;14;0
54820;1470;1599;14;16;14;0
54821;1485;1599;14;16;14;0
54822;1500;1599;14;16;14;0
54823;1515;1599;14;16;14;0
54824;1530;1599;14;16;14;0
54825;1545;1599;14;16;14;0
54826;1560;1599;14;16;14;0
54827;1575;1599;14;16;14;0
54828;1590;1599;14;16;14;0
54829;1605;1599;14;16;14;0
54830;1620;1599;14;16;14;0
54831;1635;1599;14;16;14;0
54832;1650;1599;14;16;14;0
54833;1665;1599;14;16;14;0
54834;1680;1599;14;16;14;0
54835;1695;1599;14;16;14;0
54836;1710;1599;14;16;14;0
54837;1725;1599;14;16;14;0
54838;1740;1599;14;16;14;0
54839;1755;1599;14;16;14;0
54840;1770;1599;14;16;14;0
54841;1785;1599;14;16;14;0
54842;1800;1599;14;16;14;0
54843;1815;1599;14;16;14;0
54844;1830;1599;14;16;14;0
54845;1845;1599;14;16;14;0
54846;1860;1599;14;16;14;0
54847;1875;1599;14;16;14;0
54848;1890;1599;14;16;14;0
54849;1905;1599;14;16;14;0
54850;1920;1599;14;16;14;0
54851;1935;1599;14;16;14;0
54852;1950;1599;14;16;14;0
54853;1965;1599;14;16;14;0
54854;1980;1599;14;16;14;0
54855;1995;1599;14;16;14;0
54856;2010;1599;14;16;14;0
54857;2025;1599;14;16;14;0
54858;0;1616;14;16;14;0
54859;15;1616;14;16;14;0
54860;30;1616;14;16;14;0
54861;45;1616;14;16;14;0
54862;60;1616;14;16;14;0
54863;75;1616;14;16;14;0
54864;90;1616;14;16;14;0
54865;105;1616;14;16;14;0
54866;120;1616;14;16;14;0
54867;135;1616;14;16;14;0
54868;150;1616;14;16;14;0
54869;165;1616;14;16;14;0
54870;180;1616;14;16;14;0
54871;195;1616;14;16;14;0
54872;210;1616;14;16;14;0
54873;225;1616;14;16;14;0
54874;240;1616;14;16;14;0
54875;255;1616;14;16;14;0
54876;270;1616;14;16;14;0
54877;285;1616;14;16;14;0
54878;300;1616;14;16;14;0
54879;315;1616;14;16;14;0
54880;330;1616;14;16;14;0
54881;345;1616;14;16;14;0
54882;360;1616;14;16;14;0
54883;375;1616;14;16;14;0
54884;390;1616;14;16;14;0
54885;405;1616;14;16;14;0
54886;420;1616;14;16;14;0
54887;435;1616;14;16;14;0
54888;450;1616;14;16;14;0
54889;465;1616;14;16;14;0
54890;480;1616;14;16;14;0
54891;495;1616;14;16;14;0
54892;510;1616;14;16;14;0
54893;525;1616;14;16;14;0
54894;540;1616;14;16;14;0
54895;555;1616;14;16;14;0
54896;570;1616;14;16;14;0
54897;585;1616;14;16;14;0
54898;600;1616;14;16;14;0
54899;615;1616;14;16;14;0
54900;630;1616;14;16;14;0
54901;645;1616;14;16;14;0
54902;660;1616;14;16;14;0
54903;675;1616;14;16;14;0
54904;690;1616;14;16;14;0
54905;705;1616;14;16;14;0
54906;720;1616;14;16;14;0
54907;735;1616;14;16;14;0
54908;750;1616;14;16;14;0
54909;765;1616;14;16;14;0
54910;780;1616;14;16;14;0
54911;795;1616;14;16;14;0
54912;810;1616;14;16;14;0
54913;825;1616;14;16;14;0
54914;840;1616;14;16;14;0
54915;855;1616;14;16;14;0
54916;870;1616;14;16;14;0
54917;885;1616;14;16;14;0
54918;900;1616;14;16;14;0
54919;915;1616;14;16;14;0
54920;930;1616;14;16;14;0
54921;945;1616;14;16;14;0
54922;960;1616;14;16;14;0
54923;975;1616;14;16;14;0
54924;990;1616;14;16;14;0
54925;1005;1616;14;16;14;0
54926;1020;1616;14;16;14;0
54927;1035;1616;14;16;14;0
54928;1050;1616;14;16;14;0
54929;1065;1616;14;16;14;0
54930;1080;1616;14;16;14;0
54931;1095;1616;14;16;14;0
54932;1110;1616;14;16;14;0
54933;1125;1616;14;16;14;0
54934;1140;1616;14;16;14;0
54935;1155;1616;14;16;14;0
54936;1170;1616;14;16;14;0
54937;1185;1616;14;16;14;0
54938;1200;1616;14;16;14;0
54939;1215;1616;14;16;14;0
54940;1230;1616;14;16;14;0
54941;1245;1616;14;16;14;0
54942;1260;1616;14;16;14;0
54943;1275;1616;14;16;14;0
54944;1290;1616;14;16;14;0
54945;1305;1616;14;16;14;0
54946;1320;1616;14;16;14;0
54947;1335;1616;14;16;14;0
54948;1350;1616;14;16;14;0
54949;1365;1616;14;16;14;0
54950;1380;1616;14;16;14;0
54951;1395;1616;14;16;14;0
54952;1410;1616;14;16;14;0
54953;1425;1616;14;16;14;0
54954;1440;1616;14;16;14;0
54955;1455;1616;14;16;14;0
54956;1470;1616;14;16;14;0
54957;1485;1616;14;16;14;0
54958;1500;1616;14;16;14;0
54959;1515;1616;14;16;14;0
54960;1530;1616;14;16;14;0
54961;1545;1616;14;16;14;0
54962;1560;1616;14;16;14;0
54963;1575;1616;14;16;14;0
54964;1590;1616;14;16;14;0
54965;1605;1616;14;16;14;0
54966;1620;1616;14;16;14;0
54967;1635;1616;14;16;14;0
54968;1650;1616;14;16;14;0
54969;1665;1616;14;16;14;0
54970;1680;1616;14;16;14;0
54971;1695;1616;14;16;14;0
54972;1710;1616;14;16;14;0
54973;1725;1616;14;16;14;0
54974;1740;1616;14;16;14;0
54975;1755;1616;14;16;14;0
54976;1770;1616;14;16;14;0
54977;1785;1616;14;16;14;0
54978;1800;1616;14;16;14;0
54979;1815;1616;14;16;14;0
54980;1830;1616;14;16;14;0
54981;1845;1616;14;16;14;0
54982;1860;1616;14;16;14;0
54983;1875;1616;14;16;14;0
54984;1890;1616;14;16;14;0
54985;1905;1616;14;16;14;0
54986;1920;1616;14;16;14;0
54987;1935;1616;14;16;14;0
54988;1950;1616;14;16;14;0
54989;1965;1616;14;16;14;0
54990;1980;1616;14;16;14;0
54991;1995;1616;14;16;14;0
54992;2010;1616;14;16;14;0
54993;2025;1616;14;16;14;0
54994;0;1633;14;16;14;0
54995;15;1633;14;16;14;0
54996;30;1633;14;16;14;0
54997;45;1633;14;16;14;0
54998;60;1633;14;16;14;0
54999;75;1633;14;16;14;0
55000;90;1633;14;16;14;0
55001;105;1633;14;16;14;0
55002;120;1633;14;16;14;0
55003;135;1633;14;16;14;0
55004;150;1633;14;16;14;0
55005;165;1633;14;16;14;0
55006;180;1633;14;16;14;0
55007;195;1633;14;16;14;0
55008;210;1633;14;16;14;0
55009;225;1633;14;16;14;0
55010;240;1633;14;16;14;0
55011;255;1633;14;16;14;0
55012;270;1633;14;16;14;0
55013;285;1633;14;16;14;0
55014;300;1633;14;16;14;0
55015;315;1633;14;16;14;0
55016;330;1633;14;16;14;0
55017;345;1633;14;16;14;0
55018;360;1633;14;16;14;0
55019;375;1633;14;16;14;0
55020;390;1633;14;16;14;0
55021;405;1633;14;16;14;0
55022;420;1633;14;16;14;0
55023;435;1633;14;16;14;0
55024;450;1633;14;16;14;0
55025;465;1633;14;16;14;0
55026;480;1633;14;16;14;0
55027;495;1633;14;16;14;0
55028;510;1633;14;16;14;0
55029;525;1633;14;16;14;0
55030;540;1633;14;16;14;0
55031;555;1633;14;16;14;0
55032;570;1633;14;16;14;0
55033;585;1633;14;16;14;0
55034;600;1633;14;16;14;0
55035;615;1633;14;16;14;0
55036;630;1633;14;16;14;0
55037;645;1633;14;16;14;0
55038;660;1633;14;16;14;0
55039;675;1633;14;16;14;0
55040;690;1633;14;16;14;0
55041;705;1633;14;16;14;0
55042;720;1633;14;16;14;0
55043;735;1633;14;16;14;0
55044;750;1633;14;16;14;0
55045;765;1633;14;16;14;0
55046;780;1633;14;16;14;0
55047;795;1633;14;16;14;0
55048;810;1633;14;16;14;0
55049;825;1633;14;16;14;0
55050;840;1633;14;16;14;0
55051;855;1633;14;16;14;0
55052;870;1633;14;16;14;0
55053;885;1633;14;16;14;0
55054;900;1633;14;16;14;0
55055;915;1633;14;16;14;0
55056;930;1633;14;16;14;0
55057;945;1633;14;16;14;0
55058;960;1633;14;16;14;0
55059;975;1633;14;16;14;0
55060;990;1633;14;16;14;0
55061;1005;1633;14;16;14;0
55062;1020;1633;14;16;14;0
55063;1035;1633;14;16;14;0
55064;1050;1633;14;16;14;0
55065;1065;1633;14;16;14;0
55066;1080;1633;14;16;14;0
55067;1095;1633;14;16;14;0
55068;1110;1633;14;16;14;0
55069;1125;1633;14;16;14;0
55070;1140;1633;14;16;14;0
55071;1155;1633;14;16;14;0
55072;1170;1633;14;16;14;0
55073;1185;1633;14;16;14;0
55074;1200;1633;14;16;14;0
55075;1215;1633;14;16;14;0
55076;1230;1633;14;16;14;0
55077;1245;1633;14;16;14;0
55078;1260;1633;14;16;14;0
55079;1275;1633;14;16;14;0
55080;1290;1633;14;16;14;0
55081;1305;1633;14;16;14;0
55082;1320;1633;14;16;14;0
55083;1335;1633;14;16;14;0
55084;1350;1633;14;16;14;0
55085;1365;1633;14;16;14;0
55086;1380;1633;14;16;14;0
55087;1395;1633;14;16;14;0
55088;1410;1633;14;16;14;0
55089;1425;1633;14;16;14;0
55090;1440;1633;14;16;14;0
55091;1455;1633;14;16;14;0
55092;1470;1633;14;16;14;0
55093;1485;1633;14;16;14;0
55094;1500;1633;14;16;14;0
55095;1515;1633;14;16;14;0
55096;1530;1633;14;16;14;0
55097;1545;1633;14;16;14;0
55098;1560;1633;14;16;14;0
55099;1575;1633;14;16;14;0
55100;1590;1633;14;16;14;0
55101;1605;1633;14;16;14;0
55102;1620;1633;14;16;14;0
55103;1635;1633;14;16;14;0
55104;1650;1633;14;16;14;0
55105;1665;1633;14;16;14;0
55106;1680;1633;14;16;14;0
55107;1695;1633;14;16;14;0
55108;1710;1633;14;16;14;0
55109;1725;1633;14;16;14;0
55110;1740;1633;14;16;14;0
55111;1755;1633;14;16;14;0
55112;1770;1633;14;16;14;0
55113;1785;1633;14;16;14;0
55114;1800;1633;14;16;14;0
55115;1815;1633;14;16;14;0
55116;1830;1633;14;16;14;0
55117;1845;1633;14;16;14;0
55118;1860;1633;14;16;14;0
55119;1875;1633;14;16;14;0
55120;1890;1633;14;16;14;0
55121;1905;1633;14;16;14;0
55122;1920;1633;14;16;14;0
55123;1935;1633;14;16;14;0
55124;1950;1633;14;16;14;0
55125;1965;1633;14;16;14;0
55126;1980;1633;14;16;14;0
55127;1995;1633;14;16;14;0
55128;2010;1633;14;16;14;0
55129;2025;1633;14;16;14;0
55130;0;1650;14;16;14;0
55131;15;1650;14;16;14;0
55132;30;1650;14;16;14;0
55133;45;1650;14;16;14;0
55134;60;1650;14;16;14;0
55135;75;1650;14;16;14;0
55136;90;1650;14;16;14;0
55137;105;1650;14;16;14;0
55138;120;1650;14;16;14;0
55139;135;1650;14;16;14;0
55140;150;1650;14;16;14;0
55141;165;1650;14;16;14;0
55142;180;1650;14;16;14;0
55143;195;1650;14;16;14;0
55144;210;1650;14;16;14;0
55145;225;1650;14;16;14;0
55146;240;1650;14;16;14;0
55147;255;1650;14;16;14;0
55148;270;1650;14;16;14;0
55149;285;1650;14;16;14;0
55150;300;1650;14;16;14;0
55151;315;1650;14;16;14;0
55152;330;1650;14;16;14;0
55153;345;1650;14;16;14;0
55154;360;1650;14;16;14;0
55155;375;1650;14;16;14;0
55156;390;1650;14;16;14;0
55157;405;1650;14;16;14;0
55158;420;1650;14;16;14;0
55159;435;1650;14;16;14;0
55160;450;1650;14;16;14;0
55161;465;1650;14;16;14;0
55162;480;1650;14;16;14;0
55163;495;1650;14;16;14;0
55164;510;1650;14;16;14;0
55165;525;1650;14;16;14;0
55166;540;1650;14;16;14;0
55167;555;1650;14;16;14;0
55168;570;1650;14;16;14;0
55169;585;1650;14;16;14;0
55170;600;1650;14;16;14;0
55171;615;1650;14;16;14;0
55172;630;1650;14;16;14;0
55173;645;1650;14;16;14;0
55174;660;1650;14;16;14;0
55175;675;1650;14;16;14;0
55176;690;1650;14;16;14;0
55177;705;1650;14;16;14;0
55178;720;1650;14;16;14;0
55179;735;1650;14;16;14;0
55180;750;1650;14;16;14;0
55181;765;1650;14;16;14;0
55182;780;1650;14;16;14;0
55183;795;1650;14;16;14;0
55184;810;1650;14;16;14;0
55185;825;1650;14;16;14;0
55186;840;1650;14;16;14;0
55187;855;1650;14;16;14;0
55188;870;1650;14;16;14;0
55189;885;1650;14;16;14;0
55190;900;1650;14;16;14;0
55191;915;1650;14;16;14;0
55192;930;1650;14;16;14;0
55193;945;1650;14;16;14;0
55194;960;1650;14;16;14;0
55195;975;1650;14;16;14;0
55196;990;1650;14;16;14;0
55197;1005;1650;14;16;14;0
55198;1020;1650;14;16;14;0
55199;1035;1650;14;16;14;0
55200;1050;1650;14;16;14;0
55201;1065;1650;14;16;14;0
55202;1080;1650;14;16;14;0
55203;1095;1650;14;16;14;0
