"Mars Needs Cunnilingus";18;False;False;1;0;1;1
32;67;44;6;16;6;0
33;30;16;8;12;10;0
34;159;58;6;6;8;0
35;81;2;10;12;12;0
36;13;2;10;12;12;0
37;84;44;8;12;10;0
38;25;2;10;12;12;0
39;24;72;2;6;4;0
40;128;58;6;12;8;0
41;99;58;6;12;8;0
42;47;2;10;12;12;0
43;36;2;10;12;12;0
44;135;58;4;12;6;0
45;2;72;4;8;6;0
46;7;72;2;12;4;0
47;11;44;8;12;10;0
48;21;44;8;12;10;0
49;91;58;6;12;10;0
50;115;2;8;12;10;0
51;30;30;8;12;10;0
52;151;16;8;12;10;0
53;161;16;8;12;10;0
54;77;30;8;12;10;0
55;114;16;8;12;10;0
56;151;30;8;12;10;0
57;49;44;8;12;10;0
58;17;72;2;10;4;0
59;11;72;2;12;4;0
60;84;58;6;12;8;0
61;49;58;8;10;10;0
62;69;58;6;12;8;0
63;112;44;8;12;10;0
64;2;2;10;12;12;0
65;123;16;8;12;10;0
66;86;30;8;12;10;0
67;11;16;8;12;10;0
68;21;58;8;12;10;0
69;140;44;8;12;10;0
70;21;30;8;12;10;0
71;58;30;8;12;10;0
72;95;30;8;12;10;0
73;86;16;8;12;10;0
74;2;16;8;12;10;0
75;159;44;8;12;10;0
76;49;30;8;12;10;0
77;104;2;10;12;12;0
78;105;16;8;12;10;0
79;58;44;8;12;10;0
80;39;44;8;12;10;0
81;11;58;8;12;10;0
82;30;44;8;12;10;0
83;131;44;8;12;10;0
84;39;30;8;12;10;0
85;142;30;8;12;10;0
86;103;44;8;12;10;0
87;93;2;10;12;12;0
88;77;16;8;12;10;0
89;121;44;8;12;10;0
90;39;58;8;12;10;0
91;106;58;6;12;8;0
92;30;58;8;12;10;0
93;77;58;6;12;8;0
94;58;58;10;8;12;0
95;67;30;8;12;10;0
96;21;72;2;6;4;0
97;133;30;8;12;10;0
98;105;30;8;12;10;0
99;39;16;8;12;10;0
100;2;58;8;12;10;0
101;21;16;8;12;10;0
102;134;2;8;12;10;0
103;2;30;8;12;10;0
104;143;2;8;12;10;0
105;75;44;8;12;10;0
106;95;16;8;12;10;0
107;114;30;8;12;10;0
108;149;44;8;12;10;0
109;70;2;10;12;12;0
110;133;16;8;12;10;0
111;67;16;8;12;10;0
112;93;44;8;12;10;0
113;142;16;8;12;10;0
114;2;44;8;12;10;0
115;161;30;8;12;10;0
116;11;30;8;12;10;0
117;58;16;8;12;10;0
118;125;2;8;12;10;0
119;59;2;10;12;12;0
120;49;16;8;12;10;0
121;153;2;8;12;10;0
122;123;30;8;12;10;0
123;113;58;6;12;8;0
124;14;72;2;12;4;0
125;121;58;6;12;8;0
126;150;58;8;6;10;0
127;141;58;8;6;10;0
12593;0;130;12;14;12;0
12594;12;130;12;14;12;0
12595;24;130;12;14;12;0
12596;36;130;12;14;12;0
12597;48;130;12;14;12;0
12598;60;130;12;14;12;0
12599;72;130;12;14;12;0
12600;84;130;12;14;12;0
12601;96;130;12;14;12;0
12602;108;130;12;14;12;0
12603;120;130;12;14;12;0
12604;132;130;12;14;12;0
12605;144;130;12;14;12;0
12606;156;130;12;14;12;0
12607;168;130;12;14;12;0
12608;180;130;12;14;12;0
12609;192;130;12;14;12;0
12610;204;130;12;14;12;0
12611;216;130;12;14;12;0
12612;228;130;12;14;12;0
12613;240;130;12;14;12;0
12614;252;130;12;14;12;0
12615;264;130;12;14;12;0
12616;276;130;12;14;12;0
12617;288;130;12;14;12;0
12618;300;130;12;14;12;0
12619;312;130;12;14;12;0
12620;324;130;12;14;12;0
12621;336;130;12;14;12;0
12622;348;130;12;14;12;0
12623;360;130;12;14;12;0
12624;372;130;12;14;12;0
12625;384;130;12;14;12;0
12626;396;130;12;14;12;0
12627;408;130;12;14;12;0
12628;420;130;12;14;12;0
12629;432;130;12;14;12;0
12630;444;130;12;14;12;0
12631;456;130;12;14;12;0
12632;468;130;12;14;12;0
12633;480;130;12;14;12;0
12634;492;130;12;14;12;0
12635;504;130;12;14;12;0
12636;516;130;12;14;12;0
12637;528;130;12;14;12;0
12638;540;130;12;14;12;0
12639;552;130;12;14;12;0
12640;564;130;12;14;12;0
12641;576;130;12;14;12;0
12642;588;130;12;14;12;0
12643;600;130;12;14;12;0
44032;612;130;12;14;12;0
44033;624;130;12;14;12;0
44034;636;130;12;14;12;0
44035;648;130;12;14;12;0
44036;660;130;12;14;12;0
44037;672;130;12;14;12;0
44038;684;130;12;14;12;0
44039;696;130;12;14;12;0
44040;708;130;12;14;12;0
44041;720;130;12;14;12;0
44042;732;130;12;14;12;0
44043;744;130;12;14;12;0
44044;756;130;12;14;12;0
44045;768;130;12;14;12;0
44046;780;130;12;14;12;0
44047;792;130;12;14;12;0
44048;804;130;12;14;12;0
44049;816;130;12;14;12;0
44050;828;130;12;14;12;0
44051;840;130;12;14;12;0
44052;852;130;12;14;12;0
44053;864;130;12;14;12;0
44054;876;130;12;14;12;0
44055;888;130;12;14;12;0
44056;900;130;12;14;12;0
44057;912;130;12;14;12;0
44058;924;130;12;14;12;0
44059;936;130;12;14;12;0
44060;948;130;12;14;12;0
44061;960;130;12;14;12;0
44062;972;130;12;14;12;0
44063;984;130;12;14;12;0
44064;996;130;12;14;12;0
44065;1008;130;12;14;12;0
44066;1020;130;12;14;12;0
44067;1032;130;12;14;12;0
44068;1044;130;12;14;12;0
44069;1056;130;12;14;12;0
44070;1068;130;12;14;12;0
44071;1080;130;12;14;12;0
44072;1092;130;12;14;12;0
44073;1104;130;12;14;12;0
44074;1116;130;12;14;12;0
44075;1128;130;12;14;12;0
44076;1140;130;12;14;12;0
44077;1152;130;12;14;12;0
44078;1164;130;12;14;12;0
44079;1176;130;12;14;12;0
44080;1188;130;12;14;12;0
44081;1200;130;12;14;12;0
44082;1212;130;12;14;12;0
44083;1224;130;12;14;12;0
44084;1236;130;12;14;12;0
44085;1248;130;12;14;12;0
44086;1260;130;12;14;12;0
44087;1272;130;12;14;12;0
44088;1284;130;12;14;12;0
44089;1296;130;12;14;12;0
44090;1308;130;12;14;12;0
44091;1320;130;12;14;12;0
44092;1332;130;12;14;12;0
44093;1344;130;12;14;12;0
44094;1356;130;12;14;12;0
44095;1368;130;12;14;12;0
44096;1380;130;12;14;12;0
44097;1392;130;12;14;12;0
44098;1404;130;12;14;12;0
44099;1416;130;12;14;12;0
44100;1428;130;12;14;12;0
44101;1440;130;12;14;12;0
44102;1452;130;12;14;12;0
44103;1464;130;12;14;12;0
44104;1476;130;12;14;12;0
44105;1488;130;12;14;12;0
44106;1500;130;12;14;12;0
44107;1512;130;12;14;12;0
44108;1524;130;12;14;12;0
44109;1536;130;12;14;12;0
44110;1548;130;12;14;12;0
44111;1560;130;12;14;12;0
44112;1572;130;12;14;12;0
44113;1584;130;12;14;12;0
44114;1596;130;12;14;12;0
44115;1608;130;12;14;12;0
44116;1620;130;12;14;12;0
44117;1632;130;12;14;12;0
44118;1644;130;12;14;12;0
44119;1656;130;12;14;12;0
44120;1668;130;12;14;12;0
44121;1680;130;12;14;12;0
44122;1692;130;12;14;12;0
44123;1704;130;12;14;12;0
44124;1716;130;12;14;12;0
44125;1728;130;12;14;12;0
44126;1740;130;12;14;12;0
44127;1752;130;12;14;12;0
44128;1764;130;12;14;12;0
44129;1776;130;12;14;12;0
44130;1788;130;12;14;12;0
44131;1800;130;12;14;12;0
44132;1812;130;12;14;12;0
44133;1824;130;12;14;12;0
44134;1836;130;12;14;12;0
44135;1848;130;12;14;12;0
44136;1860;130;12;14;12;0
44137;1872;130;12;14;12;0
44138;1884;130;12;14;12;0
44139;1896;130;12;14;12;0
44140;1908;130;12;14;12;0
44141;1920;130;12;14;12;0
44142;1932;130;12;14;12;0
44143;1944;130;12;14;12;0
44144;1956;130;12;14;12;0
44145;1968;130;12;14;12;0
44146;1980;130;12;14;12;0
44147;1992;130;12;14;12;0
44148;2004;130;12;14;12;0
44149;2016;130;12;14;12;0
44150;2028;130;12;14;12;0
44151;0;146;12;14;12;0
44152;12;146;12;14;12;0
44153;24;146;12;14;12;0
44154;36;146;12;14;12;0
44155;48;146;12;14;12;0
44156;60;146;12;14;12;0
44157;72;146;12;14;12;0
44158;84;146;12;14;12;0
44159;96;146;12;14;12;0
44160;108;146;12;14;12;0
44161;120;146;12;14;12;0
44162;132;146;12;14;12;0
44163;144;146;12;14;12;0
44164;156;146;12;14;12;0
44165;168;146;12;14;12;0
44166;180;146;12;14;12;0
44167;192;146;12;14;12;0
44168;204;146;12;14;12;0
44169;216;146;12;14;12;0
44170;228;146;12;14;12;0
44171;240;146;12;14;12;0
44172;252;146;12;14;12;0
44173;264;146;12;14;12;0
44174;276;146;12;14;12;0
44175;288;146;12;14;12;0
44176;300;146;12;14;12;0
44177;312;146;12;14;12;0
44178;324;146;12;14;12;0
44179;336;146;12;14;12;0
44180;348;146;12;14;12;0
44181;360;146;12;14;12;0
44182;372;146;12;14;12;0
44183;384;146;12;14;12;0
44184;396;146;12;14;12;0
44185;408;146;12;14;12;0
44186;420;146;12;14;12;0
44187;432;146;12;14;12;0
44188;444;146;12;14;12;0
44189;456;146;12;14;12;0
44190;468;146;12;14;12;0
44191;480;146;12;14;12;0
44192;492;146;12;14;12;0
44193;504;146;12;14;12;0
44194;516;146;12;14;12;0
44195;528;146;12;14;12;0
44196;540;146;12;14;12;0
44197;552;146;12;14;12;0
44198;564;146;12;14;12;0
44199;576;146;12;14;12;0
44200;588;146;12;14;12;0
44201;600;146;12;14;12;0
44202;612;146;12;14;12;0
44203;624;146;12;14;12;0
44204;636;146;12;14;12;0
44205;648;146;12;14;12;0
44206;660;146;12;14;12;0
44207;672;146;12;14;12;0
44208;684;146;12;14;12;0
44209;696;146;12;14;12;0
44210;708;146;12;14;12;0
44211;720;146;12;14;12;0
44212;732;146;12;14;12;0
44213;744;146;12;14;12;0
44214;756;146;12;14;12;0
44215;768;146;12;14;12;0
44216;780;146;12;14;12;0
44217;792;146;12;14;12;0
44218;804;146;12;14;12;0
44219;816;146;12;14;12;0
44220;828;146;12;14;12;0
44221;840;146;12;14;12;0
44222;852;146;12;14;12;0
44223;864;146;12;14;12;0
44224;876;146;12;14;12;0
44225;888;146;12;14;12;0
44226;900;146;12;14;12;0
44227;912;146;12;14;12;0
44228;924;146;12;14;12;0
44229;936;146;12;14;12;0
44230;948;146;12;14;12;0
44231;960;146;12;14;12;0
44232;972;146;12;14;12;0
44233;984;146;12;14;12;0
44234;996;146;12;14;12;0
44235;1008;146;12;14;12;0
44236;1020;146;12;14;12;0
44237;1032;146;12;14;12;0
44238;1044;146;12;14;12;0
44239;1056;146;12;14;12;0
44240;1068;146;12;14;12;0
44241;1080;146;12;14;12;0
44242;1092;146;12;14;12;0
44243;1104;146;12;14;12;0
44244;1116;146;12;14;12;0
44245;1128;146;12;14;12;0
44246;1140;146;12;14;12;0
44247;1152;146;12;14;12;0
44248;1164;146;12;14;12;0
44249;1176;146;12;14;12;0
44250;1188;146;12;14;12;0
44251;1200;146;12;14;12;0
44252;1212;146;12;14;12;0
44253;1224;146;12;14;12;0
44254;1236;146;12;14;12;0
44255;1248;146;12;14;12;0
44256;1260;146;12;14;12;0
44257;1272;146;12;14;12;0
44258;1284;146;12;14;12;0
44259;1296;146;12;14;12;0
44260;1308;146;12;14;12;0
44261;1320;146;12;14;12;0
44262;1332;146;12;14;12;0
44263;1344;146;12;14;12;0
44264;1356;146;12;14;12;0
44265;1368;146;12;14;12;0
44266;1380;146;12;14;12;0
44267;1392;146;12;14;12;0
44268;1404;146;12;14;12;0
44269;1416;146;12;14;12;0
44270;1428;146;12;14;12;0
44271;1440;146;12;14;12;0
44272;1452;146;12;14;12;0
44273;1464;146;12;14;12;0
44274;1476;146;12;14;12;0
44275;1488;146;12;14;12;0
44276;1500;146;12;14;12;0
44277;1512;146;12;14;12;0
44278;1524;146;12;14;12;0
44279;1536;146;12;14;12;0
44280;1548;146;12;14;12;0
44281;1560;146;12;14;12;0
44282;1572;146;12;14;12;0
44283;1584;146;12;14;12;0
44284;1596;146;12;14;12;0
44285;1608;146;12;14;12;0
44286;1620;146;12;14;12;0
44287;1632;146;12;14;12;0
44288;1644;146;12;14;12;0
44289;1656;146;12;14;12;0
44290;1668;146;12;14;12;0
44291;1680;146;12;14;12;0
44292;1692;146;12;14;12;0
44293;1704;146;12;14;12;0
44294;1716;146;12;14;12;0
44295;1728;146;12;14;12;0
44296;1740;146;12;14;12;0
44297;1752;146;12;14;12;0
44298;1764;146;12;14;12;0
44299;1776;146;12;14;12;0
44300;1788;146;12;14;12;0
44301;1800;146;12;14;12;0
44302;1812;146;12;14;12;0
44303;1824;146;12;14;12;0
44304;1836;146;12;14;12;0
44305;1848;146;12;14;12;0
44306;1860;146;12;14;12;0
44307;1872;146;12;14;12;0
44308;1884;146;12;14;12;0
44309;1896;146;12;14;12;0
44310;1908;146;12;14;12;0
44311;1920;146;12;14;12;0
44312;1932;146;12;14;12;0
44313;1944;146;12;14;12;0
44314;1956;146;12;14;12;0
44315;1968;146;12;14;12;0
44316;1980;146;12;14;12;0
44317;1992;146;12;14;12;0
44318;2004;146;12;14;12;0
44319;2016;146;12;14;12;0
44320;2028;146;12;14;12;0
44321;0;162;12;14;12;0
44322;12;162;12;14;12;0
44323;24;162;12;14;12;0
44324;36;162;12;14;12;0
44325;48;162;12;14;12;0
44326;60;162;12;14;12;0
44327;72;162;12;14;12;0
44328;84;162;12;14;12;0
44329;96;162;12;14;12;0
44330;108;162;12;14;12;0
44331;120;162;12;14;12;0
44332;132;162;12;14;12;0
44333;144;162;12;14;12;0
44334;156;162;12;14;12;0
44335;168;162;12;14;12;0
44336;180;162;12;14;12;0
44337;192;162;12;14;12;0
44338;204;162;12;14;12;0
44339;216;162;12;14;12;0
44340;228;162;12;14;12;0
44341;240;162;12;14;12;0
44342;252;162;12;14;12;0
44343;264;162;12;14;12;0
44344;276;162;12;14;12;0
44345;288;162;12;14;12;0
44346;300;162;12;14;12;0
44347;312;162;12;14;12;0
44348;324;162;12;14;12;0
44349;336;162;12;14;12;0
44350;348;162;12;14;12;0
44351;360;162;12;14;12;0
44352;372;162;12;14;12;0
44353;384;162;12;14;12;0
44354;396;162;12;14;12;0
44355;408;162;12;14;12;0
44356;420;162;12;14;12;0
44357;432;162;12;14;12;0
44358;444;162;12;14;12;0
44359;456;162;12;14;12;0
44360;468;162;12;14;12;0
44361;480;162;12;14;12;0
44362;492;162;12;14;12;0
44363;504;162;12;14;12;0
44364;516;162;12;14;12;0
44365;528;162;12;14;12;0
44366;540;162;12;14;12;0
44367;552;162;12;14;12;0
44368;564;162;12;14;12;0
44369;576;162;12;14;12;0
44370;588;162;12;14;12;0
44371;600;162;12;14;12;0
44372;612;162;12;14;12;0
44373;624;162;12;14;12;0
44374;636;162;12;14;12;0
44375;648;162;12;14;12;0
44376;660;162;12;14;12;0
44377;672;162;12;14;12;0
44378;684;162;12;14;12;0
44379;696;162;12;14;12;0
44380;708;162;12;14;12;0
44381;720;162;12;14;12;0
44382;732;162;12;14;12;0
44383;744;162;12;14;12;0
44384;756;162;12;14;12;0
44385;768;162;12;14;12;0
44386;780;162;12;14;12;0
44387;792;162;12;14;12;0
44388;804;162;12;14;12;0
44389;816;162;12;14;12;0
44390;828;162;12;14;12;0
44391;840;162;12;14;12;0
44392;852;162;12;14;12;0
44393;864;162;12;14;12;0
44394;876;162;12;14;12;0
44395;888;162;12;14;12;0
44396;900;162;12;14;12;0
44397;912;162;12;14;12;0
44398;924;162;12;14;12;0
44399;936;162;12;14;12;0
44400;948;162;12;14;12;0
44401;960;162;12;14;12;0
44402;972;162;12;14;12;0
44403;984;162;12;14;12;0
44404;996;162;12;14;12;0
44405;1008;162;12;14;12;0
44406;1020;162;12;14;12;0
44407;1032;162;12;14;12;0
44408;1044;162;12;14;12;0
44409;1056;162;12;14;12;0
44410;1068;162;12;14;12;0
44411;1080;162;12;14;12;0
44412;1092;162;12;14;12;0
44413;1104;162;12;14;12;0
44414;1116;162;12;14;12;0
44415;1128;162;12;14;12;0
44416;1140;162;12;14;12;0
44417;1152;162;12;14;12;0
44418;1164;162;12;14;12;0
44419;1176;162;12;14;12;0
44420;1188;162;12;14;12;0
44421;1200;162;12;14;12;0
44422;1212;162;12;14;12;0
44423;1224;162;12;14;12;0
44424;1236;162;12;14;12;0
44425;1248;162;12;14;12;0
44426;1260;162;12;14;12;0
44427;1272;162;12;14;12;0
44428;1284;162;12;14;12;0
44429;1296;162;12;14;12;0
44430;1308;162;12;14;12;0
44431;1320;162;12;14;12;0
44432;1332;162;12;14;12;0
44433;1344;162;12;14;12;0
44434;1356;162;12;14;12;0
44435;1368;162;12;14;12;0
44436;1380;162;12;14;12;0
44437;1392;162;12;14;12;0
44438;1404;162;12;14;12;0
44439;1416;162;12;14;12;0
44440;1428;162;12;14;12;0
44441;1440;162;12;14;12;0
44442;1452;162;12;14;12;0
44443;1464;162;12;14;12;0
44444;1476;162;12;14;12;0
44445;1488;162;12;14;12;0
44446;1500;162;12;14;12;0
44447;1512;162;12;14;12;0
44448;1524;162;12;14;12;0
44449;1536;162;12;14;12;0
44450;1548;162;12;14;12;0
44451;1560;162;12;14;12;0
44452;1572;162;12;14;12;0
44453;1584;162;12;14;12;0
44454;1596;162;12;14;12;0
44455;1608;162;12;14;12;0
44456;1620;162;12;14;12;0
44457;1632;162;12;14;12;0
44458;1644;162;12;14;12;0
44459;1656;162;12;14;12;0
44460;1668;162;12;14;12;0
44461;1680;162;12;14;12;0
44462;1692;162;12;14;12;0
44463;1704;162;12;14;12;0
44464;1716;162;12;14;12;0
44465;1728;162;12;14;12;0
44466;1740;162;12;14;12;0
44467;1752;162;12;14;12;0
44468;1764;162;12;14;12;0
44469;1776;162;12;14;12;0
44470;1788;162;12;14;12;0
44471;1800;162;12;14;12;0
44472;1812;162;12;14;12;0
44473;1824;162;12;14;12;0
44474;1836;162;12;14;12;0
44475;1848;162;12;14;12;0
44476;1860;162;12;14;12;0
44477;1872;162;12;14;12;0
44478;1884;162;12;14;12;0
44479;1896;162;12;14;12;0
44480;1908;162;12;14;12;0
44481;1920;162;12;14;12;0
44482;1932;162;12;14;12;0
44483;1944;162;12;14;12;0
44484;1956;162;12;14;12;0
44485;1968;162;12;14;12;0
44486;1980;162;12;14;12;0
44487;1992;162;12;14;12;0
44488;2004;162;12;14;12;0
44489;2016;162;12;14;12;0
44490;2028;162;12;14;12;0
44491;0;178;12;14;12;0
44492;12;178;12;14;12;0
44493;24;178;12;14;12;0
44494;36;178;12;14;12;0
44495;48;178;12;14;12;0
44496;60;178;12;14;12;0
44497;72;178;12;14;12;0
44498;84;178;12;14;12;0
44499;96;178;12;14;12;0
44500;108;178;12;14;12;0
44501;120;178;12;14;12;0
44502;132;178;12;14;12;0
44503;144;178;12;14;12;0
44504;156;178;12;14;12;0
44505;168;178;12;14;12;0
44506;180;178;12;14;12;0
44507;192;178;12;14;12;0
44508;204;178;12;14;12;0
44509;216;178;12;14;12;0
44510;228;178;12;14;12;0
44511;240;178;12;14;12;0
44512;252;178;12;14;12;0
44513;264;178;12;14;12;0
44514;276;178;12;14;12;0
44515;288;178;12;14;12;0
44516;300;178;12;14;12;0
44517;312;178;12;14;12;0
44518;324;178;12;14;12;0
44519;336;178;12;14;12;0
44520;348;178;12;14;12;0
44521;360;178;12;14;12;0
44522;372;178;12;14;12;0
44523;384;178;12;14;12;0
44524;396;178;12;14;12;0
44525;408;178;12;14;12;0
44526;420;178;12;14;12;0
44527;432;178;12;14;12;0
44528;444;178;12;14;12;0
44529;456;178;12;14;12;0
44530;468;178;12;14;12;0
44531;480;178;12;14;12;0
44532;492;178;12;14;12;0
44533;504;178;12;14;12;0
44534;516;178;12;14;12;0
44535;528;178;12;14;12;0
44536;540;178;12;14;12;0
44537;552;178;12;14;12;0
44538;564;178;12;14;12;0
44539;576;178;12;14;12;0
44540;588;178;12;14;12;0
44541;600;178;12;14;12;0
44542;612;178;12;14;12;0
44543;624;178;12;14;12;0
44544;636;178;12;14;12;0
44545;648;178;12;14;12;0
44546;660;178;12;14;12;0
44547;672;178;12;14;12;0
44548;684;178;12;14;12;0
44549;696;178;12;14;12;0
44550;708;178;12;14;12;0
44551;720;178;12;14;12;0
44552;732;178;12;14;12;0
44553;744;178;12;14;12;0
44554;756;178;12;14;12;0
44555;768;178;12;14;12;0
44556;780;178;12;14;12;0
44557;792;178;12;14;12;0
44558;804;178;12;14;12;0
44559;816;178;12;14;12;0
44560;828;178;12;14;12;0
44561;840;178;12;14;12;0
44562;852;178;12;14;12;0
44563;864;178;12;14;12;0
44564;876;178;12;14;12;0
44565;888;178;12;14;12;0
44566;900;178;12;14;12;0
44567;912;178;12;14;12;0
44568;924;178;12;14;12;0
44569;936;178;12;14;12;0
44570;948;178;12;14;12;0
44571;960;178;12;14;12;0
44572;972;178;12;14;12;0
44573;984;178;12;14;12;0
44574;996;178;12;14;12;0
44575;1008;178;12;14;12;0
44576;1020;178;12;14;12;0
44577;1032;178;12;14;12;0
44578;1044;178;12;14;12;0
44579;1056;178;12;14;12;0
44580;1068;178;12;14;12;0
44581;1080;178;12;14;12;0
44582;1092;178;12;14;12;0
44583;1104;178;12;14;12;0
44584;1116;178;12;14;12;0
44585;1128;178;12;14;12;0
44586;1140;178;12;14;12;0
44587;1152;178;12;14;12;0
44588;1164;178;12;14;12;0
44589;1176;178;12;14;12;0
44590;1188;178;12;14;12;0
44591;1200;178;12;14;12;0
44592;1212;178;12;14;12;0
44593;1224;178;12;14;12;0
44594;1236;178;12;14;12;0
44595;1248;178;12;14;12;0
44596;1260;178;12;14;12;0
44597;1272;178;12;14;12;0
44598;1284;178;12;14;12;0
44599;1296;178;12;14;12;0
44600;1308;178;12;14;12;0
44601;1320;178;12;14;12;0
44602;1332;178;12;14;12;0
44603;1344;178;12;14;12;0
44604;1356;178;12;14;12;0
44605;1368;178;12;14;12;0
44606;1380;178;12;14;12;0
44607;1392;178;12;14;12;0
44608;1404;178;12;14;12;0
44609;1416;178;12;14;12;0
44610;1428;178;12;14;12;0
44611;1440;178;12;14;12;0
44612;1452;178;12;14;12;0
44613;1464;178;12;14;12;0
44614;1476;178;12;14;12;0
44615;1488;178;12;14;12;0
44616;1500;178;12;14;12;0
44617;1512;178;12;14;12;0
44618;1524;178;12;14;12;0
44619;1536;178;12;14;12;0
44620;1548;178;12;14;12;0
44621;1560;178;12;14;12;0
44622;1572;178;12;14;12;0
44623;1584;178;12;14;12;0
44624;1596;178;12;14;12;0
44625;1608;178;12;14;12;0
44626;1620;178;12;14;12;0
44627;1632;178;12;14;12;0
44628;1644;178;12;14;12;0
44629;1656;178;12;14;12;0
44630;1668;178;12;14;12;0
44631;1680;178;12;14;12;0
44632;1692;178;12;14;12;0
44633;1704;178;12;14;12;0
44634;1716;178;12;14;12;0
44635;1728;178;12;14;12;0
44636;1740;178;12;14;12;0
44637;1752;178;12;14;12;0
44638;1764;178;12;14;12;0
44639;1776;178;12;14;12;0
44640;1788;178;12;14;12;0
44641;1800;178;12;14;12;0
44642;1812;178;12;14;12;0
44643;1824;178;12;14;12;0
44644;1836;178;12;14;12;0
44645;1848;178;12;14;12;0
44646;1860;178;12;14;12;0
44647;1872;178;12;14;12;0
44648;1884;178;12;14;12;0
44649;1896;178;12;14;12;0
44650;1908;178;12;14;12;0
44651;1920;178;12;14;12;0
44652;1932;178;12;14;12;0
44653;1944;178;12;14;12;0
44654;1956;178;12;14;12;0
44655;1968;178;12;14;12;0
44656;1980;178;12;14;12;0
44657;1992;178;12;14;12;0
44658;2004;178;12;14;12;0
44659;2016;178;12;14;12;0
44660;2028;178;12;14;12;0
44661;0;194;12;14;12;0
44662;12;194;12;14;12;0
44663;24;194;12;14;12;0
44664;36;194;12;14;12;0
44665;48;194;12;14;12;0
44666;60;194;12;14;12;0
44667;72;194;12;14;12;0
44668;84;194;12;14;12;0
44669;96;194;12;14;12;0
44670;108;194;12;14;12;0
44671;120;194;12;14;12;0
44672;132;194;12;14;12;0
44673;144;194;12;14;12;0
44674;156;194;12;14;12;0
44675;168;194;12;14;12;0
44676;180;194;12;14;12;0
44677;192;194;12;14;12;0
44678;204;194;12;14;12;0
44679;216;194;12;14;12;0
44680;228;194;12;14;12;0
44681;240;194;12;14;12;0
44682;252;194;12;14;12;0
44683;264;194;12;14;12;0
44684;276;194;12;14;12;0
44685;288;194;12;14;12;0
44686;300;194;12;14;12;0
44687;312;194;12;14;12;0
44688;324;194;12;14;12;0
44689;336;194;12;14;12;0
44690;348;194;12;14;12;0
44691;360;194;12;14;12;0
44692;372;194;12;14;12;0
44693;384;194;12;14;12;0
44694;396;194;12;14;12;0
44695;408;194;12;14;12;0
44696;420;194;12;14;12;0
44697;432;194;12;14;12;0
44698;444;194;12;14;12;0
44699;456;194;12;14;12;0
44700;468;194;12;14;12;0
44701;480;194;12;14;12;0
44702;492;194;12;14;12;0
44703;504;194;12;14;12;0
44704;516;194;12;14;12;0
44705;528;194;12;14;12;0
44706;540;194;12;14;12;0
44707;552;194;12;14;12;0
44708;564;194;12;14;12;0
44709;576;194;12;14;12;0
44710;588;194;12;14;12;0
44711;600;194;12;14;12;0
44712;612;194;12;14;12;0
44713;624;194;12;14;12;0
44714;636;194;12;14;12;0
44715;648;194;12;14;12;0
44716;660;194;12;14;12;0
44717;672;194;12;14;12;0
44718;684;194;12;14;12;0
44719;696;194;12;14;12;0
44720;708;194;12;14;12;0
44721;720;194;12;14;12;0
44722;732;194;12;14;12;0
44723;744;194;12;14;12;0
44724;756;194;12;14;12;0
44725;768;194;12;14;12;0
44726;780;194;12;14;12;0
44727;792;194;12;14;12;0
44728;804;194;12;14;12;0
44729;816;194;12;14;12;0
44730;828;194;12;14;12;0
44731;840;194;12;14;12;0
44732;852;194;12;14;12;0
44733;864;194;12;14;12;0
44734;876;194;12;14;12;0
44735;888;194;12;14;12;0
44736;900;194;12;14;12;0
44737;912;194;12;14;12;0
44738;924;194;12;14;12;0
44739;936;194;12;14;12;0
44740;948;194;12;14;12;0
44741;960;194;12;14;12;0
44742;972;194;12;14;12;0
44743;984;194;12;14;12;0
44744;996;194;12;14;12;0
44745;1008;194;12;14;12;0
44746;1020;194;12;14;12;0
44747;1032;194;12;14;12;0
44748;1044;194;12;14;12;0
44749;1056;194;12;14;12;0
44750;1068;194;12;14;12;0
44751;1080;194;12;14;12;0
44752;1092;194;12;14;12;0
44753;1104;194;12;14;12;0
44754;1116;194;12;14;12;0
44755;1128;194;12;14;12;0
44756;1140;194;12;14;12;0
44757;1152;194;12;14;12;0
44758;1164;194;12;14;12;0
44759;1176;194;12;14;12;0
44760;1188;194;12;14;12;0
44761;1200;194;12;14;12;0
44762;1212;194;12;14;12;0
44763;1224;194;12;14;12;0
44764;1236;194;12;14;12;0
44765;1248;194;12;14;12;0
44766;1260;194;12;14;12;0
44767;1272;194;12;14;12;0
44768;1284;194;12;14;12;0
44769;1296;194;12;14;12;0
44770;1308;194;12;14;12;0
44771;1320;194;12;14;12;0
44772;1332;194;12;14;12;0
44773;1344;194;12;14;12;0
44774;1356;194;12;14;12;0
44775;1368;194;12;14;12;0
44776;1380;194;12;14;12;0
44777;1392;194;12;14;12;0
44778;1404;194;12;14;12;0
44779;1416;194;12;14;12;0
44780;1428;194;12;14;12;0
44781;1440;194;12;14;12;0
44782;1452;194;12;14;12;0
44783;1464;194;12;14;12;0
44784;1476;194;12;14;12;0
44785;1488;194;12;14;12;0
44786;1500;194;12;14;12;0
44787;1512;194;12;14;12;0
44788;1524;194;12;14;12;0
44789;1536;194;12;14;12;0
44790;1548;194;12;14;12;0
44791;1560;194;12;14;12;0
44792;1572;194;12;14;12;0
44793;1584;194;12;14;12;0
44794;1596;194;12;14;12;0
44795;1608;194;12;14;12;0
44796;1620;194;12;14;12;0
44797;1632;194;12;14;12;0
44798;1644;194;12;14;12;0
44799;1656;194;12;14;12;0
44800;1668;194;12;14;12;0
44801;1680;194;12;14;12;0
44802;1692;194;12;14;12;0
44803;1704;194;12;14;12;0
44804;1716;194;12;14;12;0
44805;1728;194;12;14;12;0
44806;1740;194;12;14;12;0
44807;1752;194;12;14;12;0
44808;1764;194;12;14;12;0
44809;1776;194;12;14;12;0
44810;1788;194;12;14;12;0
44811;1800;194;12;14;12;0
44812;1812;194;12;14;12;0
44813;1824;194;12;14;12;0
44814;1836;194;12;14;12;0
44815;1848;194;12;14;12;0
44816;1860;194;12;14;12;0
44817;1872;194;12;14;12;0
44818;1884;194;12;14;12;0
44819;1896;194;12;14;12;0
44820;1908;194;12;14;12;0
44821;1920;194;12;14;12;0
44822;1932;194;12;14;12;0
44823;1944;194;12;14;12;0
44824;1956;194;12;14;12;0
44825;1968;194;12;14;12;0
44826;1980;194;12;14;12;0
44827;1992;194;12;14;12;0
44828;2004;194;12;14;12;0
44829;2016;194;12;14;12;0
44830;2028;194;12;14;12;0
44831;0;210;12;14;12;0
44832;12;210;12;14;12;0
44833;24;210;12;14;12;0
44834;36;210;12;14;12;0
44835;48;210;12;14;12;0
44836;60;210;12;14;12;0
44837;72;210;12;14;12;0
44838;84;210;12;14;12;0
44839;96;210;12;14;12;0
44840;108;210;12;14;12;0
44841;120;210;12;14;12;0
44842;132;210;12;14;12;0
44843;144;210;12;14;12;0
44844;156;210;12;14;12;0
44845;168;210;12;14;12;0
44846;180;210;12;14;12;0
44847;192;210;12;14;12;0
44848;204;210;12;14;12;0
44849;216;210;12;14;12;0
44850;228;210;12;14;12;0
44851;240;210;12;14;12;0
44852;252;210;12;14;12;0
44853;264;210;12;14;12;0
44854;276;210;12;14;12;0
44855;288;210;12;14;12;0
44856;300;210;12;14;12;0
44857;312;210;12;14;12;0
44858;324;210;12;14;12;0
44859;336;210;12;14;12;0
44860;348;210;12;14;12;0
44861;360;210;12;14;12;0
44862;372;210;12;14;12;0
44863;384;210;12;14;12;0
44864;396;210;12;14;12;0
44865;408;210;12;14;12;0
44866;420;210;12;14;12;0
44867;432;210;12;14;12;0
44868;444;210;12;14;12;0
44869;456;210;12;14;12;0
44870;468;210;12;14;12;0
44871;480;210;12;14;12;0
44872;492;210;12;14;12;0
44873;504;210;12;14;12;0
44874;516;210;12;14;12;0
44875;528;210;12;14;12;0
44876;540;210;12;14;12;0
44877;552;210;12;14;12;0
44878;564;210;12;14;12;0
44879;576;210;12;14;12;0
44880;588;210;12;14;12;0
44881;600;210;12;14;12;0
44882;612;210;12;14;12;0
44883;624;210;12;14;12;0
44884;636;210;12;14;12;0
44885;648;210;12;14;12;0
44886;660;210;12;14;12;0
44887;672;210;12;14;12;0
44888;684;210;12;14;12;0
44889;696;210;12;14;12;0
44890;708;210;12;14;12;0
44891;720;210;12;14;12;0
44892;732;210;12;14;12;0
44893;744;210;12;14;12;0
44894;756;210;12;14;12;0
44895;768;210;12;14;12;0
44896;780;210;12;14;12;0
44897;792;210;12;14;12;0
44898;804;210;12;14;12;0
44899;816;210;12;14;12;0
44900;828;210;12;14;12;0
44901;840;210;12;14;12;0
44902;852;210;12;14;12;0
44903;864;210;12;14;12;0
44904;876;210;12;14;12;0
44905;888;210;12;14;12;0
44906;900;210;12;14;12;0
44907;912;210;12;14;12;0
44908;924;210;12;14;12;0
44909;936;210;12;14;12;0
44910;948;210;12;14;12;0
44911;960;210;12;14;12;0
44912;972;210;12;14;12;0
44913;984;210;12;14;12;0
44914;996;210;12;14;12;0
44915;1008;210;12;14;12;0
44916;1020;210;12;14;12;0
44917;1032;210;12;14;12;0
44918;1044;210;12;14;12;0
44919;1056;210;12;14;12;0
44920;1068;210;12;14;12;0
44921;1080;210;12;14;12;0
44922;1092;210;12;14;12;0
44923;1104;210;12;14;12;0
44924;1116;210;12;14;12;0
44925;1128;210;12;14;12;0
44926;1140;210;12;14;12;0
44927;1152;210;12;14;12;0
44928;1164;210;12;14;12;0
44929;1176;210;12;14;12;0
44930;1188;210;12;14;12;0
44931;1200;210;12;14;12;0
44932;1212;210;12;14;12;0
44933;1224;210;12;14;12;0
44934;1236;210;12;14;12;0
44935;1248;210;12;14;12;0
44936;1260;210;12;14;12;0
44937;1272;210;12;14;12;0
44938;1284;210;12;14;12;0
44939;1296;210;12;14;12;0
44940;1308;210;12;14;12;0
44941;1320;210;12;14;12;0
44942;1332;210;12;14;12;0
44943;1344;210;12;14;12;0
44944;1356;210;12;14;12;0
44945;1368;210;12;14;12;0
44946;1380;210;12;14;12;0
44947;1392;210;12;14;12;0
44948;1404;210;12;14;12;0
44949;1416;210;12;14;12;0
44950;1428;210;12;14;12;0
44951;1440;210;12;14;12;0
44952;1452;210;12;14;12;0
44953;1464;210;12;14;12;0
44954;1476;210;12;14;12;0
44955;1488;210;12;14;12;0
44956;1500;210;12;14;12;0
44957;1512;210;12;14;12;0
44958;1524;210;12;14;12;0
44959;1536;210;12;14;12;0
44960;1548;210;12;14;12;0
44961;1560;210;12;14;12;0
44962;1572;210;12;14;12;0
44963;1584;210;12;14;12;0
44964;1596;210;12;14;12;0
44965;1608;210;12;14;12;0
44966;1620;210;12;14;12;0
44967;1632;210;12;14;12;0
44968;1644;210;12;14;12;0
44969;1656;210;12;14;12;0
44970;1668;210;12;14;12;0
44971;1680;210;12;14;12;0
44972;1692;210;12;14;12;0
44973;1704;210;12;14;12;0
44974;1716;210;12;14;12;0
44975;1728;210;12;14;12;0
44976;1740;210;12;14;12;0
44977;1752;210;12;14;12;0
44978;1764;210;12;14;12;0
44979;1776;210;12;14;12;0
44980;1788;210;12;14;12;0
44981;1800;210;12;14;12;0
44982;1812;210;12;14;12;0
44983;1824;210;12;14;12;0
44984;1836;210;12;14;12;0
44985;1848;210;12;14;12;0
44986;1860;210;12;14;12;0
44987;1872;210;12;14;12;0
44988;1884;210;12;14;12;0
44989;1896;210;12;14;12;0
44990;1908;210;12;14;12;0
44991;1920;210;12;14;12;0
44992;1932;210;12;14;12;0
44993;1944;210;12;14;12;0
44994;1956;210;12;14;12;0
44995;1968;210;12;14;12;0
44996;1980;210;12;14;12;0
44997;1992;210;12;14;12;0
44998;2004;210;12;14;12;0
44999;2016;210;12;14;12;0
45000;2028;210;12;14;12;0
45001;0;226;12;14;12;0
45002;12;226;12;14;12;0
45003;24;226;12;14;12;0
45004;36;226;12;14;12;0
45005;48;226;12;14;12;0
45006;60;226;12;14;12;0
45007;72;226;12;14;12;0
45008;84;226;12;14;12;0
45009;96;226;12;14;12;0
45010;108;226;12;14;12;0
45011;120;226;12;14;12;0
45012;132;226;12;14;12;0
45013;144;226;12;14;12;0
45014;156;226;12;14;12;0
45015;168;226;12;14;12;0
45016;180;226;12;14;12;0
45017;192;226;12;14;12;0
45018;204;226;12;14;12;0
45019;216;226;12;14;12;0
45020;228;226;12;14;12;0
45021;240;226;12;14;12;0
45022;252;226;12;14;12;0
45023;264;226;12;14;12;0
45024;276;226;12;14;12;0
45025;288;226;12;14;12;0
45026;300;226;12;14;12;0
45027;312;226;12;14;12;0
45028;324;226;12;14;12;0
45029;336;226;12;14;12;0
45030;348;226;12;14;12;0
45031;360;226;12;14;12;0
45032;372;226;12;14;12;0
45033;384;226;12;14;12;0
45034;396;226;12;14;12;0
45035;408;226;12;14;12;0
45036;420;226;12;14;12;0
45037;432;226;12;14;12;0
45038;444;226;12;14;12;0
45039;456;226;12;14;12;0
45040;468;226;12;14;12;0
45041;480;226;12;14;12;0
45042;492;226;12;14;12;0
45043;504;226;12;14;12;0
45044;516;226;12;14;12;0
45045;528;226;12;14;12;0
45046;540;226;12;14;12;0
45047;552;226;12;14;12;0
45048;564;226;12;14;12;0
45049;576;226;12;14;12;0
45050;588;226;12;14;12;0
45051;600;226;12;14;12;0
45052;612;226;12;14;12;0
45053;624;226;12;14;12;0
45054;636;226;12;14;12;0
45055;648;226;12;14;12;0
45056;660;226;12;14;12;0
45057;672;226;12;14;12;0
45058;684;226;12;14;12;0
45059;696;226;12;14;12;0
45060;708;226;12;14;12;0
45061;720;226;12;14;12;0
45062;732;226;12;14;12;0
45063;744;226;12;14;12;0
45064;756;226;12;14;12;0
45065;768;226;12;14;12;0
45066;780;226;12;14;12;0
45067;792;226;12;14;12;0
45068;804;226;12;14;12;0
45069;816;226;12;14;12;0
45070;828;226;12;14;12;0
45071;840;226;12;14;12;0
45072;852;226;12;14;12;0
45073;864;226;12;14;12;0
45074;876;226;12;14;12;0
45075;888;226;12;14;12;0
45076;900;226;12;14;12;0
45077;912;226;12;14;12;0
45078;924;226;12;14;12;0
45079;936;226;12;14;12;0
45080;948;226;12;14;12;0
45081;960;226;12;14;12;0
45082;972;226;12;14;12;0
45083;984;226;12;14;12;0
45084;996;226;12;14;12;0
45085;1008;226;12;14;12;0
45086;1020;226;12;14;12;0
45087;1032;226;12;14;12;0
45088;1044;226;12;14;12;0
45089;1056;226;12;14;12;0
45090;1068;226;12;14;12;0
45091;1080;226;12;14;12;0
45092;1092;226;12;14;12;0
45093;1104;226;12;14;12;0
45094;1116;226;12;14;12;0
45095;1128;226;12;14;12;0
45096;1140;226;12;14;12;0
45097;1152;226;12;14;12;0
45098;1164;226;12;14;12;0
45099;1176;226;12;14;12;0
45100;1188;226;12;14;12;0
45101;1200;226;12;14;12;0
45102;1212;226;12;14;12;0
45103;1224;226;12;14;12;0
45104;1236;226;12;14;12;0
45105;1248;226;12;14;12;0
45106;1260;226;12;14;12;0
45107;1272;226;12;14;12;0
45108;1284;226;12;14;12;0
45109;1296;226;12;14;12;0
45110;1308;226;12;14;12;0
45111;1320;226;12;14;12;0
45112;1332;226;12;14;12;0
45113;1344;226;12;14;12;0
45114;1356;226;12;14;12;0
45115;1368;226;12;14;12;0
45116;1380;226;12;14;12;0
45117;1392;226;12;14;12;0
45118;1404;226;12;14;12;0
45119;1416;226;12;14;12;0
45120;1428;226;12;14;12;0
45121;1440;226;12;14;12;0
45122;1452;226;12;14;12;0
45123;1464;226;12;14;12;0
45124;1476;226;12;14;12;0
45125;1488;226;12;14;12;0
45126;1500;226;12;14;12;0
45127;1512;226;12;14;12;0
45128;1524;226;12;14;12;0
45129;1536;226;12;14;12;0
45130;1548;226;12;14;12;0
45131;1560;226;12;14;12;0
45132;1572;226;12;14;12;0
45133;1584;226;12;14;12;0
45134;1596;226;12;14;12;0
45135;1608;226;12;14;12;0
45136;1620;226;12;14;12;0
45137;1632;226;12;14;12;0
45138;1644;226;12;14;12;0
45139;1656;226;12;14;12;0
45140;1668;226;12;14;12;0
45141;1680;226;12;14;12;0
45142;1692;226;12;14;12;0
45143;1704;226;12;14;12;0
45144;1716;226;12;14;12;0
45145;1728;226;12;14;12;0
45146;1740;226;12;14;12;0
45147;1752;226;12;14;12;0
45148;1764;226;12;14;12;0
45149;1776;226;12;14;12;0
45150;1788;226;12;14;12;0
45151;1800;226;12;14;12;0
45152;1812;226;12;14;12;0
45153;1824;226;12;14;12;0
45154;1836;226;12;14;12;0
45155;1848;226;12;14;12;0
45156;1860;226;12;14;12;0
45157;1872;226;12;14;12;0
45158;1884;226;12;14;12;0
45159;1896;226;12;14;12;0
45160;1908;226;12;14;12;0
45161;1920;226;12;14;12;0
45162;1932;226;12;14;12;0
45163;1944;226;12;14;12;0
45164;1956;226;12;14;12;0
45165;1968;226;12;14;12;0
45166;1980;226;12;14;12;0
45167;1992;226;12;14;12;0
45168;2004;226;12;14;12;0
45169;2016;226;12;14;12;0
45170;2028;226;12;14;12;0
45171;0;242;12;14;12;0
45172;12;242;12;14;12;0
45173;24;242;12;14;12;0
45174;36;242;12;14;12;0
45175;48;242;12;14;12;0
45176;60;242;12;14;12;0
45177;72;242;12;14;12;0
45178;84;242;12;14;12;0
45179;96;242;12;14;12;0
45180;108;242;12;14;12;0
45181;120;242;12;14;12;0
45182;132;242;12;14;12;0
45183;144;242;12;14;12;0
45184;156;242;12;14;12;0
45185;168;242;12;14;12;0
45186;180;242;12;14;12;0
45187;192;242;12;14;12;0
45188;204;242;12;14;12;0
45189;216;242;12;14;12;0
45190;228;242;12;14;12;0
45191;240;242;12;14;12;0
45192;252;242;12;14;12;0
45193;264;242;12;14;12;0
45194;276;242;12;14;12;0
45195;288;242;12;14;12;0
45196;300;242;12;14;12;0
45197;312;242;12;14;12;0
45198;324;242;12;14;12;0
45199;336;242;12;14;12;0
45200;348;242;12;14;12;0
45201;360;242;12;14;12;0
45202;372;242;12;14;12;0
45203;384;242;12;14;12;0
45204;396;242;12;14;12;0
45205;408;242;12;14;12;0
45206;420;242;12;14;12;0
45207;432;242;12;14;12;0
45208;444;242;12;14;12;0
45209;456;242;12;14;12;0
45210;468;242;12;14;12;0
45211;480;242;12;14;12;0
45212;492;242;12;14;12;0
45213;504;242;12;14;12;0
45214;516;242;12;14;12;0
45215;528;242;12;14;12;0
45216;540;242;12;14;12;0
45217;552;242;12;14;12;0
45218;564;242;12;14;12;0
45219;576;242;12;14;12;0
45220;588;242;12;14;12;0
45221;600;242;12;14;12;0
45222;612;242;12;14;12;0
45223;624;242;12;14;12;0
45224;636;242;12;14;12;0
45225;648;242;12;14;12;0
45226;660;242;12;14;12;0
45227;672;242;12;14;12;0
45228;684;242;12;14;12;0
45229;696;242;12;14;12;0
45230;708;242;12;14;12;0
45231;720;242;12;14;12;0
45232;732;242;12;14;12;0
45233;744;242;12;14;12;0
45234;756;242;12;14;12;0
45235;768;242;12;14;12;0
45236;780;242;12;14;12;0
45237;792;242;12;14;12;0
45238;804;242;12;14;12;0
45239;816;242;12;14;12;0
45240;828;242;12;14;12;0
45241;840;242;12;14;12;0
45242;852;242;12;14;12;0
45243;864;242;12;14;12;0
45244;876;242;12;14;12;0
45245;888;242;12;14;12;0
45246;900;242;12;14;12;0
45247;912;242;12;14;12;0
45248;924;242;12;14;12;0
45249;936;242;12;14;12;0
45250;948;242;12;14;12;0
45251;960;242;12;14;12;0
45252;972;242;12;14;12;0
45253;984;242;12;14;12;0
45254;996;242;12;14;12;0
45255;1008;242;12;14;12;0
45256;1020;242;12;14;12;0
45257;1032;242;12;14;12;0
45258;1044;242;12;14;12;0
45259;1056;242;12;14;12;0
45260;1068;242;12;14;12;0
45261;1080;242;12;14;12;0
45262;1092;242;12;14;12;0
45263;1104;242;12;14;12;0
45264;1116;242;12;14;12;0
45265;1128;242;12;14;12;0
45266;1140;242;12;14;12;0
45267;1152;242;12;14;12;0
45268;1164;242;12;14;12;0
45269;1176;242;12;14;12;0
45270;1188;242;12;14;12;0
45271;1200;242;12;14;12;0
45272;1212;242;12;14;12;0
45273;1224;242;12;14;12;0
45274;1236;242;12;14;12;0
45275;1248;242;12;14;12;0
45276;1260;242;12;14;12;0
45277;1272;242;12;14;12;0
45278;1284;242;12;14;12;0
45279;1296;242;12;14;12;0
45280;1308;242;12;14;12;0
45281;1320;242;12;14;12;0
45282;1332;242;12;14;12;0
45283;1344;242;12;14;12;0
45284;1356;242;12;14;12;0
45285;1368;242;12;14;12;0
45286;1380;242;12;14;12;0
45287;1392;242;12;14;12;0
45288;1404;242;12;14;12;0
45289;1416;242;12;14;12;0
45290;1428;242;12;14;12;0
45291;1440;242;12;14;12;0
45292;1452;242;12;14;12;0
45293;1464;242;12;14;12;0
45294;1476;242;12;14;12;0
45295;1488;242;12;14;12;0
45296;1500;242;12;14;12;0
45297;1512;242;12;14;12;0
45298;1524;242;12;14;12;0
45299;1536;242;12;14;12;0
45300;1548;242;12;14;12;0
45301;1560;242;12;14;12;0
45302;1572;242;12;14;12;0
45303;1584;242;12;14;12;0
45304;1596;242;12;14;12;0
45305;1608;242;12;14;12;0
45306;1620;242;12;14;12;0
45307;1632;242;12;14;12;0
45308;1644;242;12;14;12;0
45309;1656;242;12;14;12;0
45310;1668;242;12;14;12;0
45311;1680;242;12;14;12;0
45312;1692;242;12;14;12;0
45313;1704;242;12;14;12;0
45314;1716;242;12;14;12;0
45315;1728;242;12;14;12;0
45316;1740;242;12;14;12;0
45317;1752;242;12;14;12;0
45318;1764;242;12;14;12;0
45319;1776;242;12;14;12;0
45320;1788;242;12;14;12;0
45321;1800;242;12;14;12;0
45322;1812;242;12;14;12;0
45323;1824;242;12;14;12;0
45324;1836;242;12;14;12;0
45325;1848;242;12;14;12;0
45326;1860;242;12;14;12;0
45327;1872;242;12;14;12;0
45328;1884;242;12;14;12;0
45329;1896;242;12;14;12;0
45330;1908;242;12;14;12;0
45331;1920;242;12;14;12;0
45332;1932;242;12;14;12;0
45333;1944;242;12;14;12;0
45334;1956;242;12;14;12;0
45335;1968;242;12;14;12;0
45336;1980;242;12;14;12;0
45337;1992;242;12;14;12;0
45338;2004;242;12;14;12;0
45339;2016;242;12;14;12;0
45340;2028;242;12;14;12;0
45341;0;258;12;14;12;0
45342;12;258;12;14;12;0
45343;24;258;12;14;12;0
45344;36;258;12;14;12;0
45345;48;258;12;14;12;0
45346;60;258;12;14;12;0
45347;72;258;12;14;12;0
45348;84;258;12;14;12;0
45349;96;258;12;14;12;0
45350;108;258;12;14;12;0
45351;120;258;12;14;12;0
45352;132;258;12;14;12;0
45353;144;258;12;14;12;0
45354;156;258;12;14;12;0
45355;168;258;12;14;12;0
45356;180;258;12;14;12;0
45357;192;258;12;14;12;0
45358;204;258;12;14;12;0
45359;216;258;12;14;12;0
45360;228;258;12;14;12;0
45361;240;258;12;14;12;0
45362;252;258;12;14;12;0
45363;264;258;12;14;12;0
45364;276;258;12;14;12;0
45365;288;258;12;14;12;0
45366;300;258;12;14;12;0
45367;312;258;12;14;12;0
45368;324;258;12;14;12;0
45369;336;258;12;14;12;0
45370;348;258;12;14;12;0
45371;360;258;12;14;12;0
45372;372;258;12;14;12;0
45373;384;258;12;14;12;0
45374;396;258;12;14;12;0
45375;408;258;12;14;12;0
45376;420;258;12;14;12;0
45377;432;258;12;14;12;0
45378;444;258;12;14;12;0
45379;456;258;12;14;12;0
45380;468;258;12;14;12;0
45381;480;258;12;14;12;0
45382;492;258;12;14;12;0
45383;504;258;12;14;12;0
45384;516;258;12;14;12;0
45385;528;258;12;14;12;0
45386;540;258;12;14;12;0
45387;552;258;12;14;12;0
45388;564;258;12;14;12;0
45389;576;258;12;14;12;0
45390;588;258;12;14;12;0
45391;600;258;12;14;12;0
45392;612;258;12;14;12;0
45393;624;258;12;14;12;0
45394;636;258;12;14;12;0
45395;648;258;12;14;12;0
45396;660;258;12;14;12;0
45397;672;258;12;14;12;0
45398;684;258;12;14;12;0
45399;696;258;12;14;12;0
45400;708;258;12;14;12;0
45401;720;258;12;14;12;0
45402;732;258;12;14;12;0
45403;744;258;12;14;12;0
45404;756;258;12;14;12;0
45405;768;258;12;14;12;0
45406;780;258;12;14;12;0
45407;792;258;12;14;12;0
45408;804;258;12;14;12;0
45409;816;258;12;14;12;0
45410;828;258;12;14;12;0
45411;840;258;12;14;12;0
45412;852;258;12;14;12;0
45413;864;258;12;14;12;0
45414;876;258;12;14;12;0
45415;888;258;12;14;12;0
45416;900;258;12;14;12;0
45417;912;258;12;14;12;0
45418;924;258;12;14;12;0
45419;936;258;12;14;12;0
45420;948;258;12;14;12;0
45421;960;258;12;14;12;0
45422;972;258;12;14;12;0
45423;984;258;12;14;12;0
45424;996;258;12;14;12;0
45425;1008;258;12;14;12;0
45426;1020;258;12;14;12;0
45427;1032;258;12;14;12;0
45428;1044;258;12;14;12;0
45429;1056;258;12;14;12;0
45430;1068;258;12;14;12;0
45431;1080;258;12;14;12;0
45432;1092;258;12;14;12;0
45433;1104;258;12;14;12;0
45434;1116;258;12;14;12;0
45435;1128;258;12;14;12;0
45436;1140;258;12;14;12;0
45437;1152;258;12;14;12;0
45438;1164;258;12;14;12;0
45439;1176;258;12;14;12;0
45440;1188;258;12;14;12;0
45441;1200;258;12;14;12;0
45442;1212;258;12;14;12;0
45443;1224;258;12;14;12;0
45444;1236;258;12;14;12;0
45445;1248;258;12;14;12;0
45446;1260;258;12;14;12;0
45447;1272;258;12;14;12;0
45448;1284;258;12;14;12;0
45449;1296;258;12;14;12;0
45450;1308;258;12;14;12;0
45451;1320;258;12;14;12;0
45452;1332;258;12;14;12;0
45453;1344;258;12;14;12;0
45454;1356;258;12;14;12;0
45455;1368;258;12;14;12;0
45456;1380;258;12;14;12;0
45457;1392;258;12;14;12;0
45458;1404;258;12;14;12;0
45459;1416;258;12;14;12;0
45460;1428;258;12;14;12;0
45461;1440;258;12;14;12;0
45462;1452;258;12;14;12;0
45463;1464;258;12;14;12;0
45464;1476;258;12;14;12;0
45465;1488;258;12;14;12;0
45466;1500;258;12;14;12;0
45467;1512;258;12;14;12;0
45468;1524;258;12;14;12;0
45469;1536;258;12;14;12;0
45470;1548;258;12;14;12;0
45471;1560;258;12;14;12;0
45472;1572;258;12;14;12;0
45473;1584;258;12;14;12;0
45474;1596;258;12;14;12;0
45475;1608;258;12;14;12;0
45476;1620;258;12;14;12;0
45477;1632;258;12;14;12;0
45478;1644;258;12;14;12;0
45479;1656;258;12;14;12;0
45480;1668;258;12;14;12;0
45481;1680;258;12;14;12;0
45482;1692;258;12;14;12;0
45483;1704;258;12;14;12;0
45484;1716;258;12;14;12;0
45485;1728;258;12;14;12;0
45486;1740;258;12;14;12;0
45487;1752;258;12;14;12;0
45488;1764;258;12;14;12;0
45489;1776;258;12;14;12;0
45490;1788;258;12;14;12;0
45491;1800;258;12;14;12;0
45492;1812;258;12;14;12;0
45493;1824;258;12;14;12;0
45494;1836;258;12;14;12;0
45495;1848;258;12;14;12;0
45496;1860;258;12;14;12;0
45497;1872;258;12;14;12;0
45498;1884;258;12;14;12;0
45499;1896;258;12;14;12;0
45500;1908;258;12;14;12;0
45501;1920;258;12;14;12;0
45502;1932;258;12;14;12;0
45503;1944;258;12;14;12;0
45504;1956;258;12;14;12;0
45505;1968;258;12;14;12;0
45506;1980;258;12;14;12;0
45507;1992;258;12;14;12;0
45508;2004;258;12;14;12;0
45509;2016;258;12;14;12;0
45510;2028;258;12;14;12;0
45511;0;274;12;14;12;0
45512;12;274;12;14;12;0
45513;24;274;12;14;12;0
45514;36;274;12;14;12;0
45515;48;274;12;14;12;0
45516;60;274;12;14;12;0
45517;72;274;12;14;12;0
45518;84;274;12;14;12;0
45519;96;274;12;14;12;0
45520;108;274;12;14;12;0
45521;120;274;12;14;12;0
45522;132;274;12;14;12;0
45523;144;274;12;14;12;0
45524;156;274;12;14;12;0
45525;168;274;12;14;12;0
45526;180;274;12;14;12;0
45527;192;274;12;14;12;0
45528;204;274;12;14;12;0
45529;216;274;12;14;12;0
45530;228;274;12;14;12;0
45531;240;274;12;14;12;0
45532;252;274;12;14;12;0
45533;264;274;12;14;12;0
45534;276;274;12;14;12;0
45535;288;274;12;14;12;0
45536;300;274;12;14;12;0
45537;312;274;12;14;12;0
45538;324;274;12;14;12;0
45539;336;274;12;14;12;0
45540;348;274;12;14;12;0
45541;360;274;12;14;12;0
45542;372;274;12;14;12;0
45543;384;274;12;14;12;0
45544;396;274;12;14;12;0
45545;408;274;12;14;12;0
45546;420;274;12;14;12;0
45547;432;274;12;14;12;0
45548;444;274;12;14;12;0
45549;456;274;12;14;12;0
45550;468;274;12;14;12;0
45551;480;274;12;14;12;0
45552;492;274;12;14;12;0
45553;504;274;12;14;12;0
45554;516;274;12;14;12;0
45555;528;274;12;14;12;0
45556;540;274;12;14;12;0
45557;552;274;12;14;12;0
45558;564;274;12;14;12;0
45559;576;274;12;14;12;0
45560;588;274;12;14;12;0
45561;600;274;12;14;12;0
45562;612;274;12;14;12;0
45563;624;274;12;14;12;0
45564;636;274;12;14;12;0
45565;648;274;12;14;12;0
45566;660;274;12;14;12;0
45567;672;274;12;14;12;0
45568;684;274;12;14;12;0
45569;696;274;12;14;12;0
45570;708;274;12;14;12;0
45571;720;274;12;14;12;0
45572;732;274;12;14;12;0
45573;744;274;12;14;12;0
45574;756;274;12;14;12;0
45575;768;274;12;14;12;0
45576;780;274;12;14;12;0
45577;792;274;12;14;12;0
45578;804;274;12;14;12;0
45579;816;274;12;14;12;0
45580;828;274;12;14;12;0
45581;840;274;12;14;12;0
45582;852;274;12;14;12;0
45583;864;274;12;14;12;0
45584;876;274;12;14;12;0
45585;888;274;12;14;12;0
45586;900;274;12;14;12;0
45587;912;274;12;14;12;0
45588;924;274;12;14;12;0
45589;936;274;12;14;12;0
45590;948;274;12;14;12;0
45591;960;274;12;14;12;0
45592;972;274;12;14;12;0
45593;984;274;12;14;12;0
45594;996;274;12;14;12;0
45595;1008;274;12;14;12;0
45596;1020;274;12;14;12;0
45597;1032;274;12;14;12;0
45598;1044;274;12;14;12;0
45599;1056;274;12;14;12;0
45600;1068;274;12;14;12;0
45601;1080;274;12;14;12;0
45602;1092;274;12;14;12;0
45603;1104;274;12;14;12;0
45604;1116;274;12;14;12;0
45605;1128;274;12;14;12;0
45606;1140;274;12;14;12;0
45607;1152;274;12;14;12;0
45608;1164;274;12;14;12;0
45609;1176;274;12;14;12;0
45610;1188;274;12;14;12;0
45611;1200;274;12;14;12;0
45612;1212;274;12;14;12;0
45613;1224;274;12;14;12;0
45614;1236;274;12;14;12;0
45615;1248;274;12;14;12;0
45616;1260;274;12;14;12;0
45617;1272;274;12;14;12;0
45618;1284;274;12;14;12;0
45619;1296;274;12;14;12;0
45620;1308;274;12;14;12;0
45621;1320;274;12;14;12;0
45622;1332;274;12;14;12;0
45623;1344;274;12;14;12;0
45624;1356;274;12;14;12;0
45625;1368;274;12;14;12;0
45626;1380;274;12;14;12;0
45627;1392;274;12;14;12;0
45628;1404;274;12;14;12;0
45629;1416;274;12;14;12;0
45630;1428;274;12;14;12;0
45631;1440;274;12;14;12;0
45632;1452;274;12;14;12;0
45633;1464;274;12;14;12;0
45634;1476;274;12;14;12;0
45635;1488;274;12;14;12;0
45636;1500;274;12;14;12;0
45637;1512;274;12;14;12;0
45638;1524;274;12;14;12;0
45639;1536;274;12;14;12;0
45640;1548;274;12;14;12;0
45641;1560;274;12;14;12;0
45642;1572;274;12;14;12;0
45643;1584;274;12;14;12;0
45644;1596;274;12;14;12;0
45645;1608;274;12;14;12;0
45646;1620;274;12;14;12;0
45647;1632;274;12;14;12;0
45648;1644;274;12;14;12;0
45649;1656;274;12;14;12;0
45650;1668;274;12;14;12;0
45651;1680;274;12;14;12;0
45652;1692;274;12;14;12;0
45653;1704;274;12;14;12;0
45654;1716;274;12;14;12;0
45655;1728;274;12;14;12;0
45656;1740;274;12;14;12;0
45657;1752;274;12;14;12;0
45658;1764;274;12;14;12;0
45659;1776;274;12;14;12;0
45660;1788;274;12;14;12;0
45661;1800;274;12;14;12;0
45662;1812;274;12;14;12;0
45663;1824;274;12;14;12;0
45664;1836;274;12;14;12;0
45665;1848;274;12;14;12;0
45666;1860;274;12;14;12;0
45667;1872;274;12;14;12;0
45668;1884;274;12;14;12;0
45669;1896;274;12;14;12;0
45670;1908;274;12;14;12;0
45671;1920;274;12;14;12;0
45672;1932;274;12;14;12;0
45673;1944;274;12;14;12;0
45674;1956;274;12;14;12;0
45675;1968;274;12;14;12;0
45676;1980;274;12;14;12;0
45677;1992;274;12;14;12;0
45678;2004;274;12;14;12;0
45679;2016;274;12;14;12;0
45680;2028;274;12;14;12;0
45681;0;290;12;14;12;0
45682;12;290;12;14;12;0
45683;24;290;12;14;12;0
45684;36;290;12;14;12;0
45685;48;290;12;14;12;0
45686;60;290;12;14;12;0
45687;72;290;12;14;12;0
45688;84;290;12;14;12;0
45689;96;290;12;14;12;0
45690;108;290;12;14;12;0
45691;120;290;12;14;12;0
45692;132;290;12;14;12;0
45693;144;290;12;14;12;0
45694;156;290;12;14;12;0
45695;168;290;12;14;12;0
45696;180;290;12;14;12;0
45697;192;290;12;14;12;0
45698;204;290;12;14;12;0
45699;216;290;12;14;12;0
45700;228;290;12;14;12;0
45701;240;290;12;14;12;0
45702;252;290;12;14;12;0
45703;264;290;12;14;12;0
45704;276;290;12;14;12;0
45705;288;290;12;14;12;0
45706;300;290;12;14;12;0
45707;312;290;12;14;12;0
45708;324;290;12;14;12;0
45709;336;290;12;14;12;0
45710;348;290;12;14;12;0
45711;360;290;12;14;12;0
45712;372;290;12;14;12;0
45713;384;290;12;14;12;0
45714;396;290;12;14;12;0
45715;408;290;12;14;12;0
45716;420;290;12;14;12;0
45717;432;290;12;14;12;0
45718;444;290;12;14;12;0
45719;456;290;12;14;12;0
45720;468;290;12;14;12;0
45721;480;290;12;14;12;0
45722;492;290;12;14;12;0
45723;504;290;12;14;12;0
45724;516;290;12;14;12;0
45725;528;290;12;14;12;0
45726;540;290;12;14;12;0
45727;552;290;12;14;12;0
45728;564;290;12;14;12;0
45729;576;290;12;14;12;0
45730;588;290;12;14;12;0
45731;600;290;12;14;12;0
45732;612;290;12;14;12;0
45733;624;290;12;14;12;0
45734;636;290;12;14;12;0
45735;648;290;12;14;12;0
45736;660;290;12;14;12;0
45737;672;290;12;14;12;0
45738;684;290;12;14;12;0
45739;696;290;12;14;12;0
45740;708;290;12;14;12;0
45741;720;290;12;14;12;0
45742;732;290;12;14;12;0
45743;744;290;12;14;12;0
45744;756;290;12;14;12;0
45745;768;290;12;14;12;0
45746;780;290;12;14;12;0
45747;792;290;12;14;12;0
45748;804;290;12;14;12;0
45749;816;290;12;14;12;0
45750;828;290;12;14;12;0
45751;840;290;12;14;12;0
45752;852;290;12;14;12;0
45753;864;290;12;14;12;0
45754;876;290;12;14;12;0
45755;888;290;12;14;12;0
45756;900;290;12;14;12;0
45757;912;290;12;14;12;0
45758;924;290;12;14;12;0
45759;936;290;12;14;12;0
45760;948;290;12;14;12;0
45761;960;290;12;14;12;0
45762;972;290;12;14;12;0
45763;984;290;12;14;12;0
45764;996;290;12;14;12;0
45765;1008;290;12;14;12;0
45766;1020;290;12;14;12;0
45767;1032;290;12;14;12;0
45768;1044;290;12;14;12;0
45769;1056;290;12;14;12;0
45770;1068;290;12;14;12;0
45771;1080;290;12;14;12;0
45772;1092;290;12;14;12;0
45773;1104;290;12;14;12;0
45774;1116;290;12;14;12;0
45775;1128;290;12;14;12;0
45776;1140;290;12;14;12;0
45777;1152;290;12;14;12;0
45778;1164;290;12;14;12;0
45779;1176;290;12;14;12;0
45780;1188;290;12;14;12;0
45781;1200;290;12;14;12;0
45782;1212;290;12;14;12;0
45783;1224;290;12;14;12;0
45784;1236;290;12;14;12;0
45785;1248;290;12;14;12;0
45786;1260;290;12;14;12;0
45787;1272;290;12;14;12;0
45788;1284;290;12;14;12;0
45789;1296;290;12;14;12;0
45790;1308;290;12;14;12;0
45791;1320;290;12;14;12;0
45792;1332;290;12;14;12;0
45793;1344;290;12;14;12;0
45794;1356;290;12;14;12;0
45795;1368;290;12;14;12;0
45796;1380;290;12;14;12;0
45797;1392;290;12;14;12;0
45798;1404;290;12;14;12;0
45799;1416;290;12;14;12;0
45800;1428;290;12;14;12;0
45801;1440;290;12;14;12;0
45802;1452;290;12;14;12;0
45803;1464;290;12;14;12;0
45804;1476;290;12;14;12;0
45805;1488;290;12;14;12;0
45806;1500;290;12;14;12;0
45807;1512;290;12;14;12;0
45808;1524;290;12;14;12;0
45809;1536;290;12;14;12;0
45810;1548;290;12;14;12;0
45811;1560;290;12;14;12;0
45812;1572;290;12;14;12;0
45813;1584;290;12;14;12;0
45814;1596;290;12;14;12;0
45815;1608;290;12;14;12;0
45816;1620;290;12;14;12;0
45817;1632;290;12;14;12;0
45818;1644;290;12;14;12;0
45819;1656;290;12;14;12;0
45820;1668;290;12;14;12;0
45821;1680;290;12;14;12;0
45822;1692;290;12;14;12;0
45823;1704;290;12;14;12;0
45824;1716;290;12;14;12;0
45825;1728;290;12;14;12;0
45826;1740;290;12;14;12;0
45827;1752;290;12;14;12;0
45828;1764;290;12;14;12;0
45829;1776;290;12;14;12;0
45830;1788;290;12;14;12;0
45831;1800;290;12;14;12;0
45832;1812;290;12;14;12;0
45833;1824;290;12;14;12;0
45834;1836;290;12;14;12;0
45835;1848;290;12;14;12;0
45836;1860;290;12;14;12;0
45837;1872;290;12;14;12;0
45838;1884;290;12;14;12;0
45839;1896;290;12;14;12;0
45840;1908;290;12;14;12;0
45841;1920;290;12;14;12;0
45842;1932;290;12;14;12;0
45843;1944;290;12;14;12;0
45844;1956;290;12;14;12;0
45845;1968;290;12;14;12;0
45846;1980;290;12;14;12;0
45847;1992;290;12;14;12;0
45848;2004;290;12;14;12;0
45849;2016;290;12;14;12;0
45850;2028;290;12;14;12;0
45851;0;306;12;14;12;0
45852;12;306;12;14;12;0
45853;24;306;12;14;12;0
45854;36;306;12;14;12;0
45855;48;306;12;14;12;0
45856;60;306;12;14;12;0
45857;72;306;12;14;12;0
45858;84;306;12;14;12;0
45859;96;306;12;14;12;0
45860;108;306;12;14;12;0
45861;120;306;12;14;12;0
45862;132;306;12;14;12;0
45863;144;306;12;14;12;0
45864;156;306;12;14;12;0
45865;168;306;12;14;12;0
45866;180;306;12;14;12;0
45867;192;306;12;14;12;0
45868;204;306;12;14;12;0
45869;216;306;12;14;12;0
45870;228;306;12;14;12;0
45871;240;306;12;14;12;0
45872;252;306;12;14;12;0
45873;264;306;12;14;12;0
45874;276;306;12;14;12;0
45875;288;306;12;14;12;0
45876;300;306;12;14;12;0
45877;312;306;12;14;12;0
45878;324;306;12;14;12;0
45879;336;306;12;14;12;0
45880;348;306;12;14;12;0
45881;360;306;12;14;12;0
45882;372;306;12;14;12;0
45883;384;306;12;14;12;0
45884;396;306;12;14;12;0
45885;408;306;12;14;12;0
45886;420;306;12;14;12;0
45887;432;306;12;14;12;0
45888;444;306;12;14;12;0
45889;456;306;12;14;12;0
45890;468;306;12;14;12;0
45891;480;306;12;14;12;0
45892;492;306;12;14;12;0
45893;504;306;12;14;12;0
45894;516;306;12;14;12;0
45895;528;306;12;14;12;0
45896;540;306;12;14;12;0
45897;552;306;12;14;12;0
45898;564;306;12;14;12;0
45899;576;306;12;14;12;0
45900;588;306;12;14;12;0
45901;600;306;12;14;12;0
45902;612;306;12;14;12;0
45903;624;306;12;14;12;0
45904;636;306;12;14;12;0
45905;648;306;12;14;12;0
45906;660;306;12;14;12;0
45907;672;306;12;14;12;0
45908;684;306;12;14;12;0
45909;696;306;12;14;12;0
45910;708;306;12;14;12;0
45911;720;306;12;14;12;0
45912;732;306;12;14;12;0
45913;744;306;12;14;12;0
45914;756;306;12;14;12;0
45915;768;306;12;14;12;0
45916;780;306;12;14;12;0
45917;792;306;12;14;12;0
45918;804;306;12;14;12;0
45919;816;306;12;14;12;0
45920;828;306;12;14;12;0
45921;840;306;12;14;12;0
45922;852;306;12;14;12;0
45923;864;306;12;14;12;0
45924;876;306;12;14;12;0
45925;888;306;12;14;12;0
45926;900;306;12;14;12;0
45927;912;306;12;14;12;0
45928;924;306;12;14;12;0
45929;936;306;12;14;12;0
45930;948;306;12;14;12;0
45931;960;306;12;14;12;0
45932;972;306;12;14;12;0
45933;984;306;12;14;12;0
45934;996;306;12;14;12;0
45935;1008;306;12;14;12;0
45936;1020;306;12;14;12;0
45937;1032;306;12;14;12;0
45938;1044;306;12;14;12;0
45939;1056;306;12;14;12;0
45940;1068;306;12;14;12;0
45941;1080;306;12;14;12;0
45942;1092;306;12;14;12;0
45943;1104;306;12;14;12;0
45944;1116;306;12;14;12;0
45945;1128;306;12;14;12;0
45946;1140;306;12;14;12;0
45947;1152;306;12;14;12;0
45948;1164;306;12;14;12;0
45949;1176;306;12;14;12;0
45950;1188;306;12;14;12;0
45951;1200;306;12;14;12;0
45952;1212;306;12;14;12;0
45953;1224;306;12;14;12;0
45954;1236;306;12;14;12;0
45955;1248;306;12;14;12;0
45956;1260;306;12;14;12;0
45957;1272;306;12;14;12;0
45958;1284;306;12;14;12;0
45959;1296;306;12;14;12;0
45960;1308;306;12;14;12;0
45961;1320;306;12;14;12;0
45962;1332;306;12;14;12;0
45963;1344;306;12;14;12;0
45964;1356;306;12;14;12;0
45965;1368;306;12;14;12;0
45966;1380;306;12;14;12;0
45967;1392;306;12;14;12;0
45968;1404;306;12;14;12;0
45969;1416;306;12;14;12;0
45970;1428;306;12;14;12;0
45971;1440;306;12;14;12;0
45972;1452;306;12;14;12;0
45973;1464;306;12;14;12;0
45974;1476;306;12;14;12;0
45975;1488;306;12;14;12;0
45976;1500;306;12;14;12;0
45977;1512;306;12;14;12;0
45978;1524;306;12;14;12;0
45979;1536;306;12;14;12;0
45980;1548;306;12;14;12;0
45981;1560;306;12;14;12;0
45982;1572;306;12;14;12;0
45983;1584;306;12;14;12;0
45984;1596;306;12;14;12;0
45985;1608;306;12;14;12;0
45986;1620;306;12;14;12;0
45987;1632;306;12;14;12;0
45988;1644;306;12;14;12;0
45989;1656;306;12;14;12;0
45990;1668;306;12;14;12;0
45991;1680;306;12;14;12;0
45992;1692;306;12;14;12;0
45993;1704;306;12;14;12;0
45994;1716;306;12;14;12;0
45995;1728;306;12;14;12;0
45996;1740;306;12;14;12;0
45997;1752;306;12;14;12;0
45998;1764;306;12;14;12;0
45999;1776;306;12;14;12;0
46000;1788;306;12;14;12;0
46001;1800;306;12;14;12;0
46002;1812;306;12;14;12;0
46003;1824;306;12;14;12;0
46004;1836;306;12;14;12;0
46005;1848;306;12;14;12;0
46006;1860;306;12;14;12;0
46007;1872;306;12;14;12;0
46008;1884;306;12;14;12;0
46009;1896;306;12;14;12;0
46010;1908;306;12;14;12;0
46011;1920;306;12;14;12;0
46012;1932;306;12;14;12;0
46013;1944;306;12;14;12;0
46014;1956;306;12;14;12;0
46015;1968;306;12;14;12;0
46016;1980;306;12;14;12;0
46017;1992;306;12;14;12;0
46018;2004;306;12;14;12;0
46019;2016;306;12;14;12;0
46020;2028;306;12;14;12;0
46021;0;322;12;14;12;0
46022;12;322;12;14;12;0
46023;24;322;12;14;12;0
46024;36;322;12;14;12;0
46025;48;322;12;14;12;0
46026;60;322;12;14;12;0
46027;72;322;12;14;12;0
46028;84;322;12;14;12;0
46029;96;322;12;14;12;0
46030;108;322;12;14;12;0
46031;120;322;12;14;12;0
46032;132;322;12;14;12;0
46033;144;322;12;14;12;0
46034;156;322;12;14;12;0
46035;168;322;12;14;12;0
46036;180;322;12;14;12;0
46037;192;322;12;14;12;0
46038;204;322;12;14;12;0
46039;216;322;12;14;12;0
46040;228;322;12;14;12;0
46041;240;322;12;14;12;0
46042;252;322;12;14;12;0
46043;264;322;12;14;12;0
46044;276;322;12;14;12;0
46045;288;322;12;14;12;0
46046;300;322;12;14;12;0
46047;312;322;12;14;12;0
46048;324;322;12;14;12;0
46049;336;322;12;14;12;0
46050;348;322;12;14;12;0
46051;360;322;12;14;12;0
46052;372;322;12;14;12;0
46053;384;322;12;14;12;0
46054;396;322;12;14;12;0
46055;408;322;12;14;12;0
46056;420;322;12;14;12;0
46057;432;322;12;14;12;0
46058;444;322;12;14;12;0
46059;456;322;12;14;12;0
46060;468;322;12;14;12;0
46061;480;322;12;14;12;0
46062;492;322;12;14;12;0
46063;504;322;12;14;12;0
46064;516;322;12;14;12;0
46065;528;322;12;14;12;0
46066;540;322;12;14;12;0
46067;552;322;12;14;12;0
46068;564;322;12;14;12;0
46069;576;322;12;14;12;0
46070;588;322;12;14;12;0
46071;600;322;12;14;12;0
46072;612;322;12;14;12;0
46073;624;322;12;14;12;0
46074;636;322;12;14;12;0
46075;648;322;12;14;12;0
46076;660;322;12;14;12;0
46077;672;322;12;14;12;0
46078;684;322;12;14;12;0
46079;696;322;12;14;12;0
46080;708;322;12;14;12;0
46081;720;322;12;14;12;0
46082;732;322;12;14;12;0
46083;744;322;12;14;12;0
46084;756;322;12;14;12;0
46085;768;322;12;14;12;0
46086;780;322;12;14;12;0
46087;792;322;12;14;12;0
46088;804;322;12;14;12;0
46089;816;322;12;14;12;0
46090;828;322;12;14;12;0
46091;840;322;12;14;12;0
46092;852;322;12;14;12;0
46093;864;322;12;14;12;0
46094;876;322;12;14;12;0
46095;888;322;12;14;12;0
46096;900;322;12;14;12;0
46097;912;322;12;14;12;0
46098;924;322;12;14;12;0
46099;936;322;12;14;12;0
46100;948;322;12;14;12;0
46101;960;322;12;14;12;0
46102;972;322;12;14;12;0
46103;984;322;12;14;12;0
46104;996;322;12;14;12;0
46105;1008;322;12;14;12;0
46106;1020;322;12;14;12;0
46107;1032;322;12;14;12;0
46108;1044;322;12;14;12;0
46109;1056;322;12;14;12;0
46110;1068;322;12;14;12;0
46111;1080;322;12;14;12;0
46112;1092;322;12;14;12;0
46113;1104;322;12;14;12;0
46114;1116;322;12;14;12;0
46115;1128;322;12;14;12;0
46116;1140;322;12;14;12;0
46117;1152;322;12;14;12;0
46118;1164;322;12;14;12;0
46119;1176;322;12;14;12;0
46120;1188;322;12;14;12;0
46121;1200;322;12;14;12;0
46122;1212;322;12;14;12;0
46123;1224;322;12;14;12;0
46124;1236;322;12;14;12;0
46125;1248;322;12;14;12;0
46126;1260;322;12;14;12;0
46127;1272;322;12;14;12;0
46128;1284;322;12;14;12;0
46129;1296;322;12;14;12;0
46130;1308;322;12;14;12;0
46131;1320;322;12;14;12;0
46132;1332;322;12;14;12;0
46133;1344;322;12;14;12;0
46134;1356;322;12;14;12;0
46135;1368;322;12;14;12;0
46136;1380;322;12;14;12;0
46137;1392;322;12;14;12;0
46138;1404;322;12;14;12;0
46139;1416;322;12;14;12;0
46140;1428;322;12;14;12;0
46141;1440;322;12;14;12;0
46142;1452;322;12;14;12;0
46143;1464;322;12;14;12;0
46144;1476;322;12;14;12;0
46145;1488;322;12;14;12;0
46146;1500;322;12;14;12;0
46147;1512;322;12;14;12;0
46148;1524;322;12;14;12;0
46149;1536;322;12;14;12;0
46150;1548;322;12;14;12;0
46151;1560;322;12;14;12;0
46152;1572;322;12;14;12;0
46153;1584;322;12;14;12;0
46154;1596;322;12;14;12;0
46155;1608;322;12;14;12;0
46156;1620;322;12;14;12;0
46157;1632;322;12;14;12;0
46158;1644;322;12;14;12;0
46159;1656;322;12;14;12;0
46160;1668;322;12;14;12;0
46161;1680;322;12;14;12;0
46162;1692;322;12;14;12;0
46163;1704;322;12;14;12;0
46164;1716;322;12;14;12;0
46165;1728;322;12;14;12;0
46166;1740;322;12;14;12;0
46167;1752;322;12;14;12;0
46168;1764;322;12;14;12;0
46169;1776;322;12;14;12;0
46170;1788;322;12;14;12;0
46171;1800;322;12;14;12;0
46172;1812;322;12;14;12;0
46173;1824;322;12;14;12;0
46174;1836;322;12;14;12;0
46175;1848;322;12;14;12;0
46176;1860;322;12;14;12;0
46177;1872;322;12;14;12;0
46178;1884;322;12;14;12;0
46179;1896;322;12;14;12;0
46180;1908;322;12;14;12;0
46181;1920;322;12;14;12;0
46182;1932;322;12;14;12;0
46183;1944;322;12;14;12;0
46184;1956;322;12;14;12;0
46185;1968;322;12;14;12;0
46186;1980;322;12;14;12;0
46187;1992;322;12;14;12;0
46188;2004;322;12;14;12;0
46189;2016;322;12;14;12;0
46190;2028;322;12;14;12;0
46191;0;338;12;14;12;0
46192;12;338;12;14;12;0
46193;24;338;12;14;12;0
46194;36;338;12;14;12;0
46195;48;338;12;14;12;0
46196;60;338;12;14;12;0
46197;72;338;12;14;12;0
46198;84;338;12;14;12;0
46199;96;338;12;14;12;0
46200;108;338;12;14;12;0
46201;120;338;12;14;12;0
46202;132;338;12;14;12;0
46203;144;338;12;14;12;0
46204;156;338;12;14;12;0
46205;168;338;12;14;12;0
46206;180;338;12;14;12;0
46207;192;338;12;14;12;0
46208;204;338;12;14;12;0
46209;216;338;12;14;12;0
46210;228;338;12;14;12;0
46211;240;338;12;14;12;0
46212;252;338;12;14;12;0
46213;264;338;12;14;12;0
46214;276;338;12;14;12;0
46215;288;338;12;14;12;0
46216;300;338;12;14;12;0
46217;312;338;12;14;12;0
46218;324;338;12;14;12;0
46219;336;338;12;14;12;0
46220;348;338;12;14;12;0
46221;360;338;12;14;12;0
46222;372;338;12;14;12;0
46223;384;338;12;14;12;0
46224;396;338;12;14;12;0
46225;408;338;12;14;12;0
46226;420;338;12;14;12;0
46227;432;338;12;14;12;0
46228;444;338;12;14;12;0
46229;456;338;12;14;12;0
46230;468;338;12;14;12;0
46231;480;338;12;14;12;0
46232;492;338;12;14;12;0
46233;504;338;12;14;12;0
46234;516;338;12;14;12;0
46235;528;338;12;14;12;0
46236;540;338;12;14;12;0
46237;552;338;12;14;12;0
46238;564;338;12;14;12;0
46239;576;338;12;14;12;0
46240;588;338;12;14;12;0
46241;600;338;12;14;12;0
46242;612;338;12;14;12;0
46243;624;338;12;14;12;0
46244;636;338;12;14;12;0
46245;648;338;12;14;12;0
46246;660;338;12;14;12;0
46247;672;338;12;14;12;0
46248;684;338;12;14;12;0
46249;696;338;12;14;12;0
46250;708;338;12;14;12;0
46251;720;338;12;14;12;0
46252;732;338;12;14;12;0
46253;744;338;12;14;12;0
46254;756;338;12;14;12;0
46255;768;338;12;14;12;0
46256;780;338;12;14;12;0
46257;792;338;12;14;12;0
46258;804;338;12;14;12;0
46259;816;338;12;14;12;0
46260;828;338;12;14;12;0
46261;840;338;12;14;12;0
46262;852;338;12;14;12;0
46263;864;338;12;14;12;0
46264;876;338;12;14;12;0
46265;888;338;12;14;12;0
46266;900;338;12;14;12;0
46267;912;338;12;14;12;0
46268;924;338;12;14;12;0
46269;936;338;12;14;12;0
46270;948;338;12;14;12;0
46271;960;338;12;14;12;0
46272;972;338;12;14;12;0
46273;984;338;12;14;12;0
46274;996;338;12;14;12;0
46275;1008;338;12;14;12;0
46276;1020;338;12;14;12;0
46277;1032;338;12;14;12;0
46278;1044;338;12;14;12;0
46279;1056;338;12;14;12;0
46280;1068;338;12;14;12;0
46281;1080;338;12;14;12;0
46282;1092;338;12;14;12;0
46283;1104;338;12;14;12;0
46284;1116;338;12;14;12;0
46285;1128;338;12;14;12;0
46286;1140;338;12;14;12;0
46287;1152;338;12;14;12;0
46288;1164;338;12;14;12;0
46289;1176;338;12;14;12;0
46290;1188;338;12;14;12;0
46291;1200;338;12;14;12;0
46292;1212;338;12;14;12;0
46293;1224;338;12;14;12;0
46294;1236;338;12;14;12;0
46295;1248;338;12;14;12;0
46296;1260;338;12;14;12;0
46297;1272;338;12;14;12;0
46298;1284;338;12;14;12;0
46299;1296;338;12;14;12;0
46300;1308;338;12;14;12;0
46301;1320;338;12;14;12;0
46302;1332;338;12;14;12;0
46303;1344;338;12;14;12;0
46304;1356;338;12;14;12;0
46305;1368;338;12;14;12;0
46306;1380;338;12;14;12;0
46307;1392;338;12;14;12;0
46308;1404;338;12;14;12;0
46309;1416;338;12;14;12;0
46310;1428;338;12;14;12;0
46311;1440;338;12;14;12;0
46312;1452;338;12;14;12;0
46313;1464;338;12;14;12;0
46314;1476;338;12;14;12;0
46315;1488;338;12;14;12;0
46316;1500;338;12;14;12;0
46317;1512;338;12;14;12;0
46318;1524;338;12;14;12;0
46319;1536;338;12;14;12;0
46320;1548;338;12;14;12;0
46321;1560;338;12;14;12;0
46322;1572;338;12;14;12;0
46323;1584;338;12;14;12;0
46324;1596;338;12;14;12;0
46325;1608;338;12;14;12;0
46326;1620;338;12;14;12;0
46327;1632;338;12;14;12;0
46328;1644;338;12;14;12;0
46329;1656;338;12;14;12;0
46330;1668;338;12;14;12;0
46331;1680;338;12;14;12;0
46332;1692;338;12;14;12;0
46333;1704;338;12;14;12;0
46334;1716;338;12;14;12;0
46335;1728;338;12;14;12;0
46336;1740;338;12;14;12;0
46337;1752;338;12;14;12;0
46338;1764;338;12;14;12;0
46339;1776;338;12;14;12;0
46340;1788;338;12;14;12;0
46341;1800;338;12;14;12;0
46342;1812;338;12;14;12;0
46343;1824;338;12;14;12;0
46344;1836;338;12;14;12;0
46345;1848;338;12;14;12;0
46346;1860;338;12;14;12;0
46347;1872;338;12;14;12;0
46348;1884;338;12;14;12;0
46349;1896;338;12;14;12;0
46350;1908;338;12;14;12;0
46351;1920;338;12;14;12;0
46352;1932;338;12;14;12;0
46353;1944;338;12;14;12;0
46354;1956;338;12;14;12;0
46355;1968;338;12;14;12;0
46356;1980;338;12;14;12;0
46357;1992;338;12;14;12;0
46358;2004;338;12;14;12;0
46359;2016;338;12;14;12;0
46360;2028;338;12;14;12;0
46361;0;354;12;14;12;0
46362;12;354;12;14;12;0
46363;24;354;12;14;12;0
46364;36;354;12;14;12;0
46365;48;354;12;14;12;0
46366;60;354;12;14;12;0
46367;72;354;12;14;12;0
46368;84;354;12;14;12;0
46369;96;354;12;14;12;0
46370;108;354;12;14;12;0
46371;120;354;12;14;12;0
46372;132;354;12;14;12;0
46373;144;354;12;14;12;0
46374;156;354;12;14;12;0
46375;168;354;12;14;12;0
46376;180;354;12;14;12;0
46377;192;354;12;14;12;0
46378;204;354;12;14;12;0
46379;216;354;12;14;12;0
46380;228;354;12;14;12;0
46381;240;354;12;14;12;0
46382;252;354;12;14;12;0
46383;264;354;12;14;12;0
46384;276;354;12;14;12;0
46385;288;354;12;14;12;0
46386;300;354;12;14;12;0
46387;312;354;12;14;12;0
46388;324;354;12;14;12;0
46389;336;354;12;14;12;0
46390;348;354;12;14;12;0
46391;360;354;12;14;12;0
46392;372;354;12;14;12;0
46393;384;354;12;14;12;0
46394;396;354;12;14;12;0
46395;408;354;12;14;12;0
46396;420;354;12;14;12;0
46397;432;354;12;14;12;0
46398;444;354;12;14;12;0
46399;456;354;12;14;12;0
46400;468;354;12;14;12;0
46401;480;354;12;14;12;0
46402;492;354;12;14;12;0
46403;504;354;12;14;12;0
46404;516;354;12;14;12;0
46405;528;354;12;14;12;0
46406;540;354;12;14;12;0
46407;552;354;12;14;12;0
46408;564;354;12;14;12;0
46409;576;354;12;14;12;0
46410;588;354;12;14;12;0
46411;600;354;12;14;12;0
46412;612;354;12;14;12;0
46413;624;354;12;14;12;0
46414;636;354;12;14;12;0
46415;648;354;12;14;12;0
46416;660;354;12;14;12;0
46417;672;354;12;14;12;0
46418;684;354;12;14;12;0
46419;696;354;12;14;12;0
46420;708;354;12;14;12;0
46421;720;354;12;14;12;0
46422;732;354;12;14;12;0
46423;744;354;12;14;12;0
46424;756;354;12;14;12;0
46425;768;354;12;14;12;0
46426;780;354;12;14;12;0
46427;792;354;12;14;12;0
46428;804;354;12;14;12;0
46429;816;354;12;14;12;0
46430;828;354;12;14;12;0
46431;840;354;12;14;12;0
46432;852;354;12;14;12;0
46433;864;354;12;14;12;0
46434;876;354;12;14;12;0
46435;888;354;12;14;12;0
46436;900;354;12;14;12;0
46437;912;354;12;14;12;0
46438;924;354;12;14;12;0
46439;936;354;12;14;12;0
46440;948;354;12;14;12;0
46441;960;354;12;14;12;0
46442;972;354;12;14;12;0
46443;984;354;12;14;12;0
46444;996;354;12;14;12;0
46445;1008;354;12;14;12;0
46446;1020;354;12;14;12;0
46447;1032;354;12;14;12;0
46448;1044;354;12;14;12;0
46449;1056;354;12;14;12;0
46450;1068;354;12;14;12;0
46451;1080;354;12;14;12;0
46452;1092;354;12;14;12;0
46453;1104;354;12;14;12;0
46454;1116;354;12;14;12;0
46455;1128;354;12;14;12;0
46456;1140;354;12;14;12;0
46457;1152;354;12;14;12;0
46458;1164;354;12;14;12;0
46459;1176;354;12;14;12;0
46460;1188;354;12;14;12;0
46461;1200;354;12;14;12;0
46462;1212;354;12;14;12;0
46463;1224;354;12;14;12;0
46464;1236;354;12;14;12;0
46465;1248;354;12;14;12;0
46466;1260;354;12;14;12;0
46467;1272;354;12;14;12;0
46468;1284;354;12;14;12;0
46469;1296;354;12;14;12;0
46470;1308;354;12;14;12;0
46471;1320;354;12;14;12;0
46472;1332;354;12;14;12;0
46473;1344;354;12;14;12;0
46474;1356;354;12;14;12;0
46475;1368;354;12;14;12;0
46476;1380;354;12;14;12;0
46477;1392;354;12;14;12;0
46478;1404;354;12;14;12;0
46479;1416;354;12;14;12;0
46480;1428;354;12;14;12;0
46481;1440;354;12;14;12;0
46482;1452;354;12;14;12;0
46483;1464;354;12;14;12;0
46484;1476;354;12;14;12;0
46485;1488;354;12;14;12;0
46486;1500;354;12;14;12;0
46487;1512;354;12;14;12;0
46488;1524;354;12;14;12;0
46489;1536;354;12;14;12;0
46490;1548;354;12;14;12;0
46491;1560;354;12;14;12;0
46492;1572;354;12;14;12;0
46493;1584;354;12;14;12;0
46494;1596;354;12;14;12;0
46495;1608;354;12;14;12;0
46496;1620;354;12;14;12;0
46497;1632;354;12;14;12;0
46498;1644;354;12;14;12;0
46499;1656;354;12;14;12;0
46500;1668;354;12;14;12;0
46501;1680;354;12;14;12;0
46502;1692;354;12;14;12;0
46503;1704;354;12;14;12;0
46504;1716;354;12;14;12;0
46505;1728;354;12;14;12;0
46506;1740;354;12;14;12;0
46507;1752;354;12;14;12;0
46508;1764;354;12;14;12;0
46509;1776;354;12;14;12;0
46510;1788;354;12;14;12;0
46511;1800;354;12;14;12;0
46512;1812;354;12;14;12;0
46513;1824;354;12;14;12;0
46514;1836;354;12;14;12;0
46515;1848;354;12;14;12;0
46516;1860;354;12;14;12;0
46517;1872;354;12;14;12;0
46518;1884;354;12;14;12;0
46519;1896;354;12;14;12;0
46520;1908;354;12;14;12;0
46521;1920;354;12;14;12;0
46522;1932;354;12;14;12;0
46523;1944;354;12;14;12;0
46524;1956;354;12;14;12;0
46525;1968;354;12;14;12;0
46526;1980;354;12;14;12;0
46527;1992;354;12;14;12;0
46528;2004;354;12;14;12;0
46529;2016;354;12;14;12;0
46530;2028;354;12;14;12;0
46531;0;370;12;14;12;0
46532;12;370;12;14;12;0
46533;24;370;12;14;12;0
46534;36;370;12;14;12;0
46535;48;370;12;14;12;0
46536;60;370;12;14;12;0
46537;72;370;12;14;12;0
46538;84;370;12;14;12;0
46539;96;370;12;14;12;0
46540;108;370;12;14;12;0
46541;120;370;12;14;12;0
46542;132;370;12;14;12;0
46543;144;370;12;14;12;0
46544;156;370;12;14;12;0
46545;168;370;12;14;12;0
46546;180;370;12;14;12;0
46547;192;370;12;14;12;0
46548;204;370;12;14;12;0
46549;216;370;12;14;12;0
46550;228;370;12;14;12;0
46551;240;370;12;14;12;0
46552;252;370;12;14;12;0
46553;264;370;12;14;12;0
46554;276;370;12;14;12;0
46555;288;370;12;14;12;0
46556;300;370;12;14;12;0
46557;312;370;12;14;12;0
46558;324;370;12;14;12;0
46559;336;370;12;14;12;0
46560;348;370;12;14;12;0
46561;360;370;12;14;12;0
46562;372;370;12;14;12;0
46563;384;370;12;14;12;0
46564;396;370;12;14;12;0
46565;408;370;12;14;12;0
46566;420;370;12;14;12;0
46567;432;370;12;14;12;0
46568;444;370;12;14;12;0
46569;456;370;12;14;12;0
46570;468;370;12;14;12;0
46571;480;370;12;14;12;0
46572;492;370;12;14;12;0
46573;504;370;12;14;12;0
46574;516;370;12;14;12;0
46575;528;370;12;14;12;0
46576;540;370;12;14;12;0
46577;552;370;12;14;12;0
46578;564;370;12;14;12;0
46579;576;370;12;14;12;0
46580;588;370;12;14;12;0
46581;600;370;12;14;12;0
46582;612;370;12;14;12;0
46583;624;370;12;14;12;0
46584;636;370;12;14;12;0
46585;648;370;12;14;12;0
46586;660;370;12;14;12;0
46587;672;370;12;14;12;0
46588;684;370;12;14;12;0
46589;696;370;12;14;12;0
46590;708;370;12;14;12;0
46591;720;370;12;14;12;0
46592;732;370;12;14;12;0
46593;744;370;12;14;12;0
46594;756;370;12;14;12;0
46595;768;370;12;14;12;0
46596;780;370;12;14;12;0
46597;792;370;12;14;12;0
46598;804;370;12;14;12;0
46599;816;370;12;14;12;0
46600;828;370;12;14;12;0
46601;840;370;12;14;12;0
46602;852;370;12;14;12;0
46603;864;370;12;14;12;0
46604;876;370;12;14;12;0
46605;888;370;12;14;12;0
46606;900;370;12;14;12;0
46607;912;370;12;14;12;0
46608;924;370;12;14;12;0
46609;936;370;12;14;12;0
46610;948;370;12;14;12;0
46611;960;370;12;14;12;0
46612;972;370;12;14;12;0
46613;984;370;12;14;12;0
46614;996;370;12;14;12;0
46615;1008;370;12;14;12;0
46616;1020;370;12;14;12;0
46617;1032;370;12;14;12;0
46618;1044;370;12;14;12;0
46619;1056;370;12;14;12;0
46620;1068;370;12;14;12;0
46621;1080;370;12;14;12;0
46622;1092;370;12;14;12;0
46623;1104;370;12;14;12;0
46624;1116;370;12;14;12;0
46625;1128;370;12;14;12;0
46626;1140;370;12;14;12;0
46627;1152;370;12;14;12;0
46628;1164;370;12;14;12;0
46629;1176;370;12;14;12;0
46630;1188;370;12;14;12;0
46631;1200;370;12;14;12;0
46632;1212;370;12;14;12;0
46633;1224;370;12;14;12;0
46634;1236;370;12;14;12;0
46635;1248;370;12;14;12;0
46636;1260;370;12;14;12;0
46637;1272;370;12;14;12;0
46638;1284;370;12;14;12;0
46639;1296;370;12;14;12;0
46640;1308;370;12;14;12;0
46641;1320;370;12;14;12;0
46642;1332;370;12;14;12;0
46643;1344;370;12;14;12;0
46644;1356;370;12;14;12;0
46645;1368;370;12;14;12;0
46646;1380;370;12;14;12;0
46647;1392;370;12;14;12;0
46648;1404;370;12;14;12;0
46649;1416;370;12;14;12;0
46650;1428;370;12;14;12;0
46651;1440;370;12;14;12;0
46652;1452;370;12;14;12;0
46653;1464;370;12;14;12;0
46654;1476;370;12;14;12;0
46655;1488;370;12;14;12;0
46656;1500;370;12;14;12;0
46657;1512;370;12;14;12;0
46658;1524;370;12;14;12;0
46659;1536;370;12;14;12;0
46660;1548;370;12;14;12;0
46661;1560;370;12;14;12;0
46662;1572;370;12;14;12;0
46663;1584;370;12;14;12;0
46664;1596;370;12;14;12;0
46665;1608;370;12;14;12;0
46666;1620;370;12;14;12;0
46667;1632;370;12;14;12;0
46668;1644;370;12;14;12;0
46669;1656;370;12;14;12;0
46670;1668;370;12;14;12;0
46671;1680;370;12;14;12;0
46672;1692;370;12;14;12;0
46673;1704;370;12;14;12;0
46674;1716;370;12;14;12;0
46675;1728;370;12;14;12;0
46676;1740;370;12;14;12;0
46677;1752;370;12;14;12;0
46678;1764;370;12;14;12;0
46679;1776;370;12;14;12;0
46680;1788;370;12;14;12;0
46681;1800;370;12;14;12;0
46682;1812;370;12;14;12;0
46683;1824;370;12;14;12;0
46684;1836;370;12;14;12;0
46685;1848;370;12;14;12;0
46686;1860;370;12;14;12;0
46687;1872;370;12;14;12;0
46688;1884;370;12;14;12;0
46689;1896;370;12;14;12;0
46690;1908;370;12;14;12;0
46691;1920;370;12;14;12;0
46692;1932;370;12;14;12;0
46693;1944;370;12;14;12;0
46694;1956;370;12;14;12;0
46695;1968;370;12;14;12;0
46696;1980;370;12;14;12;0
46697;1992;370;12;14;12;0
46698;2004;370;12;14;12;0
46699;2016;370;12;14;12;0
46700;2028;370;12;14;12;0
46701;0;386;12;14;12;0
46702;12;386;12;14;12;0
46703;24;386;12;14;12;0
46704;36;386;12;14;12;0
46705;48;386;12;14;12;0
46706;60;386;12;14;12;0
46707;72;386;12;14;12;0
46708;84;386;12;14;12;0
46709;96;386;12;14;12;0
46710;108;386;12;14;12;0
46711;120;386;12;14;12;0
46712;132;386;12;14;12;0
46713;144;386;12;14;12;0
46714;156;386;12;14;12;0
46715;168;386;12;14;12;0
46716;180;386;12;14;12;0
46717;192;386;12;14;12;0
46718;204;386;12;14;12;0
46719;216;386;12;14;12;0
46720;228;386;12;14;12;0
46721;240;386;12;14;12;0
46722;252;386;12;14;12;0
46723;264;386;12;14;12;0
46724;276;386;12;14;12;0
46725;288;386;12;14;12;0
46726;300;386;12;14;12;0
46727;312;386;12;14;12;0
46728;324;386;12;14;12;0
46729;336;386;12;14;12;0
46730;348;386;12;14;12;0
46731;360;386;12;14;12;0
46732;372;386;12;14;12;0
46733;384;386;12;14;12;0
46734;396;386;12;14;12;0
46735;408;386;12;14;12;0
46736;420;386;12;14;12;0
46737;432;386;12;14;12;0
46738;444;386;12;14;12;0
46739;456;386;12;14;12;0
46740;468;386;12;14;12;0
46741;480;386;12;14;12;0
46742;492;386;12;14;12;0
46743;504;386;12;14;12;0
46744;516;386;12;14;12;0
46745;528;386;12;14;12;0
46746;540;386;12;14;12;0
46747;552;386;12;14;12;0
46748;564;386;12;14;12;0
46749;576;386;12;14;12;0
46750;588;386;12;14;12;0
46751;600;386;12;14;12;0
46752;612;386;12;14;12;0
46753;624;386;12;14;12;0
46754;636;386;12;14;12;0
46755;648;386;12;14;12;0
46756;660;386;12;14;12;0
46757;672;386;12;14;12;0
46758;684;386;12;14;12;0
46759;696;386;12;14;12;0
46760;708;386;12;14;12;0
46761;720;386;12;14;12;0
46762;732;386;12;14;12;0
46763;744;386;12;14;12;0
46764;756;386;12;14;12;0
46765;768;386;12;14;12;0
46766;780;386;12;14;12;0
46767;792;386;12;14;12;0
46768;804;386;12;14;12;0
46769;816;386;12;14;12;0
46770;828;386;12;14;12;0
46771;840;386;12;14;12;0
46772;852;386;12;14;12;0
46773;864;386;12;14;12;0
46774;876;386;12;14;12;0
46775;888;386;12;14;12;0
46776;900;386;12;14;12;0
46777;912;386;12;14;12;0
46778;924;386;12;14;12;0
46779;936;386;12;14;12;0
46780;948;386;12;14;12;0
46781;960;386;12;14;12;0
46782;972;386;12;14;12;0
46783;984;386;12;14;12;0
46784;996;386;12;14;12;0
46785;1008;386;12;14;12;0
46786;1020;386;12;14;12;0
46787;1032;386;12;14;12;0
46788;1044;386;12;14;12;0
46789;1056;386;12;14;12;0
46790;1068;386;12;14;12;0
46791;1080;386;12;14;12;0
46792;1092;386;12;14;12;0
46793;1104;386;12;14;12;0
46794;1116;386;12;14;12;0
46795;1128;386;12;14;12;0
46796;1140;386;12;14;12;0
46797;1152;386;12;14;12;0
46798;1164;386;12;14;12;0
46799;1176;386;12;14;12;0
46800;1188;386;12;14;12;0
46801;1200;386;12;14;12;0
46802;1212;386;12;14;12;0
46803;1224;386;12;14;12;0
46804;1236;386;12;14;12;0
46805;1248;386;12;14;12;0
46806;1260;386;12;14;12;0
46807;1272;386;12;14;12;0
46808;1284;386;12;14;12;0
46809;1296;386;12;14;12;0
46810;1308;386;12;14;12;0
46811;1320;386;12;14;12;0
46812;1332;386;12;14;12;0
46813;1344;386;12;14;12;0
46814;1356;386;12;14;12;0
46815;1368;386;12;14;12;0
46816;1380;386;12;14;12;0
46817;1392;386;12;14;12;0
46818;1404;386;12;14;12;0
46819;1416;386;12;14;12;0
46820;1428;386;12;14;12;0
46821;1440;386;12;14;12;0
46822;1452;386;12;14;12;0
46823;1464;386;12;14;12;0
46824;1476;386;12;14;12;0
46825;1488;386;12;14;12;0
46826;1500;386;12;14;12;0
46827;1512;386;12;14;12;0
46828;1524;386;12;14;12;0
46829;1536;386;12;14;12;0
46830;1548;386;12;14;12;0
46831;1560;386;12;14;12;0
46832;1572;386;12;14;12;0
46833;1584;386;12;14;12;0
46834;1596;386;12;14;12;0
46835;1608;386;12;14;12;0
46836;1620;386;12;14;12;0
46837;1632;386;12;14;12;0
46838;1644;386;12;14;12;0
46839;1656;386;12;14;12;0
46840;1668;386;12;14;12;0
46841;1680;386;12;14;12;0
46842;1692;386;12;14;12;0
46843;1704;386;12;14;12;0
46844;1716;386;12;14;12;0
46845;1728;386;12;14;12;0
46846;1740;386;12;14;12;0
46847;1752;386;12;14;12;0
46848;1764;386;12;14;12;0
46849;1776;386;12;14;12;0
46850;1788;386;12;14;12;0
46851;1800;386;12;14;12;0
46852;1812;386;12;14;12;0
46853;1824;386;12;14;12;0
46854;1836;386;12;14;12;0
46855;1848;386;12;14;12;0
46856;1860;386;12;14;12;0
46857;1872;386;12;14;12;0
46858;1884;386;12;14;12;0
46859;1896;386;12;14;12;0
46860;1908;386;12;14;12;0
46861;1920;386;12;14;12;0
46862;1932;386;12;14;12;0
46863;1944;386;12;14;12;0
46864;1956;386;12;14;12;0
46865;1968;386;12;14;12;0
46866;1980;386;12;14;12;0
46867;1992;386;12;14;12;0
46868;2004;386;12;14;12;0
46869;2016;386;12;14;12;0
46870;2028;386;12;14;12;0
46871;0;402;12;14;12;0
46872;12;402;12;14;12;0
46873;24;402;12;14;12;0
46874;36;402;12;14;12;0
46875;48;402;12;14;12;0
46876;60;402;12;14;12;0
46877;72;402;12;14;12;0
46878;84;402;12;14;12;0
46879;96;402;12;14;12;0
46880;108;402;12;14;12;0
46881;120;402;12;14;12;0
46882;132;402;12;14;12;0
46883;144;402;12;14;12;0
46884;156;402;12;14;12;0
46885;168;402;12;14;12;0
46886;180;402;12;14;12;0
46887;192;402;12;14;12;0
46888;204;402;12;14;12;0
46889;216;402;12;14;12;0
46890;228;402;12;14;12;0
46891;240;402;12;14;12;0
46892;252;402;12;14;12;0
46893;264;402;12;14;12;0
46894;276;402;12;14;12;0
46895;288;402;12;14;12;0
46896;300;402;12;14;12;0
46897;312;402;12;14;12;0
46898;324;402;12;14;12;0
46899;336;402;12;14;12;0
46900;348;402;12;14;12;0
46901;360;402;12;14;12;0
46902;372;402;12;14;12;0
46903;384;402;12;14;12;0
46904;396;402;12;14;12;0
46905;408;402;12;14;12;0
46906;420;402;12;14;12;0
46907;432;402;12;14;12;0
46908;444;402;12;14;12;0
46909;456;402;12;14;12;0
46910;468;402;12;14;12;0
46911;480;402;12;14;12;0
46912;492;402;12;14;12;0
46913;504;402;12;14;12;0
46914;516;402;12;14;12;0
46915;528;402;12;14;12;0
46916;540;402;12;14;12;0
46917;552;402;12;14;12;0
46918;564;402;12;14;12;0
46919;576;402;12;14;12;0
46920;588;402;12;14;12;0
46921;600;402;12;14;12;0
46922;612;402;12;14;12;0
46923;624;402;12;14;12;0
46924;636;402;12;14;12;0
46925;648;402;12;14;12;0
46926;660;402;12;14;12;0
46927;672;402;12;14;12;0
46928;684;402;12;14;12;0
46929;696;402;12;14;12;0
46930;708;402;12;14;12;0
46931;720;402;12;14;12;0
46932;732;402;12;14;12;0
46933;744;402;12;14;12;0
46934;756;402;12;14;12;0
46935;768;402;12;14;12;0
46936;780;402;12;14;12;0
46937;792;402;12;14;12;0
46938;804;402;12;14;12;0
46939;816;402;12;14;12;0
46940;828;402;12;14;12;0
46941;840;402;12;14;12;0
46942;852;402;12;14;12;0
46943;864;402;12;14;12;0
46944;876;402;12;14;12;0
46945;888;402;12;14;12;0
46946;900;402;12;14;12;0
46947;912;402;12;14;12;0
46948;924;402;12;14;12;0
46949;936;402;12;14;12;0
46950;948;402;12;14;12;0
46951;960;402;12;14;12;0
46952;972;402;12;14;12;0
46953;984;402;12;14;12;0
46954;996;402;12;14;12;0
46955;1008;402;12;14;12;0
46956;1020;402;12;14;12;0
46957;1032;402;12;14;12;0
46958;1044;402;12;14;12;0
46959;1056;402;12;14;12;0
46960;1068;402;12;14;12;0
46961;1080;402;12;14;12;0
46962;1092;402;12;14;12;0
46963;1104;402;12;14;12;0
46964;1116;402;12;14;12;0
46965;1128;402;12;14;12;0
46966;1140;402;12;14;12;0
46967;1152;402;12;14;12;0
46968;1164;402;12;14;12;0
46969;1176;402;12;14;12;0
46970;1188;402;12;14;12;0
46971;1200;402;12;14;12;0
46972;1212;402;12;14;12;0
46973;1224;402;12;14;12;0
46974;1236;402;12;14;12;0
46975;1248;402;12;14;12;0
46976;1260;402;12;14;12;0
46977;1272;402;12;14;12;0
46978;1284;402;12;14;12;0
46979;1296;402;12;14;12;0
46980;1308;402;12;14;12;0
46981;1320;402;12;14;12;0
46982;1332;402;12;14;12;0
46983;1344;402;12;14;12;0
46984;1356;402;12;14;12;0
46985;1368;402;12;14;12;0
46986;1380;402;12;14;12;0
46987;1392;402;12;14;12;0
46988;1404;402;12;14;12;0
46989;1416;402;12;14;12;0
46990;1428;402;12;14;12;0
46991;1440;402;12;14;12;0
46992;1452;402;12;14;12;0
46993;1464;402;12;14;12;0
46994;1476;402;12;14;12;0
46995;1488;402;12;14;12;0
46996;1500;402;12;14;12;0
46997;1512;402;12;14;12;0
46998;1524;402;12;14;12;0
46999;1536;402;12;14;12;0
47000;1548;402;12;14;12;0
47001;1560;402;12;14;12;0
47002;1572;402;12;14;12;0
47003;1584;402;12;14;12;0
47004;1596;402;12;14;12;0
47005;1608;402;12;14;12;0
47006;1620;402;12;14;12;0
47007;1632;402;12;14;12;0
47008;1644;402;12;14;12;0
47009;1656;402;12;14;12;0
47010;1668;402;12;14;12;0
47011;1680;402;12;14;12;0
47012;1692;402;12;14;12;0
47013;1704;402;12;14;12;0
47014;1716;402;12;14;12;0
47015;1728;402;12;14;12;0
47016;1740;402;12;14;12;0
47017;1752;402;12;14;12;0
47018;1764;402;12;14;12;0
47019;1776;402;12;14;12;0
47020;1788;402;12;14;12;0
47021;1800;402;12;14;12;0
47022;1812;402;12;14;12;0
47023;1824;402;12;14;12;0
47024;1836;402;12;14;12;0
47025;1848;402;12;14;12;0
47026;1860;402;12;14;12;0
47027;1872;402;12;14;12;0
47028;1884;402;12;14;12;0
47029;1896;402;12;14;12;0
47030;1908;402;12;14;12;0
47031;1920;402;12;14;12;0
47032;1932;402;12;14;12;0
47033;1944;402;12;14;12;0
47034;1956;402;12;14;12;0
47035;1968;402;12;14;12;0
47036;1980;402;12;14;12;0
47037;1992;402;12;14;12;0
47038;2004;402;12;14;12;0
47039;2016;402;12;14;12;0
47040;2028;402;12;14;12;0
47041;0;418;12;14;12;0
47042;12;418;12;14;12;0
47043;24;418;12;14;12;0
47044;36;418;12;14;12;0
47045;48;418;12;14;12;0
47046;60;418;12;14;12;0
47047;72;418;12;14;12;0
47048;84;418;12;14;12;0
47049;96;418;12;14;12;0
47050;108;418;12;14;12;0
47051;120;418;12;14;12;0
47052;132;418;12;14;12;0
47053;144;418;12;14;12;0
47054;156;418;12;14;12;0
47055;168;418;12;14;12;0
47056;180;418;12;14;12;0
47057;192;418;12;14;12;0
47058;204;418;12;14;12;0
47059;216;418;12;14;12;0
47060;228;418;12;14;12;0
47061;240;418;12;14;12;0
47062;252;418;12;14;12;0
47063;264;418;12;14;12;0
47064;276;418;12;14;12;0
47065;288;418;12;14;12;0
47066;300;418;12;14;12;0
47067;312;418;12;14;12;0
47068;324;418;12;14;12;0
47069;336;418;12;14;12;0
47070;348;418;12;14;12;0
47071;360;418;12;14;12;0
47072;372;418;12;14;12;0
47073;384;418;12;14;12;0
47074;396;418;12;14;12;0
47075;408;418;12;14;12;0
47076;420;418;12;14;12;0
47077;432;418;12;14;12;0
47078;444;418;12;14;12;0
47079;456;418;12;14;12;0
47080;468;418;12;14;12;0
47081;480;418;12;14;12;0
47082;492;418;12;14;12;0
47083;504;418;12;14;12;0
47084;516;418;12;14;12;0
47085;528;418;12;14;12;0
47086;540;418;12;14;12;0
47087;552;418;12;14;12;0
47088;564;418;12;14;12;0
47089;576;418;12;14;12;0
47090;588;418;12;14;12;0
47091;600;418;12;14;12;0
47092;612;418;12;14;12;0
47093;624;418;12;14;12;0
47094;636;418;12;14;12;0
47095;648;418;12;14;12;0
47096;660;418;12;14;12;0
47097;672;418;12;14;12;0
47098;684;418;12;14;12;0
47099;696;418;12;14;12;0
47100;708;418;12;14;12;0
47101;720;418;12;14;12;0
47102;732;418;12;14;12;0
47103;744;418;12;14;12;0
47104;756;418;12;14;12;0
47105;768;418;12;14;12;0
47106;780;418;12;14;12;0
47107;792;418;12;14;12;0
47108;804;418;12;14;12;0
47109;816;418;12;14;12;0
47110;828;418;12;14;12;0
47111;840;418;12;14;12;0
47112;852;418;12;14;12;0
47113;864;418;12;14;12;0
47114;876;418;12;14;12;0
47115;888;418;12;14;12;0
47116;900;418;12;14;12;0
47117;912;418;12;14;12;0
47118;924;418;12;14;12;0
47119;936;418;12;14;12;0
47120;948;418;12;14;12;0
47121;960;418;12;14;12;0
47122;972;418;12;14;12;0
47123;984;418;12;14;12;0
47124;996;418;12;14;12;0
47125;1008;418;12;14;12;0
47126;1020;418;12;14;12;0
47127;1032;418;12;14;12;0
47128;1044;418;12;14;12;0
47129;1056;418;12;14;12;0
47130;1068;418;12;14;12;0
47131;1080;418;12;14;12;0
47132;1092;418;12;14;12;0
47133;1104;418;12;14;12;0
47134;1116;418;12;14;12;0
47135;1128;418;12;14;12;0
47136;1140;418;12;14;12;0
47137;1152;418;12;14;12;0
47138;1164;418;12;14;12;0
47139;1176;418;12;14;12;0
47140;1188;418;12;14;12;0
47141;1200;418;12;14;12;0
47142;1212;418;12;14;12;0
47143;1224;418;12;14;12;0
47144;1236;418;12;14;12;0
47145;1248;418;12;14;12;0
47146;1260;418;12;14;12;0
47147;1272;418;12;14;12;0
47148;1284;418;12;14;12;0
47149;1296;418;12;14;12;0
47150;1308;418;12;14;12;0
47151;1320;418;12;14;12;0
47152;1332;418;12;14;12;0
47153;1344;418;12;14;12;0
47154;1356;418;12;14;12;0
47155;1368;418;12;14;12;0
47156;1380;418;12;14;12;0
47157;1392;418;12;14;12;0
47158;1404;418;12;14;12;0
47159;1416;418;12;14;12;0
47160;1428;418;12;14;12;0
47161;1440;418;12;14;12;0
47162;1452;418;12;14;12;0
47163;1464;418;12;14;12;0
47164;1476;418;12;14;12;0
47165;1488;418;12;14;12;0
47166;1500;418;12;14;12;0
47167;1512;418;12;14;12;0
47168;1524;418;12;14;12;0
47169;1536;418;12;14;12;0
47170;1548;418;12;14;12;0
47171;1560;418;12;14;12;0
47172;1572;418;12;14;12;0
47173;1584;418;12;14;12;0
47174;1596;418;12;14;12;0
47175;1608;418;12;14;12;0
47176;1620;418;12;14;12;0
47177;1632;418;12;14;12;0
47178;1644;418;12;14;12;0
47179;1656;418;12;14;12;0
47180;1668;418;12;14;12;0
47181;1680;418;12;14;12;0
47182;1692;418;12;14;12;0
47183;1704;418;12;14;12;0
47184;1716;418;12;14;12;0
47185;1728;418;12;14;12;0
47186;1740;418;12;14;12;0
47187;1752;418;12;14;12;0
47188;1764;418;12;14;12;0
47189;1776;418;12;14;12;0
47190;1788;418;12;14;12;0
47191;1800;418;12;14;12;0
47192;1812;418;12;14;12;0
47193;1824;418;12;14;12;0
47194;1836;418;12;14;12;0
47195;1848;418;12;14;12;0
47196;1860;418;12;14;12;0
47197;1872;418;12;14;12;0
47198;1884;418;12;14;12;0
47199;1896;418;12;14;12;0
47200;1908;418;12;14;12;0
47201;1920;418;12;14;12;0
47202;1932;418;12;14;12;0
47203;1944;418;12;14;12;0
47204;1956;418;12;14;12;0
47205;1968;418;12;14;12;0
47206;1980;418;12;14;12;0
47207;1992;418;12;14;12;0
47208;2004;418;12;14;12;0
47209;2016;418;12;14;12;0
47210;2028;418;12;14;12;0
47211;0;434;12;14;12;0
47212;12;434;12;14;12;0
47213;24;434;12;14;12;0
47214;36;434;12;14;12;0
47215;48;434;12;14;12;0
47216;60;434;12;14;12;0
47217;72;434;12;14;12;0
47218;84;434;12;14;12;0
47219;96;434;12;14;12;0
47220;108;434;12;14;12;0
47221;120;434;12;14;12;0
47222;132;434;12;14;12;0
47223;144;434;12;14;12;0
47224;156;434;12;14;12;0
47225;168;434;12;14;12;0
47226;180;434;12;14;12;0
47227;192;434;12;14;12;0
47228;204;434;12;14;12;0
47229;216;434;12;14;12;0
47230;228;434;12;14;12;0
47231;240;434;12;14;12;0
47232;252;434;12;14;12;0
47233;264;434;12;14;12;0
47234;276;434;12;14;12;0
47235;288;434;12;14;12;0
47236;300;434;12;14;12;0
47237;312;434;12;14;12;0
47238;324;434;12;14;12;0
47239;336;434;12;14;12;0
47240;348;434;12;14;12;0
47241;360;434;12;14;12;0
47242;372;434;12;14;12;0
47243;384;434;12;14;12;0
47244;396;434;12;14;12;0
47245;408;434;12;14;12;0
47246;420;434;12;14;12;0
47247;432;434;12;14;12;0
47248;444;434;12;14;12;0
47249;456;434;12;14;12;0
47250;468;434;12;14;12;0
47251;480;434;12;14;12;0
47252;492;434;12;14;12;0
47253;504;434;12;14;12;0
47254;516;434;12;14;12;0
47255;528;434;12;14;12;0
47256;540;434;12;14;12;0
47257;552;434;12;14;12;0
47258;564;434;12;14;12;0
47259;576;434;12;14;12;0
47260;588;434;12;14;12;0
47261;600;434;12;14;12;0
47262;612;434;12;14;12;0
47263;624;434;12;14;12;0
47264;636;434;12;14;12;0
47265;648;434;12;14;12;0
47266;660;434;12;14;12;0
47267;672;434;12;14;12;0
47268;684;434;12;14;12;0
47269;696;434;12;14;12;0
47270;708;434;12;14;12;0
47271;720;434;12;14;12;0
47272;732;434;12;14;12;0
47273;744;434;12;14;12;0
47274;756;434;12;14;12;0
47275;768;434;12;14;12;0
47276;780;434;12;14;12;0
47277;792;434;12;14;12;0
47278;804;434;12;14;12;0
47279;816;434;12;14;12;0
47280;828;434;12;14;12;0
47281;840;434;12;14;12;0
47282;852;434;12;14;12;0
47283;864;434;12;14;12;0
47284;876;434;12;14;12;0
47285;888;434;12;14;12;0
47286;900;434;12;14;12;0
47287;912;434;12;14;12;0
47288;924;434;12;14;12;0
47289;936;434;12;14;12;0
47290;948;434;12;14;12;0
47291;960;434;12;14;12;0
47292;972;434;12;14;12;0
47293;984;434;12;14;12;0
47294;996;434;12;14;12;0
47295;1008;434;12;14;12;0
47296;1020;434;12;14;12;0
47297;1032;434;12;14;12;0
47298;1044;434;12;14;12;0
47299;1056;434;12;14;12;0
47300;1068;434;12;14;12;0
47301;1080;434;12;14;12;0
47302;1092;434;12;14;12;0
47303;1104;434;12;14;12;0
47304;1116;434;12;14;12;0
47305;1128;434;12;14;12;0
47306;1140;434;12;14;12;0
47307;1152;434;12;14;12;0
47308;1164;434;12;14;12;0
47309;1176;434;12;14;12;0
47310;1188;434;12;14;12;0
47311;1200;434;12;14;12;0
47312;1212;434;12;14;12;0
47313;1224;434;12;14;12;0
47314;1236;434;12;14;12;0
47315;1248;434;12;14;12;0
47316;1260;434;12;14;12;0
47317;1272;434;12;14;12;0
47318;1284;434;12;14;12;0
47319;1296;434;12;14;12;0
47320;1308;434;12;14;12;0
47321;1320;434;12;14;12;0
47322;1332;434;12;14;12;0
47323;1344;434;12;14;12;0
47324;1356;434;12;14;12;0
47325;1368;434;12;14;12;0
47326;1380;434;12;14;12;0
47327;1392;434;12;14;12;0
47328;1404;434;12;14;12;0
47329;1416;434;12;14;12;0
47330;1428;434;12;14;12;0
47331;1440;434;12;14;12;0
47332;1452;434;12;14;12;0
47333;1464;434;12;14;12;0
47334;1476;434;12;14;12;0
47335;1488;434;12;14;12;0
47336;1500;434;12;14;12;0
47337;1512;434;12;14;12;0
47338;1524;434;12;14;12;0
47339;1536;434;12;14;12;0
47340;1548;434;12;14;12;0
47341;1560;434;12;14;12;0
47342;1572;434;12;14;12;0
47343;1584;434;12;14;12;0
47344;1596;434;12;14;12;0
47345;1608;434;12;14;12;0
47346;1620;434;12;14;12;0
47347;1632;434;12;14;12;0
47348;1644;434;12;14;12;0
47349;1656;434;12;14;12;0
47350;1668;434;12;14;12;0
47351;1680;434;12;14;12;0
47352;1692;434;12;14;12;0
47353;1704;434;12;14;12;0
47354;1716;434;12;14;12;0
47355;1728;434;12;14;12;0
47356;1740;434;12;14;12;0
47357;1752;434;12;14;12;0
47358;1764;434;12;14;12;0
47359;1776;434;12;14;12;0
47360;1788;434;12;14;12;0
47361;1800;434;12;14;12;0
47362;1812;434;12;14;12;0
47363;1824;434;12;14;12;0
47364;1836;434;12;14;12;0
47365;1848;434;12;14;12;0
47366;1860;434;12;14;12;0
47367;1872;434;12;14;12;0
47368;1884;434;12;14;12;0
47369;1896;434;12;14;12;0
47370;1908;434;12;14;12;0
47371;1920;434;12;14;12;0
47372;1932;434;12;14;12;0
47373;1944;434;12;14;12;0
47374;1956;434;12;14;12;0
47375;1968;434;12;14;12;0
47376;1980;434;12;14;12;0
47377;1992;434;12;14;12;0
47378;2004;434;12;14;12;0
47379;2016;434;12;14;12;0
47380;2028;434;12;14;12;0
47381;0;450;12;14;12;0
47382;12;450;12;14;12;0
47383;24;450;12;14;12;0
47384;36;450;12;14;12;0
47385;48;450;12;14;12;0
47386;60;450;12;14;12;0
47387;72;450;12;14;12;0
47388;84;450;12;14;12;0
47389;96;450;12;14;12;0
47390;108;450;12;14;12;0
47391;120;450;12;14;12;0
47392;132;450;12;14;12;0
47393;144;450;12;14;12;0
47394;156;450;12;14;12;0
47395;168;450;12;14;12;0
47396;180;450;12;14;12;0
47397;192;450;12;14;12;0
47398;204;450;12;14;12;0
47399;216;450;12;14;12;0
47400;228;450;12;14;12;0
47401;240;450;12;14;12;0
47402;252;450;12;14;12;0
47403;264;450;12;14;12;0
47404;276;450;12;14;12;0
47405;288;450;12;14;12;0
47406;300;450;12;14;12;0
47407;312;450;12;14;12;0
47408;324;450;12;14;12;0
47409;336;450;12;14;12;0
47410;348;450;12;14;12;0
47411;360;450;12;14;12;0
47412;372;450;12;14;12;0
47413;384;450;12;14;12;0
47414;396;450;12;14;12;0
47415;408;450;12;14;12;0
47416;420;450;12;14;12;0
47417;432;450;12;14;12;0
47418;444;450;12;14;12;0
47419;456;450;12;14;12;0
47420;468;450;12;14;12;0
47421;480;450;12;14;12;0
47422;492;450;12;14;12;0
47423;504;450;12;14;12;0
47424;516;450;12;14;12;0
47425;528;450;12;14;12;0
47426;540;450;12;14;12;0
47427;552;450;12;14;12;0
47428;564;450;12;14;12;0
47429;576;450;12;14;12;0
47430;588;450;12;14;12;0
47431;600;450;12;14;12;0
47432;612;450;12;14;12;0
47433;624;450;12;14;12;0
47434;636;450;12;14;12;0
47435;648;450;12;14;12;0
47436;660;450;12;14;12;0
47437;672;450;12;14;12;0
47438;684;450;12;14;12;0
47439;696;450;12;14;12;0
47440;708;450;12;14;12;0
47441;720;450;12;14;12;0
47442;732;450;12;14;12;0
47443;744;450;12;14;12;0
47444;756;450;12;14;12;0
47445;768;450;12;14;12;0
47446;780;450;12;14;12;0
47447;792;450;12;14;12;0
47448;804;450;12;14;12;0
47449;816;450;12;14;12;0
47450;828;450;12;14;12;0
47451;840;450;12;14;12;0
47452;852;450;12;14;12;0
47453;864;450;12;14;12;0
47454;876;450;12;14;12;0
47455;888;450;12;14;12;0
47456;900;450;12;14;12;0
47457;912;450;12;14;12;0
47458;924;450;12;14;12;0
47459;936;450;12;14;12;0
47460;948;450;12;14;12;0
47461;960;450;12;14;12;0
47462;972;450;12;14;12;0
47463;984;450;12;14;12;0
47464;996;450;12;14;12;0
47465;1008;450;12;14;12;0
47466;1020;450;12;14;12;0
47467;1032;450;12;14;12;0
47468;1044;450;12;14;12;0
47469;1056;450;12;14;12;0
47470;1068;450;12;14;12;0
47471;1080;450;12;14;12;0
47472;1092;450;12;14;12;0
47473;1104;450;12;14;12;0
47474;1116;450;12;14;12;0
47475;1128;450;12;14;12;0
47476;1140;450;12;14;12;0
47477;1152;450;12;14;12;0
47478;1164;450;12;14;12;0
47479;1176;450;12;14;12;0
47480;1188;450;12;14;12;0
47481;1200;450;12;14;12;0
47482;1212;450;12;14;12;0
47483;1224;450;12;14;12;0
47484;1236;450;12;14;12;0
47485;1248;450;12;14;12;0
47486;1260;450;12;14;12;0
47487;1272;450;12;14;12;0
47488;1284;450;12;14;12;0
47489;1296;450;12;14;12;0
47490;1308;450;12;14;12;0
47491;1320;450;12;14;12;0
47492;1332;450;12;14;12;0
47493;1344;450;12;14;12;0
47494;1356;450;12;14;12;0
47495;1368;450;12;14;12;0
47496;1380;450;12;14;12;0
47497;1392;450;12;14;12;0
47498;1404;450;12;14;12;0
47499;1416;450;12;14;12;0
47500;1428;450;12;14;12;0
47501;1440;450;12;14;12;0
47502;1452;450;12;14;12;0
47503;1464;450;12;14;12;0
47504;1476;450;12;14;12;0
47505;1488;450;12;14;12;0
47506;1500;450;12;14;12;0
47507;1512;450;12;14;12;0
47508;1524;450;12;14;12;0
47509;1536;450;12;14;12;0
47510;1548;450;12;14;12;0
47511;1560;450;12;14;12;0
47512;1572;450;12;14;12;0
47513;1584;450;12;14;12;0
47514;1596;450;12;14;12;0
47515;1608;450;12;14;12;0
47516;1620;450;12;14;12;0
47517;1632;450;12;14;12;0
47518;1644;450;12;14;12;0
47519;1656;450;12;14;12;0
47520;1668;450;12;14;12;0
47521;1680;450;12;14;12;0
47522;1692;450;12;14;12;0
47523;1704;450;12;14;12;0
47524;1716;450;12;14;12;0
47525;1728;450;12;14;12;0
47526;1740;450;12;14;12;0
47527;1752;450;12;14;12;0
47528;1764;450;12;14;12;0
47529;1776;450;12;14;12;0
47530;1788;450;12;14;12;0
47531;1800;450;12;14;12;0
47532;1812;450;12;14;12;0
47533;1824;450;12;14;12;0
47534;1836;450;12;14;12;0
47535;1848;450;12;14;12;0
47536;1860;450;12;14;12;0
47537;1872;450;12;14;12;0
47538;1884;450;12;14;12;0
47539;1896;450;12;14;12;0
47540;1908;450;12;14;12;0
47541;1920;450;12;14;12;0
47542;1932;450;12;14;12;0
47543;1944;450;12;14;12;0
47544;1956;450;12;14;12;0
47545;1968;450;12;14;12;0
47546;1980;450;12;14;12;0
47547;1992;450;12;14;12;0
47548;2004;450;12;14;12;0
47549;2016;450;12;14;12;0
47550;2028;450;12;14;12;0
47551;0;466;12;14;12;0
47552;12;466;12;14;12;0
47553;24;466;12;14;12;0
47554;36;466;12;14;12;0
47555;48;466;12;14;12;0
47556;60;466;12;14;12;0
47557;72;466;12;14;12;0
47558;84;466;12;14;12;0
47559;96;466;12;14;12;0
47560;108;466;12;14;12;0
47561;120;466;12;14;12;0
47562;132;466;12;14;12;0
47563;144;466;12;14;12;0
47564;156;466;12;14;12;0
47565;168;466;12;14;12;0
47566;180;466;12;14;12;0
47567;192;466;12;14;12;0
47568;204;466;12;14;12;0
47569;216;466;12;14;12;0
47570;228;466;12;14;12;0
47571;240;466;12;14;12;0
47572;252;466;12;14;12;0
47573;264;466;12;14;12;0
47574;276;466;12;14;12;0
47575;288;466;12;14;12;0
47576;300;466;12;14;12;0
47577;312;466;12;14;12;0
47578;324;466;12;14;12;0
47579;336;466;12;14;12;0
47580;348;466;12;14;12;0
47581;360;466;12;14;12;0
47582;372;466;12;14;12;0
47583;384;466;12;14;12;0
47584;396;466;12;14;12;0
47585;408;466;12;14;12;0
47586;420;466;12;14;12;0
47587;432;466;12;14;12;0
47588;444;466;12;14;12;0
47589;456;466;12;14;12;0
47590;468;466;12;14;12;0
47591;480;466;12;14;12;0
47592;492;466;12;14;12;0
47593;504;466;12;14;12;0
47594;516;466;12;14;12;0
47595;528;466;12;14;12;0
47596;540;466;12;14;12;0
47597;552;466;12;14;12;0
47598;564;466;12;14;12;0
47599;576;466;12;14;12;0
47600;588;466;12;14;12;0
47601;600;466;12;14;12;0
47602;612;466;12;14;12;0
47603;624;466;12;14;12;0
47604;636;466;12;14;12;0
47605;648;466;12;14;12;0
47606;660;466;12;14;12;0
47607;672;466;12;14;12;0
47608;684;466;12;14;12;0
47609;696;466;12;14;12;0
47610;708;466;12;14;12;0
47611;720;466;12;14;12;0
47612;732;466;12;14;12;0
47613;744;466;12;14;12;0
47614;756;466;12;14;12;0
47615;768;466;12;14;12;0
47616;780;466;12;14;12;0
47617;792;466;12;14;12;0
47618;804;466;12;14;12;0
47619;816;466;12;14;12;0
47620;828;466;12;14;12;0
47621;840;466;12;14;12;0
47622;852;466;12;14;12;0
47623;864;466;12;14;12;0
47624;876;466;12;14;12;0
47625;888;466;12;14;12;0
47626;900;466;12;14;12;0
47627;912;466;12;14;12;0
47628;924;466;12;14;12;0
47629;936;466;12;14;12;0
47630;948;466;12;14;12;0
47631;960;466;12;14;12;0
47632;972;466;12;14;12;0
47633;984;466;12;14;12;0
47634;996;466;12;14;12;0
47635;1008;466;12;14;12;0
47636;1020;466;12;14;12;0
47637;1032;466;12;14;12;0
47638;1044;466;12;14;12;0
47639;1056;466;12;14;12;0
47640;1068;466;12;14;12;0
47641;1080;466;12;14;12;0
47642;1092;466;12;14;12;0
47643;1104;466;12;14;12;0
47644;1116;466;12;14;12;0
47645;1128;466;12;14;12;0
47646;1140;466;12;14;12;0
47647;1152;466;12;14;12;0
47648;1164;466;12;14;12;0
47649;1176;466;12;14;12;0
47650;1188;466;12;14;12;0
47651;1200;466;12;14;12;0
47652;1212;466;12;14;12;0
47653;1224;466;12;14;12;0
47654;1236;466;12;14;12;0
47655;1248;466;12;14;12;0
47656;1260;466;12;14;12;0
47657;1272;466;12;14;12;0
47658;1284;466;12;14;12;0
47659;1296;466;12;14;12;0
47660;1308;466;12;14;12;0
47661;1320;466;12;14;12;0
47662;1332;466;12;14;12;0
47663;1344;466;12;14;12;0
47664;1356;466;12;14;12;0
47665;1368;466;12;14;12;0
47666;1380;466;12;14;12;0
47667;1392;466;12;14;12;0
47668;1404;466;12;14;12;0
47669;1416;466;12;14;12;0
47670;1428;466;12;14;12;0
47671;1440;466;12;14;12;0
47672;1452;466;12;14;12;0
47673;1464;466;12;14;12;0
47674;1476;466;12;14;12;0
47675;1488;466;12;14;12;0
47676;1500;466;12;14;12;0
47677;1512;466;12;14;12;0
47678;1524;466;12;14;12;0
47679;1536;466;12;14;12;0
47680;1548;466;12;14;12;0
47681;1560;466;12;14;12;0
47682;1572;466;12;14;12;0
47683;1584;466;12;14;12;0
47684;1596;466;12;14;12;0
47685;1608;466;12;14;12;0
47686;1620;466;12;14;12;0
47687;1632;466;12;14;12;0
47688;1644;466;12;14;12;0
47689;1656;466;12;14;12;0
47690;1668;466;12;14;12;0
47691;1680;466;12;14;12;0
47692;1692;466;12;14;12;0
47693;1704;466;12;14;12;0
47694;1716;466;12;14;12;0
47695;1728;466;12;14;12;0
47696;1740;466;12;14;12;0
47697;1752;466;12;14;12;0
47698;1764;466;12;14;12;0
47699;1776;466;12;14;12;0
47700;1788;466;12;14;12;0
47701;1800;466;12;14;12;0
47702;1812;466;12;14;12;0
47703;1824;466;12;14;12;0
47704;1836;466;12;14;12;0
47705;1848;466;12;14;12;0
47706;1860;466;12;14;12;0
47707;1872;466;12;14;12;0
47708;1884;466;12;14;12;0
47709;1896;466;12;14;12;0
47710;1908;466;12;14;12;0
47711;1920;466;12;14;12;0
47712;1932;466;12;14;12;0
47713;1944;466;12;14;12;0
47714;1956;466;12;14;12;0
47715;1968;466;12;14;12;0
47716;1980;466;12;14;12;0
47717;1992;466;12;14;12;0
47718;2004;466;12;14;12;0
47719;2016;466;12;14;12;0
47720;2028;466;12;14;12;0
47721;0;482;12;14;12;0
47722;12;482;12;14;12;0
47723;24;482;12;14;12;0
47724;36;482;12;14;12;0
47725;48;482;12;14;12;0
47726;60;482;12;14;12;0
47727;72;482;12;14;12;0
47728;84;482;12;14;12;0
47729;96;482;12;14;12;0
47730;108;482;12;14;12;0
47731;120;482;12;14;12;0
47732;132;482;12;14;12;0
47733;144;482;12;14;12;0
47734;156;482;12;14;12;0
47735;168;482;12;14;12;0
47736;180;482;12;14;12;0
47737;192;482;12;14;12;0
47738;204;482;12;14;12;0
47739;216;482;12;14;12;0
47740;228;482;12;14;12;0
47741;240;482;12;14;12;0
47742;252;482;12;14;12;0
47743;264;482;12;14;12;0
47744;276;482;12;14;12;0
47745;288;482;12;14;12;0
47746;300;482;12;14;12;0
47747;312;482;12;14;12;0
47748;324;482;12;14;12;0
47749;336;482;12;14;12;0
47750;348;482;12;14;12;0
47751;360;482;12;14;12;0
47752;372;482;12;14;12;0
47753;384;482;12;14;12;0
47754;396;482;12;14;12;0
47755;408;482;12;14;12;0
47756;420;482;12;14;12;0
47757;432;482;12;14;12;0
47758;444;482;12;14;12;0
47759;456;482;12;14;12;0
47760;468;482;12;14;12;0
47761;480;482;12;14;12;0
47762;492;482;12;14;12;0
47763;504;482;12;14;12;0
47764;516;482;12;14;12;0
47765;528;482;12;14;12;0
47766;540;482;12;14;12;0
47767;552;482;12;14;12;0
47768;564;482;12;14;12;0
47769;576;482;12;14;12;0
47770;588;482;12;14;12;0
47771;600;482;12;14;12;0
47772;612;482;12;14;12;0
47773;624;482;12;14;12;0
47774;636;482;12;14;12;0
47775;648;482;12;14;12;0
47776;660;482;12;14;12;0
47777;672;482;12;14;12;0
47778;684;482;12;14;12;0
47779;696;482;12;14;12;0
47780;708;482;12;14;12;0
47781;720;482;12;14;12;0
47782;732;482;12;14;12;0
47783;744;482;12;14;12;0
47784;756;482;12;14;12;0
47785;768;482;12;14;12;0
47786;780;482;12;14;12;0
47787;792;482;12;14;12;0
47788;804;482;12;14;12;0
47789;816;482;12;14;12;0
47790;828;482;12;14;12;0
47791;840;482;12;14;12;0
47792;852;482;12;14;12;0
47793;864;482;12;14;12;0
47794;876;482;12;14;12;0
47795;888;482;12;14;12;0
47796;900;482;12;14;12;0
47797;912;482;12;14;12;0
47798;924;482;12;14;12;0
47799;936;482;12;14;12;0
47800;948;482;12;14;12;0
47801;960;482;12;14;12;0
47802;972;482;12;14;12;0
47803;984;482;12;14;12;0
47804;996;482;12;14;12;0
47805;1008;482;12;14;12;0
47806;1020;482;12;14;12;0
47807;1032;482;12;14;12;0
47808;1044;482;12;14;12;0
47809;1056;482;12;14;12;0
47810;1068;482;12;14;12;0
47811;1080;482;12;14;12;0
47812;1092;482;12;14;12;0
47813;1104;482;12;14;12;0
47814;1116;482;12;14;12;0
47815;1128;482;12;14;12;0
47816;1140;482;12;14;12;0
47817;1152;482;12;14;12;0
47818;1164;482;12;14;12;0
47819;1176;482;12;14;12;0
47820;1188;482;12;14;12;0
47821;1200;482;12;14;12;0
47822;1212;482;12;14;12;0
47823;1224;482;12;14;12;0
47824;1236;482;12;14;12;0
47825;1248;482;12;14;12;0
47826;1260;482;12;14;12;0
47827;1272;482;12;14;12;0
47828;1284;482;12;14;12;0
47829;1296;482;12;14;12;0
47830;1308;482;12;14;12;0
47831;1320;482;12;14;12;0
47832;1332;482;12;14;12;0
47833;1344;482;12;14;12;0
47834;1356;482;12;14;12;0
47835;1368;482;12;14;12;0
47836;1380;482;12;14;12;0
47837;1392;482;12;14;12;0
47838;1404;482;12;14;12;0
47839;1416;482;12;14;12;0
47840;1428;482;12;14;12;0
47841;1440;482;12;14;12;0
47842;1452;482;12;14;12;0
47843;1464;482;12;14;12;0
47844;1476;482;12;14;12;0
47845;1488;482;12;14;12;0
47846;1500;482;12;14;12;0
47847;1512;482;12;14;12;0
47848;1524;482;12;14;12;0
47849;1536;482;12;14;12;0
47850;1548;482;12;14;12;0
47851;1560;482;12;14;12;0
47852;1572;482;12;14;12;0
47853;1584;482;12;14;12;0
47854;1596;482;12;14;12;0
47855;1608;482;12;14;12;0
47856;1620;482;12;14;12;0
47857;1632;482;12;14;12;0
47858;1644;482;12;14;12;0
47859;1656;482;12;14;12;0
47860;1668;482;12;14;12;0
47861;1680;482;12;14;12;0
47862;1692;482;12;14;12;0
47863;1704;482;12;14;12;0
47864;1716;482;12;14;12;0
47865;1728;482;12;14;12;0
47866;1740;482;12;14;12;0
47867;1752;482;12;14;12;0
47868;1764;482;12;14;12;0
47869;1776;482;12;14;12;0
47870;1788;482;12;14;12;0
47871;1800;482;12;14;12;0
47872;1812;482;12;14;12;0
47873;1824;482;12;14;12;0
47874;1836;482;12;14;12;0
47875;1848;482;12;14;12;0
47876;1860;482;12;14;12;0
47877;1872;482;12;14;12;0
47878;1884;482;12;14;12;0
47879;1896;482;12;14;12;0
47880;1908;482;12;14;12;0
47881;1920;482;12;14;12;0
47882;1932;482;12;14;12;0
47883;1944;482;12;14;12;0
47884;1956;482;12;14;12;0
47885;1968;482;12;14;12;0
47886;1980;482;12;14;12;0
47887;1992;482;12;14;12;0
47888;2004;482;12;14;12;0
47889;2016;482;12;14;12;0
47890;2028;482;12;14;12;0
47891;0;498;12;14;12;0
47892;12;498;12;14;12;0
47893;24;498;12;14;12;0
47894;36;498;12;14;12;0
47895;48;498;12;14;12;0
47896;60;498;12;14;12;0
47897;72;498;12;14;12;0
47898;84;498;12;14;12;0
47899;96;498;12;14;12;0
47900;108;498;12;14;12;0
47901;120;498;12;14;12;0
47902;132;498;12;14;12;0
47903;144;498;12;14;12;0
47904;156;498;12;14;12;0
47905;168;498;12;14;12;0
47906;180;498;12;14;12;0
47907;192;498;12;14;12;0
47908;204;498;12;14;12;0
47909;216;498;12;14;12;0
47910;228;498;12;14;12;0
47911;240;498;12;14;12;0
47912;252;498;12;14;12;0
47913;264;498;12;14;12;0
47914;276;498;12;14;12;0
47915;288;498;12;14;12;0
47916;300;498;12;14;12;0
47917;312;498;12;14;12;0
47918;324;498;12;14;12;0
47919;336;498;12;14;12;0
47920;348;498;12;14;12;0
47921;360;498;12;14;12;0
47922;372;498;12;14;12;0
47923;384;498;12;14;12;0
47924;396;498;12;14;12;0
47925;408;498;12;14;12;0
47926;420;498;12;14;12;0
47927;432;498;12;14;12;0
47928;444;498;12;14;12;0
47929;456;498;12;14;12;0
47930;468;498;12;14;12;0
47931;480;498;12;14;12;0
47932;492;498;12;14;12;0
47933;504;498;12;14;12;0
47934;516;498;12;14;12;0
47935;528;498;12;14;12;0
47936;540;498;12;14;12;0
47937;552;498;12;14;12;0
47938;564;498;12;14;12;0
47939;576;498;12;14;12;0
47940;588;498;12;14;12;0
47941;600;498;12;14;12;0
47942;612;498;12;14;12;0
47943;624;498;12;14;12;0
47944;636;498;12;14;12;0
47945;648;498;12;14;12;0
47946;660;498;12;14;12;0
47947;672;498;12;14;12;0
47948;684;498;12;14;12;0
47949;696;498;12;14;12;0
47950;708;498;12;14;12;0
47951;720;498;12;14;12;0
47952;732;498;12;14;12;0
47953;744;498;12;14;12;0
47954;756;498;12;14;12;0
47955;768;498;12;14;12;0
47956;780;498;12;14;12;0
47957;792;498;12;14;12;0
47958;804;498;12;14;12;0
47959;816;498;12;14;12;0
47960;828;498;12;14;12;0
47961;840;498;12;14;12;0
47962;852;498;12;14;12;0
47963;864;498;12;14;12;0
47964;876;498;12;14;12;0
47965;888;498;12;14;12;0
47966;900;498;12;14;12;0
47967;912;498;12;14;12;0
47968;924;498;12;14;12;0
47969;936;498;12;14;12;0
47970;948;498;12;14;12;0
47971;960;498;12;14;12;0
47972;972;498;12;14;12;0
47973;984;498;12;14;12;0
47974;996;498;12;14;12;0
47975;1008;498;12;14;12;0
47976;1020;498;12;14;12;0
47977;1032;498;12;14;12;0
47978;1044;498;12;14;12;0
47979;1056;498;12;14;12;0
47980;1068;498;12;14;12;0
47981;1080;498;12;14;12;0
47982;1092;498;12;14;12;0
47983;1104;498;12;14;12;0
47984;1116;498;12;14;12;0
47985;1128;498;12;14;12;0
47986;1140;498;12;14;12;0
47987;1152;498;12;14;12;0
47988;1164;498;12;14;12;0
47989;1176;498;12;14;12;0
47990;1188;498;12;14;12;0
47991;1200;498;12;14;12;0
47992;1212;498;12;14;12;0
47993;1224;498;12;14;12;0
47994;1236;498;12;14;12;0
47995;1248;498;12;14;12;0
47996;1260;498;12;14;12;0
47997;1272;498;12;14;12;0
47998;1284;498;12;14;12;0
47999;1296;498;12;14;12;0
48000;1308;498;12;14;12;0
48001;1320;498;12;14;12;0
48002;1332;498;12;14;12;0
48003;1344;498;12;14;12;0
48004;1356;498;12;14;12;0
48005;1368;498;12;14;12;0
48006;1380;498;12;14;12;0
48007;1392;498;12;14;12;0
48008;1404;498;12;14;12;0
48009;1416;498;12;14;12;0
48010;1428;498;12;14;12;0
48011;1440;498;12;14;12;0
48012;1452;498;12;14;12;0
48013;1464;498;12;14;12;0
48014;1476;498;12;14;12;0
48015;1488;498;12;14;12;0
48016;1500;498;12;14;12;0
48017;1512;498;12;14;12;0
48018;1524;498;12;14;12;0
48019;1536;498;12;14;12;0
48020;1548;498;12;14;12;0
48021;1560;498;12;14;12;0
48022;1572;498;12;14;12;0
48023;1584;498;12;14;12;0
48024;1596;498;12;14;12;0
48025;1608;498;12;14;12;0
48026;1620;498;12;14;12;0
48027;1632;498;12;14;12;0
48028;1644;498;12;14;12;0
48029;1656;498;12;14;12;0
48030;1668;498;12;14;12;0
48031;1680;498;12;14;12;0
48032;1692;498;12;14;12;0
48033;1704;498;12;14;12;0
48034;1716;498;12;14;12;0
48035;1728;498;12;14;12;0
48036;1740;498;12;14;12;0
48037;1752;498;12;14;12;0
48038;1764;498;12;14;12;0
48039;1776;498;12;14;12;0
48040;1788;498;12;14;12;0
48041;1800;498;12;14;12;0
48042;1812;498;12;14;12;0
48043;1824;498;12;14;12;0
48044;1836;498;12;14;12;0
48045;1848;498;12;14;12;0
48046;1860;498;12;14;12;0
48047;1872;498;12;14;12;0
48048;1884;498;12;14;12;0
48049;1896;498;12;14;12;0
48050;1908;498;12;14;12;0
48051;1920;498;12;14;12;0
48052;1932;498;12;14;12;0
48053;1944;498;12;14;12;0
48054;1956;498;12;14;12;0
48055;1968;498;12;14;12;0
48056;1980;498;12;14;12;0
48057;1992;498;12;14;12;0
48058;2004;498;12;14;12;0
48059;2016;498;12;14;12;0
48060;2028;498;12;14;12;0
48061;0;514;12;14;12;0
48062;12;514;12;14;12;0
48063;24;514;12;14;12;0
48064;36;514;12;14;12;0
48065;48;514;12;14;12;0
48066;60;514;12;14;12;0
48067;72;514;12;14;12;0
48068;84;514;12;14;12;0
48069;96;514;12;14;12;0
48070;108;514;12;14;12;0
48071;120;514;12;14;12;0
48072;132;514;12;14;12;0
48073;144;514;12;14;12;0
48074;156;514;12;14;12;0
48075;168;514;12;14;12;0
48076;180;514;12;14;12;0
48077;192;514;12;14;12;0
48078;204;514;12;14;12;0
48079;216;514;12;14;12;0
48080;228;514;12;14;12;0
48081;240;514;12;14;12;0
48082;252;514;12;14;12;0
48083;264;514;12;14;12;0
48084;276;514;12;14;12;0
48085;288;514;12;14;12;0
48086;300;514;12;14;12;0
48087;312;514;12;14;12;0
48088;324;514;12;14;12;0
48089;336;514;12;14;12;0
48090;348;514;12;14;12;0
48091;360;514;12;14;12;0
48092;372;514;12;14;12;0
48093;384;514;12;14;12;0
48094;396;514;12;14;12;0
48095;408;514;12;14;12;0
48096;420;514;12;14;12;0
48097;432;514;12;14;12;0
48098;444;514;12;14;12;0
48099;456;514;12;14;12;0
48100;468;514;12;14;12;0
48101;480;514;12;14;12;0
48102;492;514;12;14;12;0
48103;504;514;12;14;12;0
48104;516;514;12;14;12;0
48105;528;514;12;14;12;0
48106;540;514;12;14;12;0
48107;552;514;12;14;12;0
48108;564;514;12;14;12;0
48109;576;514;12;14;12;0
48110;588;514;12;14;12;0
48111;600;514;12;14;12;0
48112;612;514;12;14;12;0
48113;624;514;12;14;12;0
48114;636;514;12;14;12;0
48115;648;514;12;14;12;0
48116;660;514;12;14;12;0
48117;672;514;12;14;12;0
48118;684;514;12;14;12;0
48119;696;514;12;14;12;0
48120;708;514;12;14;12;0
48121;720;514;12;14;12;0
48122;732;514;12;14;12;0
48123;744;514;12;14;12;0
48124;756;514;12;14;12;0
48125;768;514;12;14;12;0
48126;780;514;12;14;12;0
48127;792;514;12;14;12;0
48128;804;514;12;14;12;0
48129;816;514;12;14;12;0
48130;828;514;12;14;12;0
48131;840;514;12;14;12;0
48132;852;514;12;14;12;0
48133;864;514;12;14;12;0
48134;876;514;12;14;12;0
48135;888;514;12;14;12;0
48136;900;514;12;14;12;0
48137;912;514;12;14;12;0
48138;924;514;12;14;12;0
48139;936;514;12;14;12;0
48140;948;514;12;14;12;0
48141;960;514;12;14;12;0
48142;972;514;12;14;12;0
48143;984;514;12;14;12;0
48144;996;514;12;14;12;0
48145;1008;514;12;14;12;0
48146;1020;514;12;14;12;0
48147;1032;514;12;14;12;0
48148;1044;514;12;14;12;0
48149;1056;514;12;14;12;0
48150;1068;514;12;14;12;0
48151;1080;514;12;14;12;0
48152;1092;514;12;14;12;0
48153;1104;514;12;14;12;0
48154;1116;514;12;14;12;0
48155;1128;514;12;14;12;0
48156;1140;514;12;14;12;0
48157;1152;514;12;14;12;0
48158;1164;514;12;14;12;0
48159;1176;514;12;14;12;0
48160;1188;514;12;14;12;0
48161;1200;514;12;14;12;0
48162;1212;514;12;14;12;0
48163;1224;514;12;14;12;0
48164;1236;514;12;14;12;0
48165;1248;514;12;14;12;0
48166;1260;514;12;14;12;0
48167;1272;514;12;14;12;0
48168;1284;514;12;14;12;0
48169;1296;514;12;14;12;0
48170;1308;514;12;14;12;0
48171;1320;514;12;14;12;0
48172;1332;514;12;14;12;0
48173;1344;514;12;14;12;0
48174;1356;514;12;14;12;0
48175;1368;514;12;14;12;0
48176;1380;514;12;14;12;0
48177;1392;514;12;14;12;0
48178;1404;514;12;14;12;0
48179;1416;514;12;14;12;0
48180;1428;514;12;14;12;0
48181;1440;514;12;14;12;0
48182;1452;514;12;14;12;0
48183;1464;514;12;14;12;0
48184;1476;514;12;14;12;0
48185;1488;514;12;14;12;0
48186;1500;514;12;14;12;0
48187;1512;514;12;14;12;0
48188;1524;514;12;14;12;0
48189;1536;514;12;14;12;0
48190;1548;514;12;14;12;0
48191;1560;514;12;14;12;0
48192;1572;514;12;14;12;0
48193;1584;514;12;14;12;0
48194;1596;514;12;14;12;0
48195;1608;514;12;14;12;0
48196;1620;514;12;14;12;0
48197;1632;514;12;14;12;0
48198;1644;514;12;14;12;0
48199;1656;514;12;14;12;0
48200;1668;514;12;14;12;0
48201;1680;514;12;14;12;0
48202;1692;514;12;14;12;0
48203;1704;514;12;14;12;0
48204;1716;514;12;14;12;0
48205;1728;514;12;14;12;0
48206;1740;514;12;14;12;0
48207;1752;514;12;14;12;0
48208;1764;514;12;14;12;0
48209;1776;514;12;14;12;0
48210;1788;514;12;14;12;0
48211;1800;514;12;14;12;0
48212;1812;514;12;14;12;0
48213;1824;514;12;14;12;0
48214;1836;514;12;14;12;0
48215;1848;514;12;14;12;0
48216;1860;514;12;14;12;0
48217;1872;514;12;14;12;0
48218;1884;514;12;14;12;0
48219;1896;514;12;14;12;0
48220;1908;514;12;14;12;0
48221;1920;514;12;14;12;0
48222;1932;514;12;14;12;0
48223;1944;514;12;14;12;0
48224;1956;514;12;14;12;0
48225;1968;514;12;14;12;0
48226;1980;514;12;14;12;0
48227;1992;514;12;14;12;0
48228;2004;514;12;14;12;0
48229;2016;514;12;14;12;0
48230;2028;514;12;14;12;0
48231;0;530;12;14;12;0
48232;12;530;12;14;12;0
48233;24;530;12;14;12;0
48234;36;530;12;14;12;0
48235;48;530;12;14;12;0
48236;60;530;12;14;12;0
48237;72;530;12;14;12;0
48238;84;530;12;14;12;0
48239;96;530;12;14;12;0
48240;108;530;12;14;12;0
48241;120;530;12;14;12;0
48242;132;530;12;14;12;0
48243;144;530;12;14;12;0
48244;156;530;12;14;12;0
48245;168;530;12;14;12;0
48246;180;530;12;14;12;0
48247;192;530;12;14;12;0
48248;204;530;12;14;12;0
48249;216;530;12;14;12;0
48250;228;530;12;14;12;0
48251;240;530;12;14;12;0
48252;252;530;12;14;12;0
48253;264;530;12;14;12;0
48254;276;530;12;14;12;0
48255;288;530;12;14;12;0
48256;300;530;12;14;12;0
48257;312;530;12;14;12;0
48258;324;530;12;14;12;0
48259;336;530;12;14;12;0
48260;348;530;12;14;12;0
48261;360;530;12;14;12;0
48262;372;530;12;14;12;0
48263;384;530;12;14;12;0
48264;396;530;12;14;12;0
48265;408;530;12;14;12;0
48266;420;530;12;14;12;0
48267;432;530;12;14;12;0
48268;444;530;12;14;12;0
48269;456;530;12;14;12;0
48270;468;530;12;14;12;0
48271;480;530;12;14;12;0
48272;492;530;12;14;12;0
48273;504;530;12;14;12;0
48274;516;530;12;14;12;0
48275;528;530;12;14;12;0
48276;540;530;12;14;12;0
48277;552;530;12;14;12;0
48278;564;530;12;14;12;0
48279;576;530;12;14;12;0
48280;588;530;12;14;12;0
48281;600;530;12;14;12;0
48282;612;530;12;14;12;0
48283;624;530;12;14;12;0
48284;636;530;12;14;12;0
48285;648;530;12;14;12;0
48286;660;530;12;14;12;0
48287;672;530;12;14;12;0
48288;684;530;12;14;12;0
48289;696;530;12;14;12;0
48290;708;530;12;14;12;0
48291;720;530;12;14;12;0
48292;732;530;12;14;12;0
48293;744;530;12;14;12;0
48294;756;530;12;14;12;0
48295;768;530;12;14;12;0
48296;780;530;12;14;12;0
48297;792;530;12;14;12;0
48298;804;530;12;14;12;0
48299;816;530;12;14;12;0
48300;828;530;12;14;12;0
48301;840;530;12;14;12;0
48302;852;530;12;14;12;0
48303;864;530;12;14;12;0
48304;876;530;12;14;12;0
48305;888;530;12;14;12;0
48306;900;530;12;14;12;0
48307;912;530;12;14;12;0
48308;924;530;12;14;12;0
48309;936;530;12;14;12;0
48310;948;530;12;14;12;0
48311;960;530;12;14;12;0
48312;972;530;12;14;12;0
48313;984;530;12;14;12;0
48314;996;530;12;14;12;0
48315;1008;530;12;14;12;0
48316;1020;530;12;14;12;0
48317;1032;530;12;14;12;0
48318;1044;530;12;14;12;0
48319;1056;530;12;14;12;0
48320;1068;530;12;14;12;0
48321;1080;530;12;14;12;0
48322;1092;530;12;14;12;0
48323;1104;530;12;14;12;0
48324;1116;530;12;14;12;0
48325;1128;530;12;14;12;0
48326;1140;530;12;14;12;0
48327;1152;530;12;14;12;0
48328;1164;530;12;14;12;0
48329;1176;530;12;14;12;0
48330;1188;530;12;14;12;0
48331;1200;530;12;14;12;0
48332;1212;530;12;14;12;0
48333;1224;530;12;14;12;0
48334;1236;530;12;14;12;0
48335;1248;530;12;14;12;0
48336;1260;530;12;14;12;0
48337;1272;530;12;14;12;0
48338;1284;530;12;14;12;0
48339;1296;530;12;14;12;0
48340;1308;530;12;14;12;0
48341;1320;530;12;14;12;0
48342;1332;530;12;14;12;0
48343;1344;530;12;14;12;0
48344;1356;530;12;14;12;0
48345;1368;530;12;14;12;0
48346;1380;530;12;14;12;0
48347;1392;530;12;14;12;0
48348;1404;530;12;14;12;0
48349;1416;530;12;14;12;0
48350;1428;530;12;14;12;0
48351;1440;530;12;14;12;0
48352;1452;530;12;14;12;0
48353;1464;530;12;14;12;0
48354;1476;530;12;14;12;0
48355;1488;530;12;14;12;0
48356;1500;530;12;14;12;0
48357;1512;530;12;14;12;0
48358;1524;530;12;14;12;0
48359;1536;530;12;14;12;0
48360;1548;530;12;14;12;0
48361;1560;530;12;14;12;0
48362;1572;530;12;14;12;0
48363;1584;530;12;14;12;0
48364;1596;530;12;14;12;0
48365;1608;530;12;14;12;0
48366;1620;530;12;14;12;0
48367;1632;530;12;14;12;0
48368;1644;530;12;14;12;0
48369;1656;530;12;14;12;0
48370;1668;530;12;14;12;0
48371;1680;530;12;14;12;0
48372;1692;530;12;14;12;0
48373;1704;530;12;14;12;0
48374;1716;530;12;14;12;0
48375;1728;530;12;14;12;0
48376;1740;530;12;14;12;0
48377;1752;530;12;14;12;0
48378;1764;530;12;14;12;0
48379;1776;530;12;14;12;0
48380;1788;530;12;14;12;0
48381;1800;530;12;14;12;0
48382;1812;530;12;14;12;0
48383;1824;530;12;14;12;0
48384;1836;530;12;14;12;0
48385;1848;530;12;14;12;0
48386;1860;530;12;14;12;0
48387;1872;530;12;14;12;0
48388;1884;530;12;14;12;0
48389;1896;530;12;14;12;0
48390;1908;530;12;14;12;0
48391;1920;530;12;14;12;0
48392;1932;530;12;14;12;0
48393;1944;530;12;14;12;0
48394;1956;530;12;14;12;0
48395;1968;530;12;14;12;0
48396;1980;530;12;14;12;0
48397;1992;530;12;14;12;0
48398;2004;530;12;14;12;0
48399;2016;530;12;14;12;0
48400;2028;530;12;14;12;0
48401;0;546;12;14;12;0
48402;12;546;12;14;12;0
48403;24;546;12;14;12;0
48404;36;546;12;14;12;0
48405;48;546;12;14;12;0
48406;60;546;12;14;12;0
48407;72;546;12;14;12;0
48408;84;546;12;14;12;0
48409;96;546;12;14;12;0
48410;108;546;12;14;12;0
48411;120;546;12;14;12;0
48412;132;546;12;14;12;0
48413;144;546;12;14;12;0
48414;156;546;12;14;12;0
48415;168;546;12;14;12;0
48416;180;546;12;14;12;0
48417;192;546;12;14;12;0
48418;204;546;12;14;12;0
48419;216;546;12;14;12;0
48420;228;546;12;14;12;0
48421;240;546;12;14;12;0
48422;252;546;12;14;12;0
48423;264;546;12;14;12;0
48424;276;546;12;14;12;0
48425;288;546;12;14;12;0
48426;300;546;12;14;12;0
48427;312;546;12;14;12;0
48428;324;546;12;14;12;0
48429;336;546;12;14;12;0
48430;348;546;12;14;12;0
48431;360;546;12;14;12;0
48432;372;546;12;14;12;0
48433;384;546;12;14;12;0
48434;396;546;12;14;12;0
48435;408;546;12;14;12;0
48436;420;546;12;14;12;0
48437;432;546;12;14;12;0
48438;444;546;12;14;12;0
48439;456;546;12;14;12;0
48440;468;546;12;14;12;0
48441;480;546;12;14;12;0
48442;492;546;12;14;12;0
48443;504;546;12;14;12;0
48444;516;546;12;14;12;0
48445;528;546;12;14;12;0
48446;540;546;12;14;12;0
48447;552;546;12;14;12;0
48448;564;546;12;14;12;0
48449;576;546;12;14;12;0
48450;588;546;12;14;12;0
48451;600;546;12;14;12;0
48452;612;546;12;14;12;0
48453;624;546;12;14;12;0
48454;636;546;12;14;12;0
48455;648;546;12;14;12;0
48456;660;546;12;14;12;0
48457;672;546;12;14;12;0
48458;684;546;12;14;12;0
48459;696;546;12;14;12;0
48460;708;546;12;14;12;0
48461;720;546;12;14;12;0
48462;732;546;12;14;12;0
48463;744;546;12;14;12;0
48464;756;546;12;14;12;0
48465;768;546;12;14;12;0
48466;780;546;12;14;12;0
48467;792;546;12;14;12;0
48468;804;546;12;14;12;0
48469;816;546;12;14;12;0
48470;828;546;12;14;12;0
48471;840;546;12;14;12;0
48472;852;546;12;14;12;0
48473;864;546;12;14;12;0
48474;876;546;12;14;12;0
48475;888;546;12;14;12;0
48476;900;546;12;14;12;0
48477;912;546;12;14;12;0
48478;924;546;12;14;12;0
48479;936;546;12;14;12;0
48480;948;546;12;14;12;0
48481;960;546;12;14;12;0
48482;972;546;12;14;12;0
48483;984;546;12;14;12;0
48484;996;546;12;14;12;0
48485;1008;546;12;14;12;0
48486;1020;546;12;14;12;0
48487;1032;546;12;14;12;0
48488;1044;546;12;14;12;0
48489;1056;546;12;14;12;0
48490;1068;546;12;14;12;0
48491;1080;546;12;14;12;0
48492;1092;546;12;14;12;0
48493;1104;546;12;14;12;0
48494;1116;546;12;14;12;0
48495;1128;546;12;14;12;0
48496;1140;546;12;14;12;0
48497;1152;546;12;14;12;0
48498;1164;546;12;14;12;0
48499;1176;546;12;14;12;0
48500;1188;546;12;14;12;0
48501;1200;546;12;14;12;0
48502;1212;546;12;14;12;0
48503;1224;546;12;14;12;0
48504;1236;546;12;14;12;0
48505;1248;546;12;14;12;0
48506;1260;546;12;14;12;0
48507;1272;546;12;14;12;0
48508;1284;546;12;14;12;0
48509;1296;546;12;14;12;0
48510;1308;546;12;14;12;0
48511;1320;546;12;14;12;0
48512;1332;546;12;14;12;0
48513;1344;546;12;14;12;0
48514;1356;546;12;14;12;0
48515;1368;546;12;14;12;0
48516;1380;546;12;14;12;0
48517;1392;546;12;14;12;0
48518;1404;546;12;14;12;0
48519;1416;546;12;14;12;0
48520;1428;546;12;14;12;0
48521;1440;546;12;14;12;0
48522;1452;546;12;14;12;0
48523;1464;546;12;14;12;0
48524;1476;546;12;14;12;0
48525;1488;546;12;14;12;0
48526;1500;546;12;14;12;0
48527;1512;546;12;14;12;0
48528;1524;546;12;14;12;0
48529;1536;546;12;14;12;0
48530;1548;546;12;14;12;0
48531;1560;546;12;14;12;0
48532;1572;546;12;14;12;0
48533;1584;546;12;14;12;0
48534;1596;546;12;14;12;0
48535;1608;546;12;14;12;0
48536;1620;546;12;14;12;0
48537;1632;546;12;14;12;0
48538;1644;546;12;14;12;0
48539;1656;546;12;14;12;0
48540;1668;546;12;14;12;0
48541;1680;546;12;14;12;0
48542;1692;546;12;14;12;0
48543;1704;546;12;14;12;0
48544;1716;546;12;14;12;0
48545;1728;546;12;14;12;0
48546;1740;546;12;14;12;0
48547;1752;546;12;14;12;0
48548;1764;546;12;14;12;0
48549;1776;546;12;14;12;0
48550;1788;546;12;14;12;0
48551;1800;546;12;14;12;0
48552;1812;546;12;14;12;0
48553;1824;546;12;14;12;0
48554;1836;546;12;14;12;0
48555;1848;546;12;14;12;0
48556;1860;546;12;14;12;0
48557;1872;546;12;14;12;0
48558;1884;546;12;14;12;0
48559;1896;546;12;14;12;0
48560;1908;546;12;14;12;0
48561;1920;546;12;14;12;0
48562;1932;546;12;14;12;0
48563;1944;546;12;14;12;0
48564;1956;546;12;14;12;0
48565;1968;546;12;14;12;0
48566;1980;546;12;14;12;0
48567;1992;546;12;14;12;0
48568;2004;546;12;14;12;0
48569;2016;546;12;14;12;0
48570;2028;546;12;14;12;0
48571;0;562;12;14;12;0
48572;12;562;12;14;12;0
48573;24;562;12;14;12;0
48574;36;562;12;14;12;0
48575;48;562;12;14;12;0
48576;60;562;12;14;12;0
48577;72;562;12;14;12;0
48578;84;562;12;14;12;0
48579;96;562;12;14;12;0
48580;108;562;12;14;12;0
48581;120;562;12;14;12;0
48582;132;562;12;14;12;0
48583;144;562;12;14;12;0
48584;156;562;12;14;12;0
48585;168;562;12;14;12;0
48586;180;562;12;14;12;0
48587;192;562;12;14;12;0
48588;204;562;12;14;12;0
48589;216;562;12;14;12;0
48590;228;562;12;14;12;0
48591;240;562;12;14;12;0
48592;252;562;12;14;12;0
48593;264;562;12;14;12;0
48594;276;562;12;14;12;0
48595;288;562;12;14;12;0
48596;300;562;12;14;12;0
48597;312;562;12;14;12;0
48598;324;562;12;14;12;0
48599;336;562;12;14;12;0
48600;348;562;12;14;12;0
48601;360;562;12;14;12;0
48602;372;562;12;14;12;0
48603;384;562;12;14;12;0
48604;396;562;12;14;12;0
48605;408;562;12;14;12;0
48606;420;562;12;14;12;0
48607;432;562;12;14;12;0
48608;444;562;12;14;12;0
48609;456;562;12;14;12;0
48610;468;562;12;14;12;0
48611;480;562;12;14;12;0
48612;492;562;12;14;12;0
48613;504;562;12;14;12;0
48614;516;562;12;14;12;0
48615;528;562;12;14;12;0
48616;540;562;12;14;12;0
48617;552;562;12;14;12;0
48618;564;562;12;14;12;0
48619;576;562;12;14;12;0
48620;588;562;12;14;12;0
48621;600;562;12;14;12;0
48622;612;562;12;14;12;0
48623;624;562;12;14;12;0
48624;636;562;12;14;12;0
48625;648;562;12;14;12;0
48626;660;562;12;14;12;0
48627;672;562;12;14;12;0
48628;684;562;12;14;12;0
48629;696;562;12;14;12;0
48630;708;562;12;14;12;0
48631;720;562;12;14;12;0
48632;732;562;12;14;12;0
48633;744;562;12;14;12;0
48634;756;562;12;14;12;0
48635;768;562;12;14;12;0
48636;780;562;12;14;12;0
48637;792;562;12;14;12;0
48638;804;562;12;14;12;0
48639;816;562;12;14;12;0
48640;828;562;12;14;12;0
48641;840;562;12;14;12;0
48642;852;562;12;14;12;0
48643;864;562;12;14;12;0
48644;876;562;12;14;12;0
48645;888;562;12;14;12;0
48646;900;562;12;14;12;0
48647;912;562;12;14;12;0
48648;924;562;12;14;12;0
48649;936;562;12;14;12;0
48650;948;562;12;14;12;0
48651;960;562;12;14;12;0
48652;972;562;12;14;12;0
48653;984;562;12;14;12;0
48654;996;562;12;14;12;0
48655;1008;562;12;14;12;0
48656;1020;562;12;14;12;0
48657;1032;562;12;14;12;0
48658;1044;562;12;14;12;0
48659;1056;562;12;14;12;0
48660;1068;562;12;14;12;0
48661;1080;562;12;14;12;0
48662;1092;562;12;14;12;0
48663;1104;562;12;14;12;0
48664;1116;562;12;14;12;0
48665;1128;562;12;14;12;0
48666;1140;562;12;14;12;0
48667;1152;562;12;14;12;0
48668;1164;562;12;14;12;0
48669;1176;562;12;14;12;0
48670;1188;562;12;14;12;0
48671;1200;562;12;14;12;0
48672;1212;562;12;14;12;0
48673;1224;562;12;14;12;0
48674;1236;562;12;14;12;0
48675;1248;562;12;14;12;0
48676;1260;562;12;14;12;0
48677;1272;562;12;14;12;0
48678;1284;562;12;14;12;0
48679;1296;562;12;14;12;0
48680;1308;562;12;14;12;0
48681;1320;562;12;14;12;0
48682;1332;562;12;14;12;0
48683;1344;562;12;14;12;0
48684;1356;562;12;14;12;0
48685;1368;562;12;14;12;0
48686;1380;562;12;14;12;0
48687;1392;562;12;14;12;0
48688;1404;562;12;14;12;0
48689;1416;562;12;14;12;0
48690;1428;562;12;14;12;0
48691;1440;562;12;14;12;0
48692;1452;562;12;14;12;0
48693;1464;562;12;14;12;0
48694;1476;562;12;14;12;0
48695;1488;562;12;14;12;0
48696;1500;562;12;14;12;0
48697;1512;562;12;14;12;0
48698;1524;562;12;14;12;0
48699;1536;562;12;14;12;0
48700;1548;562;12;14;12;0
48701;1560;562;12;14;12;0
48702;1572;562;12;14;12;0
48703;1584;562;12;14;12;0
48704;1596;562;12;14;12;0
48705;1608;562;12;14;12;0
48706;1620;562;12;14;12;0
48707;1632;562;12;14;12;0
48708;1644;562;12;14;12;0
48709;1656;562;12;14;12;0
48710;1668;562;12;14;12;0
48711;1680;562;12;14;12;0
48712;1692;562;12;14;12;0
48713;1704;562;12;14;12;0
48714;1716;562;12;14;12;0
48715;1728;562;12;14;12;0
48716;1740;562;12;14;12;0
48717;1752;562;12;14;12;0
48718;1764;562;12;14;12;0
48719;1776;562;12;14;12;0
48720;1788;562;12;14;12;0
48721;1800;562;12;14;12;0
48722;1812;562;12;14;12;0
48723;1824;562;12;14;12;0
48724;1836;562;12;14;12;0
48725;1848;562;12;14;12;0
48726;1860;562;12;14;12;0
48727;1872;562;12;14;12;0
48728;1884;562;12;14;12;0
48729;1896;562;12;14;12;0
48730;1908;562;12;14;12;0
48731;1920;562;12;14;12;0
48732;1932;562;12;14;12;0
48733;1944;562;12;14;12;0
48734;1956;562;12;14;12;0
48735;1968;562;12;14;12;0
48736;1980;562;12;14;12;0
48737;1992;562;12;14;12;0
48738;2004;562;12;14;12;0
48739;2016;562;12;14;12;0
48740;2028;562;12;14;12;0
48741;0;578;12;14;12;0
48742;12;578;12;14;12;0
48743;24;578;12;14;12;0
48744;36;578;12;14;12;0
48745;48;578;12;14;12;0
48746;60;578;12;14;12;0
48747;72;578;12;14;12;0
48748;84;578;12;14;12;0
48749;96;578;12;14;12;0
48750;108;578;12;14;12;0
48751;120;578;12;14;12;0
48752;132;578;12;14;12;0
48753;144;578;12;14;12;0
48754;156;578;12;14;12;0
48755;168;578;12;14;12;0
48756;180;578;12;14;12;0
48757;192;578;12;14;12;0
48758;204;578;12;14;12;0
48759;216;578;12;14;12;0
48760;228;578;12;14;12;0
48761;240;578;12;14;12;0
48762;252;578;12;14;12;0
48763;264;578;12;14;12;0
48764;276;578;12;14;12;0
48765;288;578;12;14;12;0
48766;300;578;12;14;12;0
48767;312;578;12;14;12;0
48768;324;578;12;14;12;0
48769;336;578;12;14;12;0
48770;348;578;12;14;12;0
48771;360;578;12;14;12;0
48772;372;578;12;14;12;0
48773;384;578;12;14;12;0
48774;396;578;12;14;12;0
48775;408;578;12;14;12;0
48776;420;578;12;14;12;0
48777;432;578;12;14;12;0
48778;444;578;12;14;12;0
48779;456;578;12;14;12;0
48780;468;578;12;14;12;0
48781;480;578;12;14;12;0
48782;492;578;12;14;12;0
48783;504;578;12;14;12;0
48784;516;578;12;14;12;0
48785;528;578;12;14;12;0
48786;540;578;12;14;12;0
48787;552;578;12;14;12;0
48788;564;578;12;14;12;0
48789;576;578;12;14;12;0
48790;588;578;12;14;12;0
48791;600;578;12;14;12;0
48792;612;578;12;14;12;0
48793;624;578;12;14;12;0
48794;636;578;12;14;12;0
48795;648;578;12;14;12;0
48796;660;578;12;14;12;0
48797;672;578;12;14;12;0
48798;684;578;12;14;12;0
48799;696;578;12;14;12;0
48800;708;578;12;14;12;0
48801;720;578;12;14;12;0
48802;732;578;12;14;12;0
48803;744;578;12;14;12;0
48804;756;578;12;14;12;0
48805;768;578;12;14;12;0
48806;780;578;12;14;12;0
48807;792;578;12;14;12;0
48808;804;578;12;14;12;0
48809;816;578;12;14;12;0
48810;828;578;12;14;12;0
48811;840;578;12;14;12;0
48812;852;578;12;14;12;0
48813;864;578;12;14;12;0
48814;876;578;12;14;12;0
48815;888;578;12;14;12;0
48816;900;578;12;14;12;0
48817;912;578;12;14;12;0
48818;924;578;12;14;12;0
48819;936;578;12;14;12;0
48820;948;578;12;14;12;0
48821;960;578;12;14;12;0
48822;972;578;12;14;12;0
48823;984;578;12;14;12;0
48824;996;578;12;14;12;0
48825;1008;578;12;14;12;0
48826;1020;578;12;14;12;0
48827;1032;578;12;14;12;0
48828;1044;578;12;14;12;0
48829;1056;578;12;14;12;0
48830;1068;578;12;14;12;0
48831;1080;578;12;14;12;0
48832;1092;578;12;14;12;0
48833;1104;578;12;14;12;0
48834;1116;578;12;14;12;0
48835;1128;578;12;14;12;0
48836;1140;578;12;14;12;0
48837;1152;578;12;14;12;0
48838;1164;578;12;14;12;0
48839;1176;578;12;14;12;0
48840;1188;578;12;14;12;0
48841;1200;578;12;14;12;0
48842;1212;578;12;14;12;0
48843;1224;578;12;14;12;0
48844;1236;578;12;14;12;0
48845;1248;578;12;14;12;0
48846;1260;578;12;14;12;0
48847;1272;578;12;14;12;0
48848;1284;578;12;14;12;0
48849;1296;578;12;14;12;0
48850;1308;578;12;14;12;0
48851;1320;578;12;14;12;0
48852;1332;578;12;14;12;0
48853;1344;578;12;14;12;0
48854;1356;578;12;14;12;0
48855;1368;578;12;14;12;0
48856;1380;578;12;14;12;0
48857;1392;578;12;14;12;0
48858;1404;578;12;14;12;0
48859;1416;578;12;14;12;0
48860;1428;578;12;14;12;0
48861;1440;578;12;14;12;0
48862;1452;578;12;14;12;0
48863;1464;578;12;14;12;0
48864;1476;578;12;14;12;0
48865;1488;578;12;14;12;0
48866;1500;578;12;14;12;0
48867;1512;578;12;14;12;0
48868;1524;578;12;14;12;0
48869;1536;578;12;14;12;0
48870;1548;578;12;14;12;0
48871;1560;578;12;14;12;0
48872;1572;578;12;14;12;0
48873;1584;578;12;14;12;0
48874;1596;578;12;14;12;0
48875;1608;578;12;14;12;0
48876;1620;578;12;14;12;0
48877;1632;578;12;14;12;0
48878;1644;578;12;14;12;0
48879;1656;578;12;14;12;0
48880;1668;578;12;14;12;0
48881;1680;578;12;14;12;0
48882;1692;578;12;14;12;0
48883;1704;578;12;14;12;0
48884;1716;578;12;14;12;0
48885;1728;578;12;14;12;0
48886;1740;578;12;14;12;0
48887;1752;578;12;14;12;0
48888;1764;578;12;14;12;0
48889;1776;578;12;14;12;0
48890;1788;578;12;14;12;0
48891;1800;578;12;14;12;0
48892;1812;578;12;14;12;0
48893;1824;578;12;14;12;0
48894;1836;578;12;14;12;0
48895;1848;578;12;14;12;0
48896;1860;578;12;14;12;0
48897;1872;578;12;14;12;0
48898;1884;578;12;14;12;0
48899;1896;578;12;14;12;0
48900;1908;578;12;14;12;0
48901;1920;578;12;14;12;0
48902;1932;578;12;14;12;0
48903;1944;578;12;14;12;0
48904;1956;578;12;14;12;0
48905;1968;578;12;14;12;0
48906;1980;578;12;14;12;0
48907;1992;578;12;14;12;0
48908;2004;578;12;14;12;0
48909;2016;578;12;14;12;0
48910;2028;578;12;14;12;0
48911;0;594;12;14;12;0
48912;12;594;12;14;12;0
48913;24;594;12;14;12;0
48914;36;594;12;14;12;0
48915;48;594;12;14;12;0
48916;60;594;12;14;12;0
48917;72;594;12;14;12;0
48918;84;594;12;14;12;0
48919;96;594;12;14;12;0
48920;108;594;12;14;12;0
48921;120;594;12;14;12;0
48922;132;594;12;14;12;0
48923;144;594;12;14;12;0
48924;156;594;12;14;12;0
48925;168;594;12;14;12;0
48926;180;594;12;14;12;0
48927;192;594;12;14;12;0
48928;204;594;12;14;12;0
48929;216;594;12;14;12;0
48930;228;594;12;14;12;0
48931;240;594;12;14;12;0
48932;252;594;12;14;12;0
48933;264;594;12;14;12;0
48934;276;594;12;14;12;0
48935;288;594;12;14;12;0
48936;300;594;12;14;12;0
48937;312;594;12;14;12;0
48938;324;594;12;14;12;0
48939;336;594;12;14;12;0
48940;348;594;12;14;12;0
48941;360;594;12;14;12;0
48942;372;594;12;14;12;0
48943;384;594;12;14;12;0
48944;396;594;12;14;12;0
48945;408;594;12;14;12;0
48946;420;594;12;14;12;0
48947;432;594;12;14;12;0
48948;444;594;12;14;12;0
48949;456;594;12;14;12;0
48950;468;594;12;14;12;0
48951;480;594;12;14;12;0
48952;492;594;12;14;12;0
48953;504;594;12;14;12;0
48954;516;594;12;14;12;0
48955;528;594;12;14;12;0
48956;540;594;12;14;12;0
48957;552;594;12;14;12;0
48958;564;594;12;14;12;0
48959;576;594;12;14;12;0
48960;588;594;12;14;12;0
48961;600;594;12;14;12;0
48962;612;594;12;14;12;0
48963;624;594;12;14;12;0
48964;636;594;12;14;12;0
48965;648;594;12;14;12;0
48966;660;594;12;14;12;0
48967;672;594;12;14;12;0
48968;684;594;12;14;12;0
48969;696;594;12;14;12;0
48970;708;594;12;14;12;0
48971;720;594;12;14;12;0
48972;732;594;12;14;12;0
48973;744;594;12;14;12;0
48974;756;594;12;14;12;0
48975;768;594;12;14;12;0
48976;780;594;12;14;12;0
48977;792;594;12;14;12;0
48978;804;594;12;14;12;0
48979;816;594;12;14;12;0
48980;828;594;12;14;12;0
48981;840;594;12;14;12;0
48982;852;594;12;14;12;0
48983;864;594;12;14;12;0
48984;876;594;12;14;12;0
48985;888;594;12;14;12;0
48986;900;594;12;14;12;0
48987;912;594;12;14;12;0
48988;924;594;12;14;12;0
48989;936;594;12;14;12;0
48990;948;594;12;14;12;0
48991;960;594;12;14;12;0
48992;972;594;12;14;12;0
48993;984;594;12;14;12;0
48994;996;594;12;14;12;0
48995;1008;594;12;14;12;0
48996;1020;594;12;14;12;0
48997;1032;594;12;14;12;0
48998;1044;594;12;14;12;0
48999;1056;594;12;14;12;0
49000;1068;594;12;14;12;0
49001;1080;594;12;14;12;0
49002;1092;594;12;14;12;0
49003;1104;594;12;14;12;0
49004;1116;594;12;14;12;0
49005;1128;594;12;14;12;0
49006;1140;594;12;14;12;0
49007;1152;594;12;14;12;0
49008;1164;594;12;14;12;0
49009;1176;594;12;14;12;0
49010;1188;594;12;14;12;0
49011;1200;594;12;14;12;0
49012;1212;594;12;14;12;0
49013;1224;594;12;14;12;0
49014;1236;594;12;14;12;0
49015;1248;594;12;14;12;0
49016;1260;594;12;14;12;0
49017;1272;594;12;14;12;0
49018;1284;594;12;14;12;0
49019;1296;594;12;14;12;0
49020;1308;594;12;14;12;0
49021;1320;594;12;14;12;0
49022;1332;594;12;14;12;0
49023;1344;594;12;14;12;0
49024;1356;594;12;14;12;0
49025;1368;594;12;14;12;0
49026;1380;594;12;14;12;0
49027;1392;594;12;14;12;0
49028;1404;594;12;14;12;0
49029;1416;594;12;14;12;0
49030;1428;594;12;14;12;0
49031;1440;594;12;14;12;0
49032;1452;594;12;14;12;0
49033;1464;594;12;14;12;0
49034;1476;594;12;14;12;0
49035;1488;594;12;14;12;0
49036;1500;594;12;14;12;0
49037;1512;594;12;14;12;0
49038;1524;594;12;14;12;0
49039;1536;594;12;14;12;0
49040;1548;594;12;14;12;0
49041;1560;594;12;14;12;0
49042;1572;594;12;14;12;0
49043;1584;594;12;14;12;0
49044;1596;594;12;14;12;0
49045;1608;594;12;14;12;0
49046;1620;594;12;14;12;0
49047;1632;594;12;14;12;0
49048;1644;594;12;14;12;0
49049;1656;594;12;14;12;0
49050;1668;594;12;14;12;0
49051;1680;594;12;14;12;0
49052;1692;594;12;14;12;0
49053;1704;594;12;14;12;0
49054;1716;594;12;14;12;0
49055;1728;594;12;14;12;0
49056;1740;594;12;14;12;0
49057;1752;594;12;14;12;0
49058;1764;594;12;14;12;0
49059;1776;594;12;14;12;0
49060;1788;594;12;14;12;0
49061;1800;594;12;14;12;0
49062;1812;594;12;14;12;0
49063;1824;594;12;14;12;0
49064;1836;594;12;14;12;0
49065;1848;594;12;14;12;0
49066;1860;594;12;14;12;0
49067;1872;594;12;14;12;0
49068;1884;594;12;14;12;0
49069;1896;594;12;14;12;0
49070;1908;594;12;14;12;0
49071;1920;594;12;14;12;0
49072;1932;594;12;14;12;0
49073;1944;594;12;14;12;0
49074;1956;594;12;14;12;0
49075;1968;594;12;14;12;0
49076;1980;594;12;14;12;0
49077;1992;594;12;14;12;0
49078;2004;594;12;14;12;0
49079;2016;594;12;14;12;0
49080;2028;594;12;14;12;0
49081;0;610;12;14;12;0
49082;12;610;12;14;12;0
49083;24;610;12;14;12;0
49084;36;610;12;14;12;0
49085;48;610;12;14;12;0
49086;60;610;12;14;12;0
49087;72;610;12;14;12;0
49088;84;610;12;14;12;0
49089;96;610;12;14;12;0
49090;108;610;12;14;12;0
49091;120;610;12;14;12;0
49092;132;610;12;14;12;0
49093;144;610;12;14;12;0
49094;156;610;12;14;12;0
49095;168;610;12;14;12;0
49096;180;610;12;14;12;0
49097;192;610;12;14;12;0
49098;204;610;12;14;12;0
49099;216;610;12;14;12;0
49100;228;610;12;14;12;0
49101;240;610;12;14;12;0
49102;252;610;12;14;12;0
49103;264;610;12;14;12;0
49104;276;610;12;14;12;0
49105;288;610;12;14;12;0
49106;300;610;12;14;12;0
49107;312;610;12;14;12;0
49108;324;610;12;14;12;0
49109;336;610;12;14;12;0
49110;348;610;12;14;12;0
49111;360;610;12;14;12;0
49112;372;610;12;14;12;0
49113;384;610;12;14;12;0
49114;396;610;12;14;12;0
49115;408;610;12;14;12;0
49116;420;610;12;14;12;0
49117;432;610;12;14;12;0
49118;444;610;12;14;12;0
49119;456;610;12;14;12;0
49120;468;610;12;14;12;0
49121;480;610;12;14;12;0
49122;492;610;12;14;12;0
49123;504;610;12;14;12;0
49124;516;610;12;14;12;0
49125;528;610;12;14;12;0
49126;540;610;12;14;12;0
49127;552;610;12;14;12;0
49128;564;610;12;14;12;0
49129;576;610;12;14;12;0
49130;588;610;12;14;12;0
49131;600;610;12;14;12;0
49132;612;610;12;14;12;0
49133;624;610;12;14;12;0
49134;636;610;12;14;12;0
49135;648;610;12;14;12;0
49136;660;610;12;14;12;0
49137;672;610;12;14;12;0
49138;684;610;12;14;12;0
49139;696;610;12;14;12;0
49140;708;610;12;14;12;0
49141;720;610;12;14;12;0
49142;732;610;12;14;12;0
49143;744;610;12;14;12;0
49144;756;610;12;14;12;0
49145;768;610;12;14;12;0
49146;780;610;12;14;12;0
49147;792;610;12;14;12;0
49148;804;610;12;14;12;0
49149;816;610;12;14;12;0
49150;828;610;12;14;12;0
49151;840;610;12;14;12;0
49152;852;610;12;14;12;0
49153;864;610;12;14;12;0
49154;876;610;12;14;12;0
49155;888;610;12;14;12;0
49156;900;610;12;14;12;0
49157;912;610;12;14;12;0
49158;924;610;12;14;12;0
49159;936;610;12;14;12;0
49160;948;610;12;14;12;0
49161;960;610;12;14;12;0
49162;972;610;12;14;12;0
49163;984;610;12;14;12;0
49164;996;610;12;14;12;0
49165;1008;610;12;14;12;0
49166;1020;610;12;14;12;0
49167;1032;610;12;14;12;0
49168;1044;610;12;14;12;0
49169;1056;610;12;14;12;0
49170;1068;610;12;14;12;0
49171;1080;610;12;14;12;0
49172;1092;610;12;14;12;0
49173;1104;610;12;14;12;0
49174;1116;610;12;14;12;0
49175;1128;610;12;14;12;0
49176;1140;610;12;14;12;0
49177;1152;610;12;14;12;0
49178;1164;610;12;14;12;0
49179;1176;610;12;14;12;0
49180;1188;610;12;14;12;0
49181;1200;610;12;14;12;0
49182;1212;610;12;14;12;0
49183;1224;610;12;14;12;0
49184;1236;610;12;14;12;0
49185;1248;610;12;14;12;0
49186;1260;610;12;14;12;0
49187;1272;610;12;14;12;0
49188;1284;610;12;14;12;0
49189;1296;610;12;14;12;0
49190;1308;610;12;14;12;0
49191;1320;610;12;14;12;0
49192;1332;610;12;14;12;0
49193;1344;610;12;14;12;0
49194;1356;610;12;14;12;0
49195;1368;610;12;14;12;0
49196;1380;610;12;14;12;0
49197;1392;610;12;14;12;0
49198;1404;610;12;14;12;0
49199;1416;610;12;14;12;0
49200;1428;610;12;14;12;0
49201;1440;610;12;14;12;0
49202;1452;610;12;14;12;0
49203;1464;610;12;14;12;0
49204;1476;610;12;14;12;0
49205;1488;610;12;14;12;0
49206;1500;610;12;14;12;0
49207;1512;610;12;14;12;0
49208;1524;610;12;14;12;0
49209;1536;610;12;14;12;0
49210;1548;610;12;14;12;0
49211;1560;610;12;14;12;0
49212;1572;610;12;14;12;0
49213;1584;610;12;14;12;0
49214;1596;610;12;14;12;0
49215;1608;610;12;14;12;0
49216;1620;610;12;14;12;0
49217;1632;610;12;14;12;0
49218;1644;610;12;14;12;0
49219;1656;610;12;14;12;0
49220;1668;610;12;14;12;0
49221;1680;610;12;14;12;0
49222;1692;610;12;14;12;0
49223;1704;610;12;14;12;0
49224;1716;610;12;14;12;0
49225;1728;610;12;14;12;0
49226;1740;610;12;14;12;0
49227;1752;610;12;14;12;0
49228;1764;610;12;14;12;0
49229;1776;610;12;14;12;0
49230;1788;610;12;14;12;0
49231;1800;610;12;14;12;0
49232;1812;610;12;14;12;0
49233;1824;610;12;14;12;0
49234;1836;610;12;14;12;0
49235;1848;610;12;14;12;0
49236;1860;610;12;14;12;0
49237;1872;610;12;14;12;0
49238;1884;610;12;14;12;0
49239;1896;610;12;14;12;0
49240;1908;610;12;14;12;0
49241;1920;610;12;14;12;0
49242;1932;610;12;14;12;0
49243;1944;610;12;14;12;0
49244;1956;610;12;14;12;0
49245;1968;610;12;14;12;0
49246;1980;610;12;14;12;0
49247;1992;610;12;14;12;0
49248;2004;610;12;14;12;0
49249;2016;610;12;14;12;0
49250;2028;610;12;14;12;0
49251;0;626;12;14;12;0
49252;12;626;12;14;12;0
49253;24;626;12;14;12;0
49254;36;626;12;14;12;0
49255;48;626;12;14;12;0
49256;60;626;12;14;12;0
49257;72;626;12;14;12;0
49258;84;626;12;14;12;0
49259;96;626;12;14;12;0
49260;108;626;12;14;12;0
49261;120;626;12;14;12;0
49262;132;626;12;14;12;0
49263;144;626;12;14;12;0
49264;156;626;12;14;12;0
49265;168;626;12;14;12;0
49266;180;626;12;14;12;0
49267;192;626;12;14;12;0
49268;204;626;12;14;12;0
49269;216;626;12;14;12;0
49270;228;626;12;14;12;0
49271;240;626;12;14;12;0
49272;252;626;12;14;12;0
49273;264;626;12;14;12;0
49274;276;626;12;14;12;0
49275;288;626;12;14;12;0
49276;300;626;12;14;12;0
49277;312;626;12;14;12;0
49278;324;626;12;14;12;0
49279;336;626;12;14;12;0
49280;348;626;12;14;12;0
49281;360;626;12;14;12;0
49282;372;626;12;14;12;0
49283;384;626;12;14;12;0
49284;396;626;12;14;12;0
49285;408;626;12;14;12;0
49286;420;626;12;14;12;0
49287;432;626;12;14;12;0
49288;444;626;12;14;12;0
49289;456;626;12;14;12;0
49290;468;626;12;14;12;0
49291;480;626;12;14;12;0
49292;492;626;12;14;12;0
49293;504;626;12;14;12;0
49294;516;626;12;14;12;0
49295;528;626;12;14;12;0
49296;540;626;12;14;12;0
49297;552;626;12;14;12;0
49298;564;626;12;14;12;0
49299;576;626;12;14;12;0
49300;588;626;12;14;12;0
49301;600;626;12;14;12;0
49302;612;626;12;14;12;0
49303;624;626;12;14;12;0
49304;636;626;12;14;12;0
49305;648;626;12;14;12;0
49306;660;626;12;14;12;0
49307;672;626;12;14;12;0
49308;684;626;12;14;12;0
49309;696;626;12;14;12;0
49310;708;626;12;14;12;0
49311;720;626;12;14;12;0
49312;732;626;12;14;12;0
49313;744;626;12;14;12;0
49314;756;626;12;14;12;0
49315;768;626;12;14;12;0
49316;780;626;12;14;12;0
49317;792;626;12;14;12;0
49318;804;626;12;14;12;0
49319;816;626;12;14;12;0
49320;828;626;12;14;12;0
49321;840;626;12;14;12;0
49322;852;626;12;14;12;0
49323;864;626;12;14;12;0
49324;876;626;12;14;12;0
49325;888;626;12;14;12;0
49326;900;626;12;14;12;0
49327;912;626;12;14;12;0
49328;924;626;12;14;12;0
49329;936;626;12;14;12;0
49330;948;626;12;14;12;0
49331;960;626;12;14;12;0
49332;972;626;12;14;12;0
49333;984;626;12;14;12;0
49334;996;626;12;14;12;0
49335;1008;626;12;14;12;0
49336;1020;626;12;14;12;0
49337;1032;626;12;14;12;0
49338;1044;626;12;14;12;0
49339;1056;626;12;14;12;0
49340;1068;626;12;14;12;0
49341;1080;626;12;14;12;0
49342;1092;626;12;14;12;0
49343;1104;626;12;14;12;0
49344;1116;626;12;14;12;0
49345;1128;626;12;14;12;0
49346;1140;626;12;14;12;0
49347;1152;626;12;14;12;0
49348;1164;626;12;14;12;0
49349;1176;626;12;14;12;0
49350;1188;626;12;14;12;0
49351;1200;626;12;14;12;0
49352;1212;626;12;14;12;0
49353;1224;626;12;14;12;0
49354;1236;626;12;14;12;0
49355;1248;626;12;14;12;0
49356;1260;626;12;14;12;0
49357;1272;626;12;14;12;0
49358;1284;626;12;14;12;0
49359;1296;626;12;14;12;0
49360;1308;626;12;14;12;0
49361;1320;626;12;14;12;0
49362;1332;626;12;14;12;0
49363;1344;626;12;14;12;0
49364;1356;626;12;14;12;0
49365;1368;626;12;14;12;0
49366;1380;626;12;14;12;0
49367;1392;626;12;14;12;0
49368;1404;626;12;14;12;0
49369;1416;626;12;14;12;0
49370;1428;626;12;14;12;0
49371;1440;626;12;14;12;0
49372;1452;626;12;14;12;0
49373;1464;626;12;14;12;0
49374;1476;626;12;14;12;0
49375;1488;626;12;14;12;0
49376;1500;626;12;14;12;0
49377;1512;626;12;14;12;0
49378;1524;626;12;14;12;0
49379;1536;626;12;14;12;0
49380;1548;626;12;14;12;0
49381;1560;626;12;14;12;0
49382;1572;626;12;14;12;0
49383;1584;626;12;14;12;0
49384;1596;626;12;14;12;0
49385;1608;626;12;14;12;0
49386;1620;626;12;14;12;0
49387;1632;626;12;14;12;0
49388;1644;626;12;14;12;0
49389;1656;626;12;14;12;0
49390;1668;626;12;14;12;0
49391;1680;626;12;14;12;0
49392;1692;626;12;14;12;0
49393;1704;626;12;14;12;0
49394;1716;626;12;14;12;0
49395;1728;626;12;14;12;0
49396;1740;626;12;14;12;0
49397;1752;626;12;14;12;0
49398;1764;626;12;14;12;0
49399;1776;626;12;14;12;0
49400;1788;626;12;14;12;0
49401;1800;626;12;14;12;0
49402;1812;626;12;14;12;0
49403;1824;626;12;14;12;0
49404;1836;626;12;14;12;0
49405;1848;626;12;14;12;0
49406;1860;626;12;14;12;0
49407;1872;626;12;14;12;0
49408;1884;626;12;14;12;0
49409;1896;626;12;14;12;0
49410;1908;626;12;14;12;0
49411;1920;626;12;14;12;0
49412;1932;626;12;14;12;0
49413;1944;626;12;14;12;0
49414;1956;626;12;14;12;0
49415;1968;626;12;14;12;0
49416;1980;626;12;14;12;0
49417;1992;626;12;14;12;0
49418;2004;626;12;14;12;0
49419;2016;626;12;14;12;0
49420;2028;626;12;14;12;0
49421;0;642;12;14;12;0
49422;12;642;12;14;12;0
49423;24;642;12;14;12;0
49424;36;642;12;14;12;0
49425;48;642;12;14;12;0
49426;60;642;12;14;12;0
49427;72;642;12;14;12;0
49428;84;642;12;14;12;0
49429;96;642;12;14;12;0
49430;108;642;12;14;12;0
49431;120;642;12;14;12;0
49432;132;642;12;14;12;0
49433;144;642;12;14;12;0
49434;156;642;12;14;12;0
49435;168;642;12;14;12;0
49436;180;642;12;14;12;0
49437;192;642;12;14;12;0
49438;204;642;12;14;12;0
49439;216;642;12;14;12;0
49440;228;642;12;14;12;0
49441;240;642;12;14;12;0
49442;252;642;12;14;12;0
49443;264;642;12;14;12;0
49444;276;642;12;14;12;0
49445;288;642;12;14;12;0
49446;300;642;12;14;12;0
49447;312;642;12;14;12;0
49448;324;642;12;14;12;0
49449;336;642;12;14;12;0
49450;348;642;12;14;12;0
49451;360;642;12;14;12;0
49452;372;642;12;14;12;0
49453;384;642;12;14;12;0
49454;396;642;12;14;12;0
49455;408;642;12;14;12;0
49456;420;642;12;14;12;0
49457;432;642;12;14;12;0
49458;444;642;12;14;12;0
49459;456;642;12;14;12;0
49460;468;642;12;14;12;0
49461;480;642;12;14;12;0
49462;492;642;12;14;12;0
49463;504;642;12;14;12;0
49464;516;642;12;14;12;0
49465;528;642;12;14;12;0
49466;540;642;12;14;12;0
49467;552;642;12;14;12;0
49468;564;642;12;14;12;0
49469;576;642;12;14;12;0
49470;588;642;12;14;12;0
49471;600;642;12;14;12;0
49472;612;642;12;14;12;0
49473;624;642;12;14;12;0
49474;636;642;12;14;12;0
49475;648;642;12;14;12;0
49476;660;642;12;14;12;0
49477;672;642;12;14;12;0
49478;684;642;12;14;12;0
49479;696;642;12;14;12;0
49480;708;642;12;14;12;0
49481;720;642;12;14;12;0
49482;732;642;12;14;12;0
49483;744;642;12;14;12;0
49484;756;642;12;14;12;0
49485;768;642;12;14;12;0
49486;780;642;12;14;12;0
49487;792;642;12;14;12;0
49488;804;642;12;14;12;0
49489;816;642;12;14;12;0
49490;828;642;12;14;12;0
49491;840;642;12;14;12;0
49492;852;642;12;14;12;0
49493;864;642;12;14;12;0
49494;876;642;12;14;12;0
49495;888;642;12;14;12;0
49496;900;642;12;14;12;0
49497;912;642;12;14;12;0
49498;924;642;12;14;12;0
49499;936;642;12;14;12;0
49500;948;642;12;14;12;0
49501;960;642;12;14;12;0
49502;972;642;12;14;12;0
49503;984;642;12;14;12;0
49504;996;642;12;14;12;0
49505;1008;642;12;14;12;0
49506;1020;642;12;14;12;0
49507;1032;642;12;14;12;0
49508;1044;642;12;14;12;0
49509;1056;642;12;14;12;0
49510;1068;642;12;14;12;0
49511;1080;642;12;14;12;0
49512;1092;642;12;14;12;0
49513;1104;642;12;14;12;0
49514;1116;642;12;14;12;0
49515;1128;642;12;14;12;0
49516;1140;642;12;14;12;0
49517;1152;642;12;14;12;0
49518;1164;642;12;14;12;0
49519;1176;642;12;14;12;0
49520;1188;642;12;14;12;0
49521;1200;642;12;14;12;0
49522;1212;642;12;14;12;0
49523;1224;642;12;14;12;0
49524;1236;642;12;14;12;0
49525;1248;642;12;14;12;0
49526;1260;642;12;14;12;0
49527;1272;642;12;14;12;0
49528;1284;642;12;14;12;0
49529;1296;642;12;14;12;0
49530;1308;642;12;14;12;0
49531;1320;642;12;14;12;0
49532;1332;642;12;14;12;0
49533;1344;642;12;14;12;0
49534;1356;642;12;14;12;0
49535;1368;642;12;14;12;0
49536;1380;642;12;14;12;0
49537;1392;642;12;14;12;0
49538;1404;642;12;14;12;0
49539;1416;642;12;14;12;0
49540;1428;642;12;14;12;0
49541;1440;642;12;14;12;0
49542;1452;642;12;14;12;0
49543;1464;642;12;14;12;0
49544;1476;642;12;14;12;0
49545;1488;642;12;14;12;0
49546;1500;642;12;14;12;0
49547;1512;642;12;14;12;0
49548;1524;642;12;14;12;0
49549;1536;642;12;14;12;0
49550;1548;642;12;14;12;0
49551;1560;642;12;14;12;0
49552;1572;642;12;14;12;0
49553;1584;642;12;14;12;0
49554;1596;642;12;14;12;0
49555;1608;642;12;14;12;0
49556;1620;642;12;14;12;0
49557;1632;642;12;14;12;0
49558;1644;642;12;14;12;0
49559;1656;642;12;14;12;0
49560;1668;642;12;14;12;0
49561;1680;642;12;14;12;0
49562;1692;642;12;14;12;0
49563;1704;642;12;14;12;0
49564;1716;642;12;14;12;0
49565;1728;642;12;14;12;0
49566;1740;642;12;14;12;0
49567;1752;642;12;14;12;0
49568;1764;642;12;14;12;0
49569;1776;642;12;14;12;0
49570;1788;642;12;14;12;0
49571;1800;642;12;14;12;0
49572;1812;642;12;14;12;0
49573;1824;642;12;14;12;0
49574;1836;642;12;14;12;0
49575;1848;642;12;14;12;0
49576;1860;642;12;14;12;0
49577;1872;642;12;14;12;0
49578;1884;642;12;14;12;0
49579;1896;642;12;14;12;0
49580;1908;642;12;14;12;0
49581;1920;642;12;14;12;0
49582;1932;642;12;14;12;0
49583;1944;642;12;14;12;0
49584;1956;642;12;14;12;0
49585;1968;642;12;14;12;0
49586;1980;642;12;14;12;0
49587;1992;642;12;14;12;0
49588;2004;642;12;14;12;0
49589;2016;642;12;14;12;0
49590;2028;642;12;14;12;0
49591;0;658;12;14;12;0
49592;12;658;12;14;12;0
49593;24;658;12;14;12;0
49594;36;658;12;14;12;0
49595;48;658;12;14;12;0
49596;60;658;12;14;12;0
49597;72;658;12;14;12;0
49598;84;658;12;14;12;0
49599;96;658;12;14;12;0
49600;108;658;12;14;12;0
49601;120;658;12;14;12;0
49602;132;658;12;14;12;0
49603;144;658;12;14;12;0
49604;156;658;12;14;12;0
49605;168;658;12;14;12;0
49606;180;658;12;14;12;0
49607;192;658;12;14;12;0
49608;204;658;12;14;12;0
49609;216;658;12;14;12;0
49610;228;658;12;14;12;0
49611;240;658;12;14;12;0
49612;252;658;12;14;12;0
49613;264;658;12;14;12;0
49614;276;658;12;14;12;0
49615;288;658;12;14;12;0
49616;300;658;12;14;12;0
49617;312;658;12;14;12;0
49618;324;658;12;14;12;0
49619;336;658;12;14;12;0
49620;348;658;12;14;12;0
49621;360;658;12;14;12;0
49622;372;658;12;14;12;0
49623;384;658;12;14;12;0
49624;396;658;12;14;12;0
49625;408;658;12;14;12;0
49626;420;658;12;14;12;0
49627;432;658;12;14;12;0
49628;444;658;12;14;12;0
49629;456;658;12;14;12;0
49630;468;658;12;14;12;0
49631;480;658;12;14;12;0
49632;492;658;12;14;12;0
49633;504;658;12;14;12;0
49634;516;658;12;14;12;0
49635;528;658;12;14;12;0
49636;540;658;12;14;12;0
49637;552;658;12;14;12;0
49638;564;658;12;14;12;0
49639;576;658;12;14;12;0
49640;588;658;12;14;12;0
49641;600;658;12;14;12;0
49642;612;658;12;14;12;0
49643;624;658;12;14;12;0
49644;636;658;12;14;12;0
49645;648;658;12;14;12;0
49646;660;658;12;14;12;0
49647;672;658;12;14;12;0
49648;684;658;12;14;12;0
49649;696;658;12;14;12;0
49650;708;658;12;14;12;0
49651;720;658;12;14;12;0
49652;732;658;12;14;12;0
49653;744;658;12;14;12;0
49654;756;658;12;14;12;0
49655;768;658;12;14;12;0
49656;780;658;12;14;12;0
49657;792;658;12;14;12;0
49658;804;658;12;14;12;0
49659;816;658;12;14;12;0
49660;828;658;12;14;12;0
49661;840;658;12;14;12;0
49662;852;658;12;14;12;0
49663;864;658;12;14;12;0
49664;876;658;12;14;12;0
49665;888;658;12;14;12;0
49666;900;658;12;14;12;0
49667;912;658;12;14;12;0
49668;924;658;12;14;12;0
49669;936;658;12;14;12;0
49670;948;658;12;14;12;0
49671;960;658;12;14;12;0
49672;972;658;12;14;12;0
49673;984;658;12;14;12;0
49674;996;658;12;14;12;0
49675;1008;658;12;14;12;0
49676;1020;658;12;14;12;0
49677;1032;658;12;14;12;0
49678;1044;658;12;14;12;0
49679;1056;658;12;14;12;0
49680;1068;658;12;14;12;0
49681;1080;658;12;14;12;0
49682;1092;658;12;14;12;0
49683;1104;658;12;14;12;0
49684;1116;658;12;14;12;0
49685;1128;658;12;14;12;0
49686;1140;658;12;14;12;0
49687;1152;658;12;14;12;0
49688;1164;658;12;14;12;0
49689;1176;658;12;14;12;0
49690;1188;658;12;14;12;0
49691;1200;658;12;14;12;0
49692;1212;658;12;14;12;0
49693;1224;658;12;14;12;0
49694;1236;658;12;14;12;0
49695;1248;658;12;14;12;0
49696;1260;658;12;14;12;0
49697;1272;658;12;14;12;0
49698;1284;658;12;14;12;0
49699;1296;658;12;14;12;0
49700;1308;658;12;14;12;0
49701;1320;658;12;14;12;0
49702;1332;658;12;14;12;0
49703;1344;658;12;14;12;0
49704;1356;658;12;14;12;0
49705;1368;658;12;14;12;0
49706;1380;658;12;14;12;0
49707;1392;658;12;14;12;0
49708;1404;658;12;14;12;0
49709;1416;658;12;14;12;0
49710;1428;658;12;14;12;0
49711;1440;658;12;14;12;0
49712;1452;658;12;14;12;0
49713;1464;658;12;14;12;0
49714;1476;658;12;14;12;0
49715;1488;658;12;14;12;0
49716;1500;658;12;14;12;0
49717;1512;658;12;14;12;0
49718;1524;658;12;14;12;0
49719;1536;658;12;14;12;0
49720;1548;658;12;14;12;0
49721;1560;658;12;14;12;0
49722;1572;658;12;14;12;0
49723;1584;658;12;14;12;0
49724;1596;658;12;14;12;0
49725;1608;658;12;14;12;0
49726;1620;658;12;14;12;0
49727;1632;658;12;14;12;0
49728;1644;658;12;14;12;0
49729;1656;658;12;14;12;0
49730;1668;658;12;14;12;0
49731;1680;658;12;14;12;0
49732;1692;658;12;14;12;0
49733;1704;658;12;14;12;0
49734;1716;658;12;14;12;0
49735;1728;658;12;14;12;0
49736;1740;658;12;14;12;0
49737;1752;658;12;14;12;0
49738;1764;658;12;14;12;0
49739;1776;658;12;14;12;0
49740;1788;658;12;14;12;0
49741;1800;658;12;14;12;0
49742;1812;658;12;14;12;0
49743;1824;658;12;14;12;0
49744;1836;658;12;14;12;0
49745;1848;658;12;14;12;0
49746;1860;658;12;14;12;0
49747;1872;658;12;14;12;0
49748;1884;658;12;14;12;0
49749;1896;658;12;14;12;0
49750;1908;658;12;14;12;0
49751;1920;658;12;14;12;0
49752;1932;658;12;14;12;0
49753;1944;658;12;14;12;0
49754;1956;658;12;14;12;0
49755;1968;658;12;14;12;0
49756;1980;658;12;14;12;0
49757;1992;658;12;14;12;0
49758;2004;658;12;14;12;0
49759;2016;658;12;14;12;0
49760;2028;658;12;14;12;0
49761;0;674;12;14;12;0
49762;12;674;12;14;12;0
49763;24;674;12;14;12;0
49764;36;674;12;14;12;0
49765;48;674;12;14;12;0
49766;60;674;12;14;12;0
49767;72;674;12;14;12;0
49768;84;674;12;14;12;0
49769;96;674;12;14;12;0
49770;108;674;12;14;12;0
49771;120;674;12;14;12;0
49772;132;674;12;14;12;0
49773;144;674;12;14;12;0
49774;156;674;12;14;12;0
49775;168;674;12;14;12;0
49776;180;674;12;14;12;0
49777;192;674;12;14;12;0
49778;204;674;12;14;12;0
49779;216;674;12;14;12;0
49780;228;674;12;14;12;0
49781;240;674;12;14;12;0
49782;252;674;12;14;12;0
49783;264;674;12;14;12;0
49784;276;674;12;14;12;0
49785;288;674;12;14;12;0
49786;300;674;12;14;12;0
49787;312;674;12;14;12;0
49788;324;674;12;14;12;0
49789;336;674;12;14;12;0
49790;348;674;12;14;12;0
49791;360;674;12;14;12;0
49792;372;674;12;14;12;0
49793;384;674;12;14;12;0
49794;396;674;12;14;12;0
49795;408;674;12;14;12;0
49796;420;674;12;14;12;0
49797;432;674;12;14;12;0
49798;444;674;12;14;12;0
49799;456;674;12;14;12;0
49800;468;674;12;14;12;0
49801;480;674;12;14;12;0
49802;492;674;12;14;12;0
49803;504;674;12;14;12;0
49804;516;674;12;14;12;0
49805;528;674;12;14;12;0
49806;540;674;12;14;12;0
49807;552;674;12;14;12;0
49808;564;674;12;14;12;0
49809;576;674;12;14;12;0
49810;588;674;12;14;12;0
49811;600;674;12;14;12;0
49812;612;674;12;14;12;0
49813;624;674;12;14;12;0
49814;636;674;12;14;12;0
49815;648;674;12;14;12;0
49816;660;674;12;14;12;0
49817;672;674;12;14;12;0
49818;684;674;12;14;12;0
49819;696;674;12;14;12;0
49820;708;674;12;14;12;0
49821;720;674;12;14;12;0
49822;732;674;12;14;12;0
49823;744;674;12;14;12;0
49824;756;674;12;14;12;0
49825;768;674;12;14;12;0
49826;780;674;12;14;12;0
49827;792;674;12;14;12;0
49828;804;674;12;14;12;0
49829;816;674;12;14;12;0
49830;828;674;12;14;12;0
49831;840;674;12;14;12;0
49832;852;674;12;14;12;0
49833;864;674;12;14;12;0
49834;876;674;12;14;12;0
49835;888;674;12;14;12;0
49836;900;674;12;14;12;0
49837;912;674;12;14;12;0
49838;924;674;12;14;12;0
49839;936;674;12;14;12;0
49840;948;674;12;14;12;0
49841;960;674;12;14;12;0
49842;972;674;12;14;12;0
49843;984;674;12;14;12;0
49844;996;674;12;14;12;0
49845;1008;674;12;14;12;0
49846;1020;674;12;14;12;0
49847;1032;674;12;14;12;0
49848;1044;674;12;14;12;0
49849;1056;674;12;14;12;0
49850;1068;674;12;14;12;0
49851;1080;674;12;14;12;0
49852;1092;674;12;14;12;0
49853;1104;674;12;14;12;0
49854;1116;674;12;14;12;0
49855;1128;674;12;14;12;0
49856;1140;674;12;14;12;0
49857;1152;674;12;14;12;0
49858;1164;674;12;14;12;0
49859;1176;674;12;14;12;0
49860;1188;674;12;14;12;0
49861;1200;674;12;14;12;0
49862;1212;674;12;14;12;0
49863;1224;674;12;14;12;0
49864;1236;674;12;14;12;0
49865;1248;674;12;14;12;0
49866;1260;674;12;14;12;0
49867;1272;674;12;14;12;0
49868;1284;674;12;14;12;0
49869;1296;674;12;14;12;0
49870;1308;674;12;14;12;0
49871;1320;674;12;14;12;0
49872;1332;674;12;14;12;0
49873;1344;674;12;14;12;0
49874;1356;674;12;14;12;0
49875;1368;674;12;14;12;0
49876;1380;674;12;14;12;0
49877;1392;674;12;14;12;0
49878;1404;674;12;14;12;0
49879;1416;674;12;14;12;0
49880;1428;674;12;14;12;0
49881;1440;674;12;14;12;0
49882;1452;674;12;14;12;0
49883;1464;674;12;14;12;0
49884;1476;674;12;14;12;0
49885;1488;674;12;14;12;0
49886;1500;674;12;14;12;0
49887;1512;674;12;14;12;0
49888;1524;674;12;14;12;0
49889;1536;674;12;14;12;0
49890;1548;674;12;14;12;0
49891;1560;674;12;14;12;0
49892;1572;674;12;14;12;0
49893;1584;674;12;14;12;0
49894;1596;674;12;14;12;0
49895;1608;674;12;14;12;0
49896;1620;674;12;14;12;0
49897;1632;674;12;14;12;0
49898;1644;674;12;14;12;0
49899;1656;674;12;14;12;0
49900;1668;674;12;14;12;0
49901;1680;674;12;14;12;0
49902;1692;674;12;14;12;0
49903;1704;674;12;14;12;0
49904;1716;674;12;14;12;0
49905;1728;674;12;14;12;0
49906;1740;674;12;14;12;0
49907;1752;674;12;14;12;0
49908;1764;674;12;14;12;0
49909;1776;674;12;14;12;0
49910;1788;674;12;14;12;0
49911;1800;674;12;14;12;0
49912;1812;674;12;14;12;0
49913;1824;674;12;14;12;0
49914;1836;674;12;14;12;0
49915;1848;674;12;14;12;0
49916;1860;674;12;14;12;0
49917;1872;674;12;14;12;0
49918;1884;674;12;14;12;0
49919;1896;674;12;14;12;0
49920;1908;674;12;14;12;0
49921;1920;674;12;14;12;0
49922;1932;674;12;14;12;0
49923;1944;674;12;14;12;0
49924;1956;674;12;14;12;0
49925;1968;674;12;14;12;0
49926;1980;674;12;14;12;0
49927;1992;674;12;14;12;0
49928;2004;674;12;14;12;0
49929;2016;674;12;14;12;0
49930;2028;674;12;14;12;0
49931;0;690;12;14;12;0
49932;12;690;12;14;12;0
49933;24;690;12;14;12;0
49934;36;690;12;14;12;0
49935;48;690;12;14;12;0
49936;60;690;12;14;12;0
49937;72;690;12;14;12;0
49938;84;690;12;14;12;0
49939;96;690;12;14;12;0
49940;108;690;12;14;12;0
49941;120;690;12;14;12;0
49942;132;690;12;14;12;0
49943;144;690;12;14;12;0
49944;156;690;12;14;12;0
49945;168;690;12;14;12;0
49946;180;690;12;14;12;0
49947;192;690;12;14;12;0
49948;204;690;12;14;12;0
49949;216;690;12;14;12;0
49950;228;690;12;14;12;0
49951;240;690;12;14;12;0
49952;252;690;12;14;12;0
49953;264;690;12;14;12;0
49954;276;690;12;14;12;0
49955;288;690;12;14;12;0
49956;300;690;12;14;12;0
49957;312;690;12;14;12;0
49958;324;690;12;14;12;0
49959;336;690;12;14;12;0
49960;348;690;12;14;12;0
49961;360;690;12;14;12;0
49962;372;690;12;14;12;0
49963;384;690;12;14;12;0
49964;396;690;12;14;12;0
49965;408;690;12;14;12;0
49966;420;690;12;14;12;0
49967;432;690;12;14;12;0
49968;444;690;12;14;12;0
49969;456;690;12;14;12;0
49970;468;690;12;14;12;0
49971;480;690;12;14;12;0
49972;492;690;12;14;12;0
49973;504;690;12;14;12;0
49974;516;690;12;14;12;0
49975;528;690;12;14;12;0
49976;540;690;12;14;12;0
49977;552;690;12;14;12;0
49978;564;690;12;14;12;0
49979;576;690;12;14;12;0
49980;588;690;12;14;12;0
49981;600;690;12;14;12;0
49982;612;690;12;14;12;0
49983;624;690;12;14;12;0
49984;636;690;12;14;12;0
49985;648;690;12;14;12;0
49986;660;690;12;14;12;0
49987;672;690;12;14;12;0
49988;684;690;12;14;12;0
49989;696;690;12;14;12;0
49990;708;690;12;14;12;0
49991;720;690;12;14;12;0
49992;732;690;12;14;12;0
49993;744;690;12;14;12;0
49994;756;690;12;14;12;0
49995;768;690;12;14;12;0
49996;780;690;12;14;12;0
49997;792;690;12;14;12;0
49998;804;690;12;14;12;0
49999;816;690;12;14;12;0
50000;828;690;12;14;12;0
50001;840;690;12;14;12;0
50002;852;690;12;14;12;0
50003;864;690;12;14;12;0
50004;876;690;12;14;12;0
50005;888;690;12;14;12;0
50006;900;690;12;14;12;0
50007;912;690;12;14;12;0
50008;924;690;12;14;12;0
50009;936;690;12;14;12;0
50010;948;690;12;14;12;0
50011;960;690;12;14;12;0
50012;972;690;12;14;12;0
50013;984;690;12;14;12;0
50014;996;690;12;14;12;0
50015;1008;690;12;14;12;0
50016;1020;690;12;14;12;0
50017;1032;690;12;14;12;0
50018;1044;690;12;14;12;0
50019;1056;690;12;14;12;0
50020;1068;690;12;14;12;0
50021;1080;690;12;14;12;0
50022;1092;690;12;14;12;0
50023;1104;690;12;14;12;0
50024;1116;690;12;14;12;0
50025;1128;690;12;14;12;0
50026;1140;690;12;14;12;0
50027;1152;690;12;14;12;0
50028;1164;690;12;14;12;0
50029;1176;690;12;14;12;0
50030;1188;690;12;14;12;0
50031;1200;690;12;14;12;0
50032;1212;690;12;14;12;0
50033;1224;690;12;14;12;0
50034;1236;690;12;14;12;0
50035;1248;690;12;14;12;0
50036;1260;690;12;14;12;0
50037;1272;690;12;14;12;0
50038;1284;690;12;14;12;0
50039;1296;690;12;14;12;0
50040;1308;690;12;14;12;0
50041;1320;690;12;14;12;0
50042;1332;690;12;14;12;0
50043;1344;690;12;14;12;0
50044;1356;690;12;14;12;0
50045;1368;690;12;14;12;0
50046;1380;690;12;14;12;0
50047;1392;690;12;14;12;0
50048;1404;690;12;14;12;0
50049;1416;690;12;14;12;0
50050;1428;690;12;14;12;0
50051;1440;690;12;14;12;0
50052;1452;690;12;14;12;0
50053;1464;690;12;14;12;0
50054;1476;690;12;14;12;0
50055;1488;690;12;14;12;0
50056;1500;690;12;14;12;0
50057;1512;690;12;14;12;0
50058;1524;690;12;14;12;0
50059;1536;690;12;14;12;0
50060;1548;690;12;14;12;0
50061;1560;690;12;14;12;0
50062;1572;690;12;14;12;0
50063;1584;690;12;14;12;0
50064;1596;690;12;14;12;0
50065;1608;690;12;14;12;0
50066;1620;690;12;14;12;0
50067;1632;690;12;14;12;0
50068;1644;690;12;14;12;0
50069;1656;690;12;14;12;0
50070;1668;690;12;14;12;0
50071;1680;690;12;14;12;0
50072;1692;690;12;14;12;0
50073;1704;690;12;14;12;0
50074;1716;690;12;14;12;0
50075;1728;690;12;14;12;0
50076;1740;690;12;14;12;0
50077;1752;690;12;14;12;0
50078;1764;690;12;14;12;0
50079;1776;690;12;14;12;0
50080;1788;690;12;14;12;0
50081;1800;690;12;14;12;0
50082;1812;690;12;14;12;0
50083;1824;690;12;14;12;0
50084;1836;690;12;14;12;0
50085;1848;690;12;14;12;0
50086;1860;690;12;14;12;0
50087;1872;690;12;14;12;0
50088;1884;690;12;14;12;0
50089;1896;690;12;14;12;0
50090;1908;690;12;14;12;0
50091;1920;690;12;14;12;0
50092;1932;690;12;14;12;0
50093;1944;690;12;14;12;0
50094;1956;690;12;14;12;0
50095;1968;690;12;14;12;0
50096;1980;690;12;14;12;0
50097;1992;690;12;14;12;0
50098;2004;690;12;14;12;0
50099;2016;690;12;14;12;0
50100;2028;690;12;14;12;0
50101;0;706;12;14;12;0
50102;12;706;12;14;12;0
50103;24;706;12;14;12;0
50104;36;706;12;14;12;0
50105;48;706;12;14;12;0
50106;60;706;12;14;12;0
50107;72;706;12;14;12;0
50108;84;706;12;14;12;0
50109;96;706;12;14;12;0
50110;108;706;12;14;12;0
50111;120;706;12;14;12;0
50112;132;706;12;14;12;0
50113;144;706;12;14;12;0
50114;156;706;12;14;12;0
50115;168;706;12;14;12;0
50116;180;706;12;14;12;0
50117;192;706;12;14;12;0
50118;204;706;12;14;12;0
50119;216;706;12;14;12;0
50120;228;706;12;14;12;0
50121;240;706;12;14;12;0
50122;252;706;12;14;12;0
50123;264;706;12;14;12;0
50124;276;706;12;14;12;0
50125;288;706;12;14;12;0
50126;300;706;12;14;12;0
50127;312;706;12;14;12;0
50128;324;706;12;14;12;0
50129;336;706;12;14;12;0
50130;348;706;12;14;12;0
50131;360;706;12;14;12;0
50132;372;706;12;14;12;0
50133;384;706;12;14;12;0
50134;396;706;12;14;12;0
50135;408;706;12;14;12;0
50136;420;706;12;14;12;0
50137;432;706;12;14;12;0
50138;444;706;12;14;12;0
50139;456;706;12;14;12;0
50140;468;706;12;14;12;0
50141;480;706;12;14;12;0
50142;492;706;12;14;12;0
50143;504;706;12;14;12;0
50144;516;706;12;14;12;0
50145;528;706;12;14;12;0
50146;540;706;12;14;12;0
50147;552;706;12;14;12;0
50148;564;706;12;14;12;0
50149;576;706;12;14;12;0
50150;588;706;12;14;12;0
50151;600;706;12;14;12;0
50152;612;706;12;14;12;0
50153;624;706;12;14;12;0
50154;636;706;12;14;12;0
50155;648;706;12;14;12;0
50156;660;706;12;14;12;0
50157;672;706;12;14;12;0
50158;684;706;12;14;12;0
50159;696;706;12;14;12;0
50160;708;706;12;14;12;0
50161;720;706;12;14;12;0
50162;732;706;12;14;12;0
50163;744;706;12;14;12;0
50164;756;706;12;14;12;0
50165;768;706;12;14;12;0
50166;780;706;12;14;12;0
50167;792;706;12;14;12;0
50168;804;706;12;14;12;0
50169;816;706;12;14;12;0
50170;828;706;12;14;12;0
50171;840;706;12;14;12;0
50172;852;706;12;14;12;0
50173;864;706;12;14;12;0
50174;876;706;12;14;12;0
50175;888;706;12;14;12;0
50176;900;706;12;14;12;0
50177;912;706;12;14;12;0
50178;924;706;12;14;12;0
50179;936;706;12;14;12;0
50180;948;706;12;14;12;0
50181;960;706;12;14;12;0
50182;972;706;12;14;12;0
50183;984;706;12;14;12;0
50184;996;706;12;14;12;0
50185;1008;706;12;14;12;0
50186;1020;706;12;14;12;0
50187;1032;706;12;14;12;0
50188;1044;706;12;14;12;0
50189;1056;706;12;14;12;0
50190;1068;706;12;14;12;0
50191;1080;706;12;14;12;0
50192;1092;706;12;14;12;0
50193;1104;706;12;14;12;0
50194;1116;706;12;14;12;0
50195;1128;706;12;14;12;0
50196;1140;706;12;14;12;0
50197;1152;706;12;14;12;0
50198;1164;706;12;14;12;0
50199;1176;706;12;14;12;0
50200;1188;706;12;14;12;0
50201;1200;706;12;14;12;0
50202;1212;706;12;14;12;0
50203;1224;706;12;14;12;0
50204;1236;706;12;14;12;0
50205;1248;706;12;14;12;0
50206;1260;706;12;14;12;0
50207;1272;706;12;14;12;0
50208;1284;706;12;14;12;0
50209;1296;706;12;14;12;0
50210;1308;706;12;14;12;0
50211;1320;706;12;14;12;0
50212;1332;706;12;14;12;0
50213;1344;706;12;14;12;0
50214;1356;706;12;14;12;0
50215;1368;706;12;14;12;0
50216;1380;706;12;14;12;0
50217;1392;706;12;14;12;0
50218;1404;706;12;14;12;0
50219;1416;706;12;14;12;0
50220;1428;706;12;14;12;0
50221;1440;706;12;14;12;0
50222;1452;706;12;14;12;0
50223;1464;706;12;14;12;0
50224;1476;706;12;14;12;0
50225;1488;706;12;14;12;0
50226;1500;706;12;14;12;0
50227;1512;706;12;14;12;0
50228;1524;706;12;14;12;0
50229;1536;706;12;14;12;0
50230;1548;706;12;14;12;0
50231;1560;706;12;14;12;0
50232;1572;706;12;14;12;0
50233;1584;706;12;14;12;0
50234;1596;706;12;14;12;0
50235;1608;706;12;14;12;0
50236;1620;706;12;14;12;0
50237;1632;706;12;14;12;0
50238;1644;706;12;14;12;0
50239;1656;706;12;14;12;0
50240;1668;706;12;14;12;0
50241;1680;706;12;14;12;0
50242;1692;706;12;14;12;0
50243;1704;706;12;14;12;0
50244;1716;706;12;14;12;0
50245;1728;706;12;14;12;0
50246;1740;706;12;14;12;0
50247;1752;706;12;14;12;0
50248;1764;706;12;14;12;0
50249;1776;706;12;14;12;0
50250;1788;706;12;14;12;0
50251;1800;706;12;14;12;0
50252;1812;706;12;14;12;0
50253;1824;706;12;14;12;0
50254;1836;706;12;14;12;0
50255;1848;706;12;14;12;0
50256;1860;706;12;14;12;0
50257;1872;706;12;14;12;0
50258;1884;706;12;14;12;0
50259;1896;706;12;14;12;0
50260;1908;706;12;14;12;0
50261;1920;706;12;14;12;0
50262;1932;706;12;14;12;0
50263;1944;706;12;14;12;0
50264;1956;706;12;14;12;0
50265;1968;706;12;14;12;0
50266;1980;706;12;14;12;0
50267;1992;706;12;14;12;0
50268;2004;706;12;14;12;0
50269;2016;706;12;14;12;0
50270;2028;706;12;14;12;0
50271;0;722;12;14;12;0
50272;12;722;12;14;12;0
50273;24;722;12;14;12;0
50274;36;722;12;14;12;0
50275;48;722;12;14;12;0
50276;60;722;12;14;12;0
50277;72;722;12;14;12;0
50278;84;722;12;14;12;0
50279;96;722;12;14;12;0
50280;108;722;12;14;12;0
50281;120;722;12;14;12;0
50282;132;722;12;14;12;0
50283;144;722;12;14;12;0
50284;156;722;12;14;12;0
50285;168;722;12;14;12;0
50286;180;722;12;14;12;0
50287;192;722;12;14;12;0
50288;204;722;12;14;12;0
50289;216;722;12;14;12;0
50290;228;722;12;14;12;0
50291;240;722;12;14;12;0
50292;252;722;12;14;12;0
50293;264;722;12;14;12;0
50294;276;722;12;14;12;0
50295;288;722;12;14;12;0
50296;300;722;12;14;12;0
50297;312;722;12;14;12;0
50298;324;722;12;14;12;0
50299;336;722;12;14;12;0
50300;348;722;12;14;12;0
50301;360;722;12;14;12;0
50302;372;722;12;14;12;0
50303;384;722;12;14;12;0
50304;396;722;12;14;12;0
50305;408;722;12;14;12;0
50306;420;722;12;14;12;0
50307;432;722;12;14;12;0
50308;444;722;12;14;12;0
50309;456;722;12;14;12;0
50310;468;722;12;14;12;0
50311;480;722;12;14;12;0
50312;492;722;12;14;12;0
50313;504;722;12;14;12;0
50314;516;722;12;14;12;0
50315;528;722;12;14;12;0
50316;540;722;12;14;12;0
50317;552;722;12;14;12;0
50318;564;722;12;14;12;0
50319;576;722;12;14;12;0
50320;588;722;12;14;12;0
50321;600;722;12;14;12;0
50322;612;722;12;14;12;0
50323;624;722;12;14;12;0
50324;636;722;12;14;12;0
50325;648;722;12;14;12;0
50326;660;722;12;14;12;0
50327;672;722;12;14;12;0
50328;684;722;12;14;12;0
50329;696;722;12;14;12;0
50330;708;722;12;14;12;0
50331;720;722;12;14;12;0
50332;732;722;12;14;12;0
50333;744;722;12;14;12;0
50334;756;722;12;14;12;0
50335;768;722;12;14;12;0
50336;780;722;12;14;12;0
50337;792;722;12;14;12;0
50338;804;722;12;14;12;0
50339;816;722;12;14;12;0
50340;828;722;12;14;12;0
50341;840;722;12;14;12;0
50342;852;722;12;14;12;0
50343;864;722;12;14;12;0
50344;876;722;12;14;12;0
50345;888;722;12;14;12;0
50346;900;722;12;14;12;0
50347;912;722;12;14;12;0
50348;924;722;12;14;12;0
50349;936;722;12;14;12;0
50350;948;722;12;14;12;0
50351;960;722;12;14;12;0
50352;972;722;12;14;12;0
50353;984;722;12;14;12;0
50354;996;722;12;14;12;0
50355;1008;722;12;14;12;0
50356;1020;722;12;14;12;0
50357;1032;722;12;14;12;0
50358;1044;722;12;14;12;0
50359;1056;722;12;14;12;0
50360;1068;722;12;14;12;0
50361;1080;722;12;14;12;0
50362;1092;722;12;14;12;0
50363;1104;722;12;14;12;0
50364;1116;722;12;14;12;0
50365;1128;722;12;14;12;0
50366;1140;722;12;14;12;0
50367;1152;722;12;14;12;0
50368;1164;722;12;14;12;0
50369;1176;722;12;14;12;0
50370;1188;722;12;14;12;0
50371;1200;722;12;14;12;0
50372;1212;722;12;14;12;0
50373;1224;722;12;14;12;0
50374;1236;722;12;14;12;0
50375;1248;722;12;14;12;0
50376;1260;722;12;14;12;0
50377;1272;722;12;14;12;0
50378;1284;722;12;14;12;0
50379;1296;722;12;14;12;0
50380;1308;722;12;14;12;0
50381;1320;722;12;14;12;0
50382;1332;722;12;14;12;0
50383;1344;722;12;14;12;0
50384;1356;722;12;14;12;0
50385;1368;722;12;14;12;0
50386;1380;722;12;14;12;0
50387;1392;722;12;14;12;0
50388;1404;722;12;14;12;0
50389;1416;722;12;14;12;0
50390;1428;722;12;14;12;0
50391;1440;722;12;14;12;0
50392;1452;722;12;14;12;0
50393;1464;722;12;14;12;0
50394;1476;722;12;14;12;0
50395;1488;722;12;14;12;0
50396;1500;722;12;14;12;0
50397;1512;722;12;14;12;0
50398;1524;722;12;14;12;0
50399;1536;722;12;14;12;0
50400;1548;722;12;14;12;0
50401;1560;722;12;14;12;0
50402;1572;722;12;14;12;0
50403;1584;722;12;14;12;0
50404;1596;722;12;14;12;0
50405;1608;722;12;14;12;0
50406;1620;722;12;14;12;0
50407;1632;722;12;14;12;0
50408;1644;722;12;14;12;0
50409;1656;722;12;14;12;0
50410;1668;722;12;14;12;0
50411;1680;722;12;14;12;0
50412;1692;722;12;14;12;0
50413;1704;722;12;14;12;0
50414;1716;722;12;14;12;0
50415;1728;722;12;14;12;0
50416;1740;722;12;14;12;0
50417;1752;722;12;14;12;0
50418;1764;722;12;14;12;0
50419;1776;722;12;14;12;0
50420;1788;722;12;14;12;0
50421;1800;722;12;14;12;0
50422;1812;722;12;14;12;0
50423;1824;722;12;14;12;0
50424;1836;722;12;14;12;0
50425;1848;722;12;14;12;0
50426;1860;722;12;14;12;0
50427;1872;722;12;14;12;0
50428;1884;722;12;14;12;0
50429;1896;722;12;14;12;0
50430;1908;722;12;14;12;0
50431;1920;722;12;14;12;0
50432;1932;722;12;14;12;0
50433;1944;722;12;14;12;0
50434;1956;722;12;14;12;0
50435;1968;722;12;14;12;0
50436;1980;722;12;14;12;0
50437;1992;722;12;14;12;0
50438;2004;722;12;14;12;0
50439;2016;722;12;14;12;0
50440;2028;722;12;14;12;0
50441;0;738;12;14;12;0
50442;12;738;12;14;12;0
50443;24;738;12;14;12;0
50444;36;738;12;14;12;0
50445;48;738;12;14;12;0
50446;60;738;12;14;12;0
50447;72;738;12;14;12;0
50448;84;738;12;14;12;0
50449;96;738;12;14;12;0
50450;108;738;12;14;12;0
50451;120;738;12;14;12;0
50452;132;738;12;14;12;0
50453;144;738;12;14;12;0
50454;156;738;12;14;12;0
50455;168;738;12;14;12;0
50456;180;738;12;14;12;0
50457;192;738;12;14;12;0
50458;204;738;12;14;12;0
50459;216;738;12;14;12;0
50460;228;738;12;14;12;0
50461;240;738;12;14;12;0
50462;252;738;12;14;12;0
50463;264;738;12;14;12;0
50464;276;738;12;14;12;0
50465;288;738;12;14;12;0
50466;300;738;12;14;12;0
50467;312;738;12;14;12;0
50468;324;738;12;14;12;0
50469;336;738;12;14;12;0
50470;348;738;12;14;12;0
50471;360;738;12;14;12;0
50472;372;738;12;14;12;0
50473;384;738;12;14;12;0
50474;396;738;12;14;12;0
50475;408;738;12;14;12;0
50476;420;738;12;14;12;0
50477;432;738;12;14;12;0
50478;444;738;12;14;12;0
50479;456;738;12;14;12;0
50480;468;738;12;14;12;0
50481;480;738;12;14;12;0
50482;492;738;12;14;12;0
50483;504;738;12;14;12;0
50484;516;738;12;14;12;0
50485;528;738;12;14;12;0
50486;540;738;12;14;12;0
50487;552;738;12;14;12;0
50488;564;738;12;14;12;0
50489;576;738;12;14;12;0
50490;588;738;12;14;12;0
50491;600;738;12;14;12;0
50492;612;738;12;14;12;0
50493;624;738;12;14;12;0
50494;636;738;12;14;12;0
50495;648;738;12;14;12;0
50496;660;738;12;14;12;0
50497;672;738;12;14;12;0
50498;684;738;12;14;12;0
50499;696;738;12;14;12;0
50500;708;738;12;14;12;0
50501;720;738;12;14;12;0
50502;732;738;12;14;12;0
50503;744;738;12;14;12;0
50504;756;738;12;14;12;0
50505;768;738;12;14;12;0
50506;780;738;12;14;12;0
50507;792;738;12;14;12;0
50508;804;738;12;14;12;0
50509;816;738;12;14;12;0
50510;828;738;12;14;12;0
50511;840;738;12;14;12;0
50512;852;738;12;14;12;0
50513;864;738;12;14;12;0
50514;876;738;12;14;12;0
50515;888;738;12;14;12;0
50516;900;738;12;14;12;0
50517;912;738;12;14;12;0
50518;924;738;12;14;12;0
50519;936;738;12;14;12;0
50520;948;738;12;14;12;0
50521;960;738;12;14;12;0
50522;972;738;12;14;12;0
50523;984;738;12;14;12;0
50524;996;738;12;14;12;0
50525;1008;738;12;14;12;0
50526;1020;738;12;14;12;0
50527;1032;738;12;14;12;0
50528;1044;738;12;14;12;0
50529;1056;738;12;14;12;0
50530;1068;738;12;14;12;0
50531;1080;738;12;14;12;0
50532;1092;738;12;14;12;0
50533;1104;738;12;14;12;0
50534;1116;738;12;14;12;0
50535;1128;738;12;14;12;0
50536;1140;738;12;14;12;0
50537;1152;738;12;14;12;0
50538;1164;738;12;14;12;0
50539;1176;738;12;14;12;0
50540;1188;738;12;14;12;0
50541;1200;738;12;14;12;0
50542;1212;738;12;14;12;0
50543;1224;738;12;14;12;0
50544;1236;738;12;14;12;0
50545;1248;738;12;14;12;0
50546;1260;738;12;14;12;0
50547;1272;738;12;14;12;0
50548;1284;738;12;14;12;0
50549;1296;738;12;14;12;0
50550;1308;738;12;14;12;0
50551;1320;738;12;14;12;0
50552;1332;738;12;14;12;0
50553;1344;738;12;14;12;0
50554;1356;738;12;14;12;0
50555;1368;738;12;14;12;0
50556;1380;738;12;14;12;0
50557;1392;738;12;14;12;0
50558;1404;738;12;14;12;0
50559;1416;738;12;14;12;0
50560;1428;738;12;14;12;0
50561;1440;738;12;14;12;0
50562;1452;738;12;14;12;0
50563;1464;738;12;14;12;0
50564;1476;738;12;14;12;0
50565;1488;738;12;14;12;0
50566;1500;738;12;14;12;0
50567;1512;738;12;14;12;0
50568;1524;738;12;14;12;0
50569;1536;738;12;14;12;0
50570;1548;738;12;14;12;0
50571;1560;738;12;14;12;0
50572;1572;738;12;14;12;0
50573;1584;738;12;14;12;0
50574;1596;738;12;14;12;0
50575;1608;738;12;14;12;0
50576;1620;738;12;14;12;0
50577;1632;738;12;14;12;0
50578;1644;738;12;14;12;0
50579;1656;738;12;14;12;0
50580;1668;738;12;14;12;0
50581;1680;738;12;14;12;0
50582;1692;738;12;14;12;0
50583;1704;738;12;14;12;0
50584;1716;738;12;14;12;0
50585;1728;738;12;14;12;0
50586;1740;738;12;14;12;0
50587;1752;738;12;14;12;0
50588;1764;738;12;14;12;0
50589;1776;738;12;14;12;0
50590;1788;738;12;14;12;0
50591;1800;738;12;14;12;0
50592;1812;738;12;14;12;0
50593;1824;738;12;14;12;0
50594;1836;738;12;14;12;0
50595;1848;738;12;14;12;0
50596;1860;738;12;14;12;0
50597;1872;738;12;14;12;0
50598;1884;738;12;14;12;0
50599;1896;738;12;14;12;0
50600;1908;738;12;14;12;0
50601;1920;738;12;14;12;0
50602;1932;738;12;14;12;0
50603;1944;738;12;14;12;0
50604;1956;738;12;14;12;0
50605;1968;738;12;14;12;0
50606;1980;738;12;14;12;0
50607;1992;738;12;14;12;0
50608;2004;738;12;14;12;0
50609;2016;738;12;14;12;0
50610;2028;738;12;14;12;0
50611;0;754;12;14;12;0
50612;12;754;12;14;12;0
50613;24;754;12;14;12;0
50614;36;754;12;14;12;0
50615;48;754;12;14;12;0
50616;60;754;12;14;12;0
50617;72;754;12;14;12;0
50618;84;754;12;14;12;0
50619;96;754;12;14;12;0
50620;108;754;12;14;12;0
50621;120;754;12;14;12;0
50622;132;754;12;14;12;0
50623;144;754;12;14;12;0
50624;156;754;12;14;12;0
50625;168;754;12;14;12;0
50626;180;754;12;14;12;0
50627;192;754;12;14;12;0
50628;204;754;12;14;12;0
50629;216;754;12;14;12;0
50630;228;754;12;14;12;0
50631;240;754;12;14;12;0
50632;252;754;12;14;12;0
50633;264;754;12;14;12;0
50634;276;754;12;14;12;0
50635;288;754;12;14;12;0
50636;300;754;12;14;12;0
50637;312;754;12;14;12;0
50638;324;754;12;14;12;0
50639;336;754;12;14;12;0
50640;348;754;12;14;12;0
50641;360;754;12;14;12;0
50642;372;754;12;14;12;0
50643;384;754;12;14;12;0
50644;396;754;12;14;12;0
50645;408;754;12;14;12;0
50646;420;754;12;14;12;0
50647;432;754;12;14;12;0
50648;444;754;12;14;12;0
50649;456;754;12;14;12;0
50650;468;754;12;14;12;0
50651;480;754;12;14;12;0
50652;492;754;12;14;12;0
50653;504;754;12;14;12;0
50654;516;754;12;14;12;0
50655;528;754;12;14;12;0
50656;540;754;12;14;12;0
50657;552;754;12;14;12;0
50658;564;754;12;14;12;0
50659;576;754;12;14;12;0
50660;588;754;12;14;12;0
50661;600;754;12;14;12;0
50662;612;754;12;14;12;0
50663;624;754;12;14;12;0
50664;636;754;12;14;12;0
50665;648;754;12;14;12;0
50666;660;754;12;14;12;0
50667;672;754;12;14;12;0
50668;684;754;12;14;12;0
50669;696;754;12;14;12;0
50670;708;754;12;14;12;0
50671;720;754;12;14;12;0
50672;732;754;12;14;12;0
50673;744;754;12;14;12;0
50674;756;754;12;14;12;0
50675;768;754;12;14;12;0
50676;780;754;12;14;12;0
50677;792;754;12;14;12;0
50678;804;754;12;14;12;0
50679;816;754;12;14;12;0
50680;828;754;12;14;12;0
50681;840;754;12;14;12;0
50682;852;754;12;14;12;0
50683;864;754;12;14;12;0
50684;876;754;12;14;12;0
50685;888;754;12;14;12;0
50686;900;754;12;14;12;0
50687;912;754;12;14;12;0
50688;924;754;12;14;12;0
50689;936;754;12;14;12;0
50690;948;754;12;14;12;0
50691;960;754;12;14;12;0
50692;972;754;12;14;12;0
50693;984;754;12;14;12;0
50694;996;754;12;14;12;0
50695;1008;754;12;14;12;0
50696;1020;754;12;14;12;0
50697;1032;754;12;14;12;0
50698;1044;754;12;14;12;0
50699;1056;754;12;14;12;0
50700;1068;754;12;14;12;0
50701;1080;754;12;14;12;0
50702;1092;754;12;14;12;0
50703;1104;754;12;14;12;0
50704;1116;754;12;14;12;0
50705;1128;754;12;14;12;0
50706;1140;754;12;14;12;0
50707;1152;754;12;14;12;0
50708;1164;754;12;14;12;0
50709;1176;754;12;14;12;0
50710;1188;754;12;14;12;0
50711;1200;754;12;14;12;0
50712;1212;754;12;14;12;0
50713;1224;754;12;14;12;0
50714;1236;754;12;14;12;0
50715;1248;754;12;14;12;0
50716;1260;754;12;14;12;0
50717;1272;754;12;14;12;0
50718;1284;754;12;14;12;0
50719;1296;754;12;14;12;0
50720;1308;754;12;14;12;0
50721;1320;754;12;14;12;0
50722;1332;754;12;14;12;0
50723;1344;754;12;14;12;0
50724;1356;754;12;14;12;0
50725;1368;754;12;14;12;0
50726;1380;754;12;14;12;0
50727;1392;754;12;14;12;0
50728;1404;754;12;14;12;0
50729;1416;754;12;14;12;0
50730;1428;754;12;14;12;0
50731;1440;754;12;14;12;0
50732;1452;754;12;14;12;0
50733;1464;754;12;14;12;0
50734;1476;754;12;14;12;0
50735;1488;754;12;14;12;0
50736;1500;754;12;14;12;0
50737;1512;754;12;14;12;0
50738;1524;754;12;14;12;0
50739;1536;754;12;14;12;0
50740;1548;754;12;14;12;0
50741;1560;754;12;14;12;0
50742;1572;754;12;14;12;0
50743;1584;754;12;14;12;0
50744;1596;754;12;14;12;0
50745;1608;754;12;14;12;0
50746;1620;754;12;14;12;0
50747;1632;754;12;14;12;0
50748;1644;754;12;14;12;0
50749;1656;754;12;14;12;0
50750;1668;754;12;14;12;0
50751;1680;754;12;14;12;0
50752;1692;754;12;14;12;0
50753;1704;754;12;14;12;0
50754;1716;754;12;14;12;0
50755;1728;754;12;14;12;0
50756;1740;754;12;14;12;0
50757;1752;754;12;14;12;0
50758;1764;754;12;14;12;0
50759;1776;754;12;14;12;0
50760;1788;754;12;14;12;0
50761;1800;754;12;14;12;0
50762;1812;754;12;14;12;0
50763;1824;754;12;14;12;0
50764;1836;754;12;14;12;0
50765;1848;754;12;14;12;0
50766;1860;754;12;14;12;0
50767;1872;754;12;14;12;0
50768;1884;754;12;14;12;0
50769;1896;754;12;14;12;0
50770;1908;754;12;14;12;0
50771;1920;754;12;14;12;0
50772;1932;754;12;14;12;0
50773;1944;754;12;14;12;0
50774;1956;754;12;14;12;0
50775;1968;754;12;14;12;0
50776;1980;754;12;14;12;0
50777;1992;754;12;14;12;0
50778;2004;754;12;14;12;0
50779;2016;754;12;14;12;0
50780;2028;754;12;14;12;0
50781;0;770;12;14;12;0
50782;12;770;12;14;12;0
50783;24;770;12;14;12;0
50784;36;770;12;14;12;0
50785;48;770;12;14;12;0
50786;60;770;12;14;12;0
50787;72;770;12;14;12;0
50788;84;770;12;14;12;0
50789;96;770;12;14;12;0
50790;108;770;12;14;12;0
50791;120;770;12;14;12;0
50792;132;770;12;14;12;0
50793;144;770;12;14;12;0
50794;156;770;12;14;12;0
50795;168;770;12;14;12;0
50796;180;770;12;14;12;0
50797;192;770;12;14;12;0
50798;204;770;12;14;12;0
50799;216;770;12;14;12;0
50800;228;770;12;14;12;0
50801;240;770;12;14;12;0
50802;252;770;12;14;12;0
50803;264;770;12;14;12;0
50804;276;770;12;14;12;0
50805;288;770;12;14;12;0
50806;300;770;12;14;12;0
50807;312;770;12;14;12;0
50808;324;770;12;14;12;0
50809;336;770;12;14;12;0
50810;348;770;12;14;12;0
50811;360;770;12;14;12;0
50812;372;770;12;14;12;0
50813;384;770;12;14;12;0
50814;396;770;12;14;12;0
50815;408;770;12;14;12;0
50816;420;770;12;14;12;0
50817;432;770;12;14;12;0
50818;444;770;12;14;12;0
50819;456;770;12;14;12;0
50820;468;770;12;14;12;0
50821;480;770;12;14;12;0
50822;492;770;12;14;12;0
50823;504;770;12;14;12;0
50824;516;770;12;14;12;0
50825;528;770;12;14;12;0
50826;540;770;12;14;12;0
50827;552;770;12;14;12;0
50828;564;770;12;14;12;0
50829;576;770;12;14;12;0
50830;588;770;12;14;12;0
50831;600;770;12;14;12;0
50832;612;770;12;14;12;0
50833;624;770;12;14;12;0
50834;636;770;12;14;12;0
50835;648;770;12;14;12;0
50836;660;770;12;14;12;0
50837;672;770;12;14;12;0
50838;684;770;12;14;12;0
50839;696;770;12;14;12;0
50840;708;770;12;14;12;0
50841;720;770;12;14;12;0
50842;732;770;12;14;12;0
50843;744;770;12;14;12;0
50844;756;770;12;14;12;0
50845;768;770;12;14;12;0
50846;780;770;12;14;12;0
50847;792;770;12;14;12;0
50848;804;770;12;14;12;0
50849;816;770;12;14;12;0
50850;828;770;12;14;12;0
50851;840;770;12;14;12;0
50852;852;770;12;14;12;0
50853;864;770;12;14;12;0
50854;876;770;12;14;12;0
50855;888;770;12;14;12;0
50856;900;770;12;14;12;0
50857;912;770;12;14;12;0
50858;924;770;12;14;12;0
50859;936;770;12;14;12;0
50860;948;770;12;14;12;0
50861;960;770;12;14;12;0
50862;972;770;12;14;12;0
50863;984;770;12;14;12;0
50864;996;770;12;14;12;0
50865;1008;770;12;14;12;0
50866;1020;770;12;14;12;0
50867;1032;770;12;14;12;0
50868;1044;770;12;14;12;0
50869;1056;770;12;14;12;0
50870;1068;770;12;14;12;0
50871;1080;770;12;14;12;0
50872;1092;770;12;14;12;0
50873;1104;770;12;14;12;0
50874;1116;770;12;14;12;0
50875;1128;770;12;14;12;0
50876;1140;770;12;14;12;0
50877;1152;770;12;14;12;0
50878;1164;770;12;14;12;0
50879;1176;770;12;14;12;0
50880;1188;770;12;14;12;0
50881;1200;770;12;14;12;0
50882;1212;770;12;14;12;0
50883;1224;770;12;14;12;0
50884;1236;770;12;14;12;0
50885;1248;770;12;14;12;0
50886;1260;770;12;14;12;0
50887;1272;770;12;14;12;0
50888;1284;770;12;14;12;0
50889;1296;770;12;14;12;0
50890;1308;770;12;14;12;0
50891;1320;770;12;14;12;0
50892;1332;770;12;14;12;0
50893;1344;770;12;14;12;0
50894;1356;770;12;14;12;0
50895;1368;770;12;14;12;0
50896;1380;770;12;14;12;0
50897;1392;770;12;14;12;0
50898;1404;770;12;14;12;0
50899;1416;770;12;14;12;0
50900;1428;770;12;14;12;0
50901;1440;770;12;14;12;0
50902;1452;770;12;14;12;0
50903;1464;770;12;14;12;0
50904;1476;770;12;14;12;0
50905;1488;770;12;14;12;0
50906;1500;770;12;14;12;0
50907;1512;770;12;14;12;0
50908;1524;770;12;14;12;0
50909;1536;770;12;14;12;0
50910;1548;770;12;14;12;0
50911;1560;770;12;14;12;0
50912;1572;770;12;14;12;0
50913;1584;770;12;14;12;0
50914;1596;770;12;14;12;0
50915;1608;770;12;14;12;0
50916;1620;770;12;14;12;0
50917;1632;770;12;14;12;0
50918;1644;770;12;14;12;0
50919;1656;770;12;14;12;0
50920;1668;770;12;14;12;0
50921;1680;770;12;14;12;0
50922;1692;770;12;14;12;0
50923;1704;770;12;14;12;0
50924;1716;770;12;14;12;0
50925;1728;770;12;14;12;0
50926;1740;770;12;14;12;0
50927;1752;770;12;14;12;0
50928;1764;770;12;14;12;0
50929;1776;770;12;14;12;0
50930;1788;770;12;14;12;0
50931;1800;770;12;14;12;0
50932;1812;770;12;14;12;0
50933;1824;770;12;14;12;0
50934;1836;770;12;14;12;0
50935;1848;770;12;14;12;0
50936;1860;770;12;14;12;0
50937;1872;770;12;14;12;0
50938;1884;770;12;14;12;0
50939;1896;770;12;14;12;0
50940;1908;770;12;14;12;0
50941;1920;770;12;14;12;0
50942;1932;770;12;14;12;0
50943;1944;770;12;14;12;0
50944;1956;770;12;14;12;0
50945;1968;770;12;14;12;0
50946;1980;770;12;14;12;0
50947;1992;770;12;14;12;0
50948;2004;770;12;14;12;0
50949;2016;770;12;14;12;0
50950;2028;770;12;14;12;0
50951;0;786;12;14;12;0
50952;12;786;12;14;12;0
50953;24;786;12;14;12;0
50954;36;786;12;14;12;0
50955;48;786;12;14;12;0
50956;60;786;12;14;12;0
50957;72;786;12;14;12;0
50958;84;786;12;14;12;0
50959;96;786;12;14;12;0
50960;108;786;12;14;12;0
50961;120;786;12;14;12;0
50962;132;786;12;14;12;0
50963;144;786;12;14;12;0
50964;156;786;12;14;12;0
50965;168;786;12;14;12;0
50966;180;786;12;14;12;0
50967;192;786;12;14;12;0
50968;204;786;12;14;12;0
50969;216;786;12;14;12;0
50970;228;786;12;14;12;0
50971;240;786;12;14;12;0
50972;252;786;12;14;12;0
50973;264;786;12;14;12;0
50974;276;786;12;14;12;0
50975;288;786;12;14;12;0
50976;300;786;12;14;12;0
50977;312;786;12;14;12;0
50978;324;786;12;14;12;0
50979;336;786;12;14;12;0
50980;348;786;12;14;12;0
50981;360;786;12;14;12;0
50982;372;786;12;14;12;0
50983;384;786;12;14;12;0
50984;396;786;12;14;12;0
50985;408;786;12;14;12;0
50986;420;786;12;14;12;0
50987;432;786;12;14;12;0
50988;444;786;12;14;12;0
50989;456;786;12;14;12;0
50990;468;786;12;14;12;0
50991;480;786;12;14;12;0
50992;492;786;12;14;12;0
50993;504;786;12;14;12;0
50994;516;786;12;14;12;0
50995;528;786;12;14;12;0
50996;540;786;12;14;12;0
50997;552;786;12;14;12;0
50998;564;786;12;14;12;0
50999;576;786;12;14;12;0
51000;588;786;12;14;12;0
51001;600;786;12;14;12;0
51002;612;786;12;14;12;0
51003;624;786;12;14;12;0
51004;636;786;12;14;12;0
51005;648;786;12;14;12;0
51006;660;786;12;14;12;0
51007;672;786;12;14;12;0
51008;684;786;12;14;12;0
51009;696;786;12;14;12;0
51010;708;786;12;14;12;0
51011;720;786;12;14;12;0
51012;732;786;12;14;12;0
51013;744;786;12;14;12;0
51014;756;786;12;14;12;0
51015;768;786;12;14;12;0
51016;780;786;12;14;12;0
51017;792;786;12;14;12;0
51018;804;786;12;14;12;0
51019;816;786;12;14;12;0
51020;828;786;12;14;12;0
51021;840;786;12;14;12;0
51022;852;786;12;14;12;0
51023;864;786;12;14;12;0
51024;876;786;12;14;12;0
51025;888;786;12;14;12;0
51026;900;786;12;14;12;0
51027;912;786;12;14;12;0
51028;924;786;12;14;12;0
51029;936;786;12;14;12;0
51030;948;786;12;14;12;0
51031;960;786;12;14;12;0
51032;972;786;12;14;12;0
51033;984;786;12;14;12;0
51034;996;786;12;14;12;0
51035;1008;786;12;14;12;0
51036;1020;786;12;14;12;0
51037;1032;786;12;14;12;0
51038;1044;786;12;14;12;0
51039;1056;786;12;14;12;0
51040;1068;786;12;14;12;0
51041;1080;786;12;14;12;0
51042;1092;786;12;14;12;0
51043;1104;786;12;14;12;0
51044;1116;786;12;14;12;0
51045;1128;786;12;14;12;0
51046;1140;786;12;14;12;0
51047;1152;786;12;14;12;0
51048;1164;786;12;14;12;0
51049;1176;786;12;14;12;0
51050;1188;786;12;14;12;0
51051;1200;786;12;14;12;0
51052;1212;786;12;14;12;0
51053;1224;786;12;14;12;0
51054;1236;786;12;14;12;0
51055;1248;786;12;14;12;0
51056;1260;786;12;14;12;0
51057;1272;786;12;14;12;0
51058;1284;786;12;14;12;0
51059;1296;786;12;14;12;0
51060;1308;786;12;14;12;0
51061;1320;786;12;14;12;0
51062;1332;786;12;14;12;0
51063;1344;786;12;14;12;0
51064;1356;786;12;14;12;0
51065;1368;786;12;14;12;0
51066;1380;786;12;14;12;0
51067;1392;786;12;14;12;0
51068;1404;786;12;14;12;0
51069;1416;786;12;14;12;0
51070;1428;786;12;14;12;0
51071;1440;786;12;14;12;0
51072;1452;786;12;14;12;0
51073;1464;786;12;14;12;0
51074;1476;786;12;14;12;0
51075;1488;786;12;14;12;0
51076;1500;786;12;14;12;0
51077;1512;786;12;14;12;0
51078;1524;786;12;14;12;0
51079;1536;786;12;14;12;0
51080;1548;786;12;14;12;0
51081;1560;786;12;14;12;0
51082;1572;786;12;14;12;0
51083;1584;786;12;14;12;0
51084;1596;786;12;14;12;0
51085;1608;786;12;14;12;0
51086;1620;786;12;14;12;0
51087;1632;786;12;14;12;0
51088;1644;786;12;14;12;0
51089;1656;786;12;14;12;0
51090;1668;786;12;14;12;0
51091;1680;786;12;14;12;0
51092;1692;786;12;14;12;0
51093;1704;786;12;14;12;0
51094;1716;786;12;14;12;0
51095;1728;786;12;14;12;0
51096;1740;786;12;14;12;0
51097;1752;786;12;14;12;0
51098;1764;786;12;14;12;0
51099;1776;786;12;14;12;0
51100;1788;786;12;14;12;0
51101;1800;786;12;14;12;0
51102;1812;786;12;14;12;0
51103;1824;786;12;14;12;0
51104;1836;786;12;14;12;0
51105;1848;786;12;14;12;0
51106;1860;786;12;14;12;0
51107;1872;786;12;14;12;0
51108;1884;786;12;14;12;0
51109;1896;786;12;14;12;0
51110;1908;786;12;14;12;0
51111;1920;786;12;14;12;0
51112;1932;786;12;14;12;0
51113;1944;786;12;14;12;0
51114;1956;786;12;14;12;0
51115;1968;786;12;14;12;0
51116;1980;786;12;14;12;0
51117;1992;786;12;14;12;0
51118;2004;786;12;14;12;0
51119;2016;786;12;14;12;0
51120;2028;786;12;14;12;0
51121;0;802;12;14;12;0
51122;12;802;12;14;12;0
51123;24;802;12;14;12;0
51124;36;802;12;14;12;0
51125;48;802;12;14;12;0
51126;60;802;12;14;12;0
51127;72;802;12;14;12;0
51128;84;802;12;14;12;0
51129;96;802;12;14;12;0
51130;108;802;12;14;12;0
51131;120;802;12;14;12;0
51132;132;802;12;14;12;0
51133;144;802;12;14;12;0
51134;156;802;12;14;12;0
51135;168;802;12;14;12;0
51136;180;802;12;14;12;0
51137;192;802;12;14;12;0
51138;204;802;12;14;12;0
51139;216;802;12;14;12;0
51140;228;802;12;14;12;0
51141;240;802;12;14;12;0
51142;252;802;12;14;12;0
51143;264;802;12;14;12;0
51144;276;802;12;14;12;0
51145;288;802;12;14;12;0
51146;300;802;12;14;12;0
51147;312;802;12;14;12;0
51148;324;802;12;14;12;0
51149;336;802;12;14;12;0
51150;348;802;12;14;12;0
51151;360;802;12;14;12;0
51152;372;802;12;14;12;0
51153;384;802;12;14;12;0
51154;396;802;12;14;12;0
51155;408;802;12;14;12;0
51156;420;802;12;14;12;0
51157;432;802;12;14;12;0
51158;444;802;12;14;12;0
51159;456;802;12;14;12;0
51160;468;802;12;14;12;0
51161;480;802;12;14;12;0
51162;492;802;12;14;12;0
51163;504;802;12;14;12;0
51164;516;802;12;14;12;0
51165;528;802;12;14;12;0
51166;540;802;12;14;12;0
51167;552;802;12;14;12;0
51168;564;802;12;14;12;0
51169;576;802;12;14;12;0
51170;588;802;12;14;12;0
51171;600;802;12;14;12;0
51172;612;802;12;14;12;0
51173;624;802;12;14;12;0
51174;636;802;12;14;12;0
51175;648;802;12;14;12;0
51176;660;802;12;14;12;0
51177;672;802;12;14;12;0
51178;684;802;12;14;12;0
51179;696;802;12;14;12;0
51180;708;802;12;14;12;0
51181;720;802;12;14;12;0
51182;732;802;12;14;12;0
51183;744;802;12;14;12;0
51184;756;802;12;14;12;0
51185;768;802;12;14;12;0
51186;780;802;12;14;12;0
51187;792;802;12;14;12;0
51188;804;802;12;14;12;0
51189;816;802;12;14;12;0
51190;828;802;12;14;12;0
51191;840;802;12;14;12;0
51192;852;802;12;14;12;0
51193;864;802;12;14;12;0
51194;876;802;12;14;12;0
51195;888;802;12;14;12;0
51196;900;802;12;14;12;0
51197;912;802;12;14;12;0
51198;924;802;12;14;12;0
51199;936;802;12;14;12;0
51200;948;802;12;14;12;0
51201;960;802;12;14;12;0
51202;972;802;12;14;12;0
51203;984;802;12;14;12;0
51204;996;802;12;14;12;0
51205;1008;802;12;14;12;0
51206;1020;802;12;14;12;0
51207;1032;802;12;14;12;0
51208;1044;802;12;14;12;0
51209;1056;802;12;14;12;0
51210;1068;802;12;14;12;0
51211;1080;802;12;14;12;0
51212;1092;802;12;14;12;0
51213;1104;802;12;14;12;0
51214;1116;802;12;14;12;0
51215;1128;802;12;14;12;0
51216;1140;802;12;14;12;0
51217;1152;802;12;14;12;0
51218;1164;802;12;14;12;0
51219;1176;802;12;14;12;0
51220;1188;802;12;14;12;0
51221;1200;802;12;14;12;0
51222;1212;802;12;14;12;0
51223;1224;802;12;14;12;0
51224;1236;802;12;14;12;0
51225;1248;802;12;14;12;0
51226;1260;802;12;14;12;0
51227;1272;802;12;14;12;0
51228;1284;802;12;14;12;0
51229;1296;802;12;14;12;0
51230;1308;802;12;14;12;0
51231;1320;802;12;14;12;0
51232;1332;802;12;14;12;0
51233;1344;802;12;14;12;0
51234;1356;802;12;14;12;0
51235;1368;802;12;14;12;0
51236;1380;802;12;14;12;0
51237;1392;802;12;14;12;0
51238;1404;802;12;14;12;0
51239;1416;802;12;14;12;0
51240;1428;802;12;14;12;0
51241;1440;802;12;14;12;0
51242;1452;802;12;14;12;0
51243;1464;802;12;14;12;0
51244;1476;802;12;14;12;0
51245;1488;802;12;14;12;0
51246;1500;802;12;14;12;0
51247;1512;802;12;14;12;0
51248;1524;802;12;14;12;0
51249;1536;802;12;14;12;0
51250;1548;802;12;14;12;0
51251;1560;802;12;14;12;0
51252;1572;802;12;14;12;0
51253;1584;802;12;14;12;0
51254;1596;802;12;14;12;0
51255;1608;802;12;14;12;0
51256;1620;802;12;14;12;0
51257;1632;802;12;14;12;0
51258;1644;802;12;14;12;0
51259;1656;802;12;14;12;0
51260;1668;802;12;14;12;0
51261;1680;802;12;14;12;0
51262;1692;802;12;14;12;0
51263;1704;802;12;14;12;0
51264;1716;802;12;14;12;0
51265;1728;802;12;14;12;0
51266;1740;802;12;14;12;0
51267;1752;802;12;14;12;0
51268;1764;802;12;14;12;0
51269;1776;802;12;14;12;0
51270;1788;802;12;14;12;0
51271;1800;802;12;14;12;0
51272;1812;802;12;14;12;0
51273;1824;802;12;14;12;0
51274;1836;802;12;14;12;0
51275;1848;802;12;14;12;0
51276;1860;802;12;14;12;0
51277;1872;802;12;14;12;0
51278;1884;802;12;14;12;0
51279;1896;802;12;14;12;0
51280;1908;802;12;14;12;0
51281;1920;802;12;14;12;0
51282;1932;802;12;14;12;0
51283;1944;802;12;14;12;0
51284;1956;802;12;14;12;0
51285;1968;802;12;14;12;0
51286;1980;802;12;14;12;0
51287;1992;802;12;14;12;0
51288;2004;802;12;14;12;0
51289;2016;802;12;14;12;0
51290;2028;802;12;14;12;0
51291;0;818;12;14;12;0
51292;12;818;12;14;12;0
51293;24;818;12;14;12;0
51294;36;818;12;14;12;0
51295;48;818;12;14;12;0
51296;60;818;12;14;12;0
51297;72;818;12;14;12;0
51298;84;818;12;14;12;0
51299;96;818;12;14;12;0
51300;108;818;12;14;12;0
51301;120;818;12;14;12;0
51302;132;818;12;14;12;0
51303;144;818;12;14;12;0
51304;156;818;12;14;12;0
51305;168;818;12;14;12;0
51306;180;818;12;14;12;0
51307;192;818;12;14;12;0
51308;204;818;12;14;12;0
51309;216;818;12;14;12;0
51310;228;818;12;14;12;0
51311;240;818;12;14;12;0
51312;252;818;12;14;12;0
51313;264;818;12;14;12;0
51314;276;818;12;14;12;0
51315;288;818;12;14;12;0
51316;300;818;12;14;12;0
51317;312;818;12;14;12;0
51318;324;818;12;14;12;0
51319;336;818;12;14;12;0
51320;348;818;12;14;12;0
51321;360;818;12;14;12;0
51322;372;818;12;14;12;0
51323;384;818;12;14;12;0
51324;396;818;12;14;12;0
51325;408;818;12;14;12;0
51326;420;818;12;14;12;0
51327;432;818;12;14;12;0
51328;444;818;12;14;12;0
51329;456;818;12;14;12;0
51330;468;818;12;14;12;0
51331;480;818;12;14;12;0
51332;492;818;12;14;12;0
51333;504;818;12;14;12;0
51334;516;818;12;14;12;0
51335;528;818;12;14;12;0
51336;540;818;12;14;12;0
51337;552;818;12;14;12;0
51338;564;818;12;14;12;0
51339;576;818;12;14;12;0
51340;588;818;12;14;12;0
51341;600;818;12;14;12;0
51342;612;818;12;14;12;0
51343;624;818;12;14;12;0
51344;636;818;12;14;12;0
51345;648;818;12;14;12;0
51346;660;818;12;14;12;0
51347;672;818;12;14;12;0
51348;684;818;12;14;12;0
51349;696;818;12;14;12;0
51350;708;818;12;14;12;0
51351;720;818;12;14;12;0
51352;732;818;12;14;12;0
51353;744;818;12;14;12;0
51354;756;818;12;14;12;0
51355;768;818;12;14;12;0
51356;780;818;12;14;12;0
51357;792;818;12;14;12;0
51358;804;818;12;14;12;0
51359;816;818;12;14;12;0
51360;828;818;12;14;12;0
51361;840;818;12;14;12;0
51362;852;818;12;14;12;0
51363;864;818;12;14;12;0
51364;876;818;12;14;12;0
51365;888;818;12;14;12;0
51366;900;818;12;14;12;0
51367;912;818;12;14;12;0
51368;924;818;12;14;12;0
51369;936;818;12;14;12;0
51370;948;818;12;14;12;0
51371;960;818;12;14;12;0
51372;972;818;12;14;12;0
51373;984;818;12;14;12;0
51374;996;818;12;14;12;0
51375;1008;818;12;14;12;0
51376;1020;818;12;14;12;0
51377;1032;818;12;14;12;0
51378;1044;818;12;14;12;0
51379;1056;818;12;14;12;0
51380;1068;818;12;14;12;0
51381;1080;818;12;14;12;0
51382;1092;818;12;14;12;0
51383;1104;818;12;14;12;0
51384;1116;818;12;14;12;0
51385;1128;818;12;14;12;0
51386;1140;818;12;14;12;0
51387;1152;818;12;14;12;0
51388;1164;818;12;14;12;0
51389;1176;818;12;14;12;0
51390;1188;818;12;14;12;0
51391;1200;818;12;14;12;0
51392;1212;818;12;14;12;0
51393;1224;818;12;14;12;0
51394;1236;818;12;14;12;0
51395;1248;818;12;14;12;0
51396;1260;818;12;14;12;0
51397;1272;818;12;14;12;0
51398;1284;818;12;14;12;0
51399;1296;818;12;14;12;0
51400;1308;818;12;14;12;0
51401;1320;818;12;14;12;0
51402;1332;818;12;14;12;0
51403;1344;818;12;14;12;0
51404;1356;818;12;14;12;0
51405;1368;818;12;14;12;0
51406;1380;818;12;14;12;0
51407;1392;818;12;14;12;0
51408;1404;818;12;14;12;0
51409;1416;818;12;14;12;0
51410;1428;818;12;14;12;0
51411;1440;818;12;14;12;0
51412;1452;818;12;14;12;0
51413;1464;818;12;14;12;0
51414;1476;818;12;14;12;0
51415;1488;818;12;14;12;0
51416;1500;818;12;14;12;0
51417;1512;818;12;14;12;0
51418;1524;818;12;14;12;0
51419;1536;818;12;14;12;0
51420;1548;818;12;14;12;0
51421;1560;818;12;14;12;0
51422;1572;818;12;14;12;0
51423;1584;818;12;14;12;0
51424;1596;818;12;14;12;0
51425;1608;818;12;14;12;0
51426;1620;818;12;14;12;0
51427;1632;818;12;14;12;0
51428;1644;818;12;14;12;0
51429;1656;818;12;14;12;0
51430;1668;818;12;14;12;0
51431;1680;818;12;14;12;0
51432;1692;818;12;14;12;0
51433;1704;818;12;14;12;0
51434;1716;818;12;14;12;0
51435;1728;818;12;14;12;0
51436;1740;818;12;14;12;0
51437;1752;818;12;14;12;0
51438;1764;818;12;14;12;0
51439;1776;818;12;14;12;0
51440;1788;818;12;14;12;0
51441;1800;818;12;14;12;0
51442;1812;818;12;14;12;0
51443;1824;818;12;14;12;0
51444;1836;818;12;14;12;0
51445;1848;818;12;14;12;0
51446;1860;818;12;14;12;0
51447;1872;818;12;14;12;0
51448;1884;818;12;14;12;0
51449;1896;818;12;14;12;0
51450;1908;818;12;14;12;0
51451;1920;818;12;14;12;0
51452;1932;818;12;14;12;0
51453;1944;818;12;14;12;0
51454;1956;818;12;14;12;0
51455;1968;818;12;14;12;0
51456;1980;818;12;14;12;0
51457;1992;818;12;14;12;0
51458;2004;818;12;14;12;0
51459;2016;818;12;14;12;0
51460;2028;818;12;14;12;0
51461;0;834;12;14;12;0
51462;12;834;12;14;12;0
51463;24;834;12;14;12;0
51464;36;834;12;14;12;0
51465;48;834;12;14;12;0
51466;60;834;12;14;12;0
51467;72;834;12;14;12;0
51468;84;834;12;14;12;0
51469;96;834;12;14;12;0
51470;108;834;12;14;12;0
51471;120;834;12;14;12;0
51472;132;834;12;14;12;0
51473;144;834;12;14;12;0
51474;156;834;12;14;12;0
51475;168;834;12;14;12;0
51476;180;834;12;14;12;0
51477;192;834;12;14;12;0
51478;204;834;12;14;12;0
51479;216;834;12;14;12;0
51480;228;834;12;14;12;0
51481;240;834;12;14;12;0
51482;252;834;12;14;12;0
51483;264;834;12;14;12;0
51484;276;834;12;14;12;0
51485;288;834;12;14;12;0
51486;300;834;12;14;12;0
51487;312;834;12;14;12;0
51488;324;834;12;14;12;0
51489;336;834;12;14;12;0
51490;348;834;12;14;12;0
51491;360;834;12;14;12;0
51492;372;834;12;14;12;0
51493;384;834;12;14;12;0
51494;396;834;12;14;12;0
51495;408;834;12;14;12;0
51496;420;834;12;14;12;0
51497;432;834;12;14;12;0
51498;444;834;12;14;12;0
51499;456;834;12;14;12;0
51500;468;834;12;14;12;0
51501;480;834;12;14;12;0
51502;492;834;12;14;12;0
51503;504;834;12;14;12;0
51504;516;834;12;14;12;0
51505;528;834;12;14;12;0
51506;540;834;12;14;12;0
51507;552;834;12;14;12;0
51508;564;834;12;14;12;0
51509;576;834;12;14;12;0
51510;588;834;12;14;12;0
51511;600;834;12;14;12;0
51512;612;834;12;14;12;0
51513;624;834;12;14;12;0
51514;636;834;12;14;12;0
51515;648;834;12;14;12;0
51516;660;834;12;14;12;0
51517;672;834;12;14;12;0
51518;684;834;12;14;12;0
51519;696;834;12;14;12;0
51520;708;834;12;14;12;0
51521;720;834;12;14;12;0
51522;732;834;12;14;12;0
51523;744;834;12;14;12;0
51524;756;834;12;14;12;0
51525;768;834;12;14;12;0
51526;780;834;12;14;12;0
51527;792;834;12;14;12;0
51528;804;834;12;14;12;0
51529;816;834;12;14;12;0
51530;828;834;12;14;12;0
51531;840;834;12;14;12;0
51532;852;834;12;14;12;0
51533;864;834;12;14;12;0
51534;876;834;12;14;12;0
51535;888;834;12;14;12;0
51536;900;834;12;14;12;0
51537;912;834;12;14;12;0
51538;924;834;12;14;12;0
51539;936;834;12;14;12;0
51540;948;834;12;14;12;0
51541;960;834;12;14;12;0
51542;972;834;12;14;12;0
51543;984;834;12;14;12;0
51544;996;834;12;14;12;0
51545;1008;834;12;14;12;0
51546;1020;834;12;14;12;0
51547;1032;834;12;14;12;0
51548;1044;834;12;14;12;0
51549;1056;834;12;14;12;0
51550;1068;834;12;14;12;0
51551;1080;834;12;14;12;0
51552;1092;834;12;14;12;0
51553;1104;834;12;14;12;0
51554;1116;834;12;14;12;0
51555;1128;834;12;14;12;0
51556;1140;834;12;14;12;0
51557;1152;834;12;14;12;0
51558;1164;834;12;14;12;0
51559;1176;834;12;14;12;0
51560;1188;834;12;14;12;0
51561;1200;834;12;14;12;0
51562;1212;834;12;14;12;0
51563;1224;834;12;14;12;0
51564;1236;834;12;14;12;0
51565;1248;834;12;14;12;0
51566;1260;834;12;14;12;0
51567;1272;834;12;14;12;0
51568;1284;834;12;14;12;0
51569;1296;834;12;14;12;0
51570;1308;834;12;14;12;0
51571;1320;834;12;14;12;0
51572;1332;834;12;14;12;0
51573;1344;834;12;14;12;0
51574;1356;834;12;14;12;0
51575;1368;834;12;14;12;0
51576;1380;834;12;14;12;0
51577;1392;834;12;14;12;0
51578;1404;834;12;14;12;0
51579;1416;834;12;14;12;0
51580;1428;834;12;14;12;0
51581;1440;834;12;14;12;0
51582;1452;834;12;14;12;0
51583;1464;834;12;14;12;0
51584;1476;834;12;14;12;0
51585;1488;834;12;14;12;0
51586;1500;834;12;14;12;0
51587;1512;834;12;14;12;0
51588;1524;834;12;14;12;0
51589;1536;834;12;14;12;0
51590;1548;834;12;14;12;0
51591;1560;834;12;14;12;0
51592;1572;834;12;14;12;0
51593;1584;834;12;14;12;0
51594;1596;834;12;14;12;0
51595;1608;834;12;14;12;0
51596;1620;834;12;14;12;0
51597;1632;834;12;14;12;0
51598;1644;834;12;14;12;0
51599;1656;834;12;14;12;0
51600;1668;834;12;14;12;0
51601;1680;834;12;14;12;0
51602;1692;834;12;14;12;0
51603;1704;834;12;14;12;0
51604;1716;834;12;14;12;0
51605;1728;834;12;14;12;0
51606;1740;834;12;14;12;0
51607;1752;834;12;14;12;0
51608;1764;834;12;14;12;0
51609;1776;834;12;14;12;0
51610;1788;834;12;14;12;0
51611;1800;834;12;14;12;0
51612;1812;834;12;14;12;0
51613;1824;834;12;14;12;0
51614;1836;834;12;14;12;0
51615;1848;834;12;14;12;0
51616;1860;834;12;14;12;0
51617;1872;834;12;14;12;0
51618;1884;834;12;14;12;0
51619;1896;834;12;14;12;0
51620;1908;834;12;14;12;0
51621;1920;834;12;14;12;0
51622;1932;834;12;14;12;0
51623;1944;834;12;14;12;0
51624;1956;834;12;14;12;0
51625;1968;834;12;14;12;0
51626;1980;834;12;14;12;0
51627;1992;834;12;14;12;0
51628;2004;834;12;14;12;0
51629;2016;834;12;14;12;0
51630;2028;834;12;14;12;0
51631;0;850;12;14;12;0
51632;12;850;12;14;12;0
51633;24;850;12;14;12;0
51634;36;850;12;14;12;0
51635;48;850;12;14;12;0
51636;60;850;12;14;12;0
51637;72;850;12;14;12;0
51638;84;850;12;14;12;0
51639;96;850;12;14;12;0
51640;108;850;12;14;12;0
51641;120;850;12;14;12;0
51642;132;850;12;14;12;0
51643;144;850;12;14;12;0
51644;156;850;12;14;12;0
51645;168;850;12;14;12;0
51646;180;850;12;14;12;0
51647;192;850;12;14;12;0
51648;204;850;12;14;12;0
51649;216;850;12;14;12;0
51650;228;850;12;14;12;0
51651;240;850;12;14;12;0
51652;252;850;12;14;12;0
51653;264;850;12;14;12;0
51654;276;850;12;14;12;0
51655;288;850;12;14;12;0
51656;300;850;12;14;12;0
51657;312;850;12;14;12;0
51658;324;850;12;14;12;0
51659;336;850;12;14;12;0
51660;348;850;12;14;12;0
51661;360;850;12;14;12;0
51662;372;850;12;14;12;0
51663;384;850;12;14;12;0
51664;396;850;12;14;12;0
51665;408;850;12;14;12;0
51666;420;850;12;14;12;0
51667;432;850;12;14;12;0
51668;444;850;12;14;12;0
51669;456;850;12;14;12;0
51670;468;850;12;14;12;0
51671;480;850;12;14;12;0
51672;492;850;12;14;12;0
51673;504;850;12;14;12;0
51674;516;850;12;14;12;0
51675;528;850;12;14;12;0
51676;540;850;12;14;12;0
51677;552;850;12;14;12;0
51678;564;850;12;14;12;0
51679;576;850;12;14;12;0
51680;588;850;12;14;12;0
51681;600;850;12;14;12;0
51682;612;850;12;14;12;0
51683;624;850;12;14;12;0
51684;636;850;12;14;12;0
51685;648;850;12;14;12;0
51686;660;850;12;14;12;0
51687;672;850;12;14;12;0
51688;684;850;12;14;12;0
51689;696;850;12;14;12;0
51690;708;850;12;14;12;0
51691;720;850;12;14;12;0
51692;732;850;12;14;12;0
51693;744;850;12;14;12;0
51694;756;850;12;14;12;0
51695;768;850;12;14;12;0
51696;780;850;12;14;12;0
51697;792;850;12;14;12;0
51698;804;850;12;14;12;0
51699;816;850;12;14;12;0
51700;828;850;12;14;12;0
51701;840;850;12;14;12;0
51702;852;850;12;14;12;0
51703;864;850;12;14;12;0
51704;876;850;12;14;12;0
51705;888;850;12;14;12;0
51706;900;850;12;14;12;0
51707;912;850;12;14;12;0
51708;924;850;12;14;12;0
51709;936;850;12;14;12;0
51710;948;850;12;14;12;0
51711;960;850;12;14;12;0
51712;972;850;12;14;12;0
51713;984;850;12;14;12;0
51714;996;850;12;14;12;0
51715;1008;850;12;14;12;0
51716;1020;850;12;14;12;0
51717;1032;850;12;14;12;0
51718;1044;850;12;14;12;0
51719;1056;850;12;14;12;0
51720;1068;850;12;14;12;0
51721;1080;850;12;14;12;0
51722;1092;850;12;14;12;0
51723;1104;850;12;14;12;0
51724;1116;850;12;14;12;0
51725;1128;850;12;14;12;0
51726;1140;850;12;14;12;0
51727;1152;850;12;14;12;0
51728;1164;850;12;14;12;0
51729;1176;850;12;14;12;0
51730;1188;850;12;14;12;0
51731;1200;850;12;14;12;0
51732;1212;850;12;14;12;0
51733;1224;850;12;14;12;0
51734;1236;850;12;14;12;0
51735;1248;850;12;14;12;0
51736;1260;850;12;14;12;0
51737;1272;850;12;14;12;0
51738;1284;850;12;14;12;0
51739;1296;850;12;14;12;0
51740;1308;850;12;14;12;0
51741;1320;850;12;14;12;0
51742;1332;850;12;14;12;0
51743;1344;850;12;14;12;0
51744;1356;850;12;14;12;0
51745;1368;850;12;14;12;0
51746;1380;850;12;14;12;0
51747;1392;850;12;14;12;0
51748;1404;850;12;14;12;0
51749;1416;850;12;14;12;0
51750;1428;850;12;14;12;0
51751;1440;850;12;14;12;0
51752;1452;850;12;14;12;0
51753;1464;850;12;14;12;0
51754;1476;850;12;14;12;0
51755;1488;850;12;14;12;0
51756;1500;850;12;14;12;0
51757;1512;850;12;14;12;0
51758;1524;850;12;14;12;0
51759;1536;850;12;14;12;0
51760;1548;850;12;14;12;0
51761;1560;850;12;14;12;0
51762;1572;850;12;14;12;0
51763;1584;850;12;14;12;0
51764;1596;850;12;14;12;0
51765;1608;850;12;14;12;0
51766;1620;850;12;14;12;0
51767;1632;850;12;14;12;0
51768;1644;850;12;14;12;0
51769;1656;850;12;14;12;0
51770;1668;850;12;14;12;0
51771;1680;850;12;14;12;0
51772;1692;850;12;14;12;0
51773;1704;850;12;14;12;0
51774;1716;850;12;14;12;0
51775;1728;850;12;14;12;0
51776;1740;850;12;14;12;0
51777;1752;850;12;14;12;0
51778;1764;850;12;14;12;0
51779;1776;850;12;14;12;0
51780;1788;850;12;14;12;0
51781;1800;850;12;14;12;0
51782;1812;850;12;14;12;0
51783;1824;850;12;14;12;0
51784;1836;850;12;14;12;0
51785;1848;850;12;14;12;0
51786;1860;850;12;14;12;0
51787;1872;850;12;14;12;0
51788;1884;850;12;14;12;0
51789;1896;850;12;14;12;0
51790;1908;850;12;14;12;0
51791;1920;850;12;14;12;0
51792;1932;850;12;14;12;0
51793;1944;850;12;14;12;0
51794;1956;850;12;14;12;0
51795;1968;850;12;14;12;0
51796;1980;850;12;14;12;0
51797;1992;850;12;14;12;0
51798;2004;850;12;14;12;0
51799;2016;850;12;14;12;0
51800;2028;850;12;14;12;0
51801;0;866;12;14;12;0
51802;12;866;12;14;12;0
51803;24;866;12;14;12;0
51804;36;866;12;14;12;0
51805;48;866;12;14;12;0
51806;60;866;12;14;12;0
51807;72;866;12;14;12;0
51808;84;866;12;14;12;0
51809;96;866;12;14;12;0
51810;108;866;12;14;12;0
51811;120;866;12;14;12;0
51812;132;866;12;14;12;0
51813;144;866;12;14;12;0
51814;156;866;12;14;12;0
51815;168;866;12;14;12;0
51816;180;866;12;14;12;0
51817;192;866;12;14;12;0
51818;204;866;12;14;12;0
51819;216;866;12;14;12;0
51820;228;866;12;14;12;0
51821;240;866;12;14;12;0
51822;252;866;12;14;12;0
51823;264;866;12;14;12;0
51824;276;866;12;14;12;0
51825;288;866;12;14;12;0
51826;300;866;12;14;12;0
51827;312;866;12;14;12;0
51828;324;866;12;14;12;0
51829;336;866;12;14;12;0
51830;348;866;12;14;12;0
51831;360;866;12;14;12;0
51832;372;866;12;14;12;0
51833;384;866;12;14;12;0
51834;396;866;12;14;12;0
51835;408;866;12;14;12;0
51836;420;866;12;14;12;0
51837;432;866;12;14;12;0
51838;444;866;12;14;12;0
51839;456;866;12;14;12;0
51840;468;866;12;14;12;0
51841;480;866;12;14;12;0
51842;492;866;12;14;12;0
51843;504;866;12;14;12;0
51844;516;866;12;14;12;0
51845;528;866;12;14;12;0
51846;540;866;12;14;12;0
51847;552;866;12;14;12;0
51848;564;866;12;14;12;0
51849;576;866;12;14;12;0
51850;588;866;12;14;12;0
51851;600;866;12;14;12;0
51852;612;866;12;14;12;0
51853;624;866;12;14;12;0
51854;636;866;12;14;12;0
51855;648;866;12;14;12;0
51856;660;866;12;14;12;0
51857;672;866;12;14;12;0
51858;684;866;12;14;12;0
51859;696;866;12;14;12;0
51860;708;866;12;14;12;0
51861;720;866;12;14;12;0
51862;732;866;12;14;12;0
51863;744;866;12;14;12;0
51864;756;866;12;14;12;0
51865;768;866;12;14;12;0
51866;780;866;12;14;12;0
51867;792;866;12;14;12;0
51868;804;866;12;14;12;0
51869;816;866;12;14;12;0
51870;828;866;12;14;12;0
51871;840;866;12;14;12;0
51872;852;866;12;14;12;0
51873;864;866;12;14;12;0
51874;876;866;12;14;12;0
51875;888;866;12;14;12;0
51876;900;866;12;14;12;0
51877;912;866;12;14;12;0
51878;924;866;12;14;12;0
51879;936;866;12;14;12;0
51880;948;866;12;14;12;0
51881;960;866;12;14;12;0
51882;972;866;12;14;12;0
51883;984;866;12;14;12;0
51884;996;866;12;14;12;0
51885;1008;866;12;14;12;0
51886;1020;866;12;14;12;0
51887;1032;866;12;14;12;0
51888;1044;866;12;14;12;0
51889;1056;866;12;14;12;0
51890;1068;866;12;14;12;0
51891;1080;866;12;14;12;0
51892;1092;866;12;14;12;0
51893;1104;866;12;14;12;0
51894;1116;866;12;14;12;0
51895;1128;866;12;14;12;0
51896;1140;866;12;14;12;0
51897;1152;866;12;14;12;0
51898;1164;866;12;14;12;0
51899;1176;866;12;14;12;0
51900;1188;866;12;14;12;0
51901;1200;866;12;14;12;0
51902;1212;866;12;14;12;0
51903;1224;866;12;14;12;0
51904;1236;866;12;14;12;0
51905;1248;866;12;14;12;0
51906;1260;866;12;14;12;0
51907;1272;866;12;14;12;0
51908;1284;866;12;14;12;0
51909;1296;866;12;14;12;0
51910;1308;866;12;14;12;0
51911;1320;866;12;14;12;0
51912;1332;866;12;14;12;0
51913;1344;866;12;14;12;0
51914;1356;866;12;14;12;0
51915;1368;866;12;14;12;0
51916;1380;866;12;14;12;0
51917;1392;866;12;14;12;0
51918;1404;866;12;14;12;0
51919;1416;866;12;14;12;0
51920;1428;866;12;14;12;0
51921;1440;866;12;14;12;0
51922;1452;866;12;14;12;0
51923;1464;866;12;14;12;0
51924;1476;866;12;14;12;0
51925;1488;866;12;14;12;0
51926;1500;866;12;14;12;0
51927;1512;866;12;14;12;0
51928;1524;866;12;14;12;0
51929;1536;866;12;14;12;0
51930;1548;866;12;14;12;0
51931;1560;866;12;14;12;0
51932;1572;866;12;14;12;0
51933;1584;866;12;14;12;0
51934;1596;866;12;14;12;0
51935;1608;866;12;14;12;0
51936;1620;866;12;14;12;0
51937;1632;866;12;14;12;0
51938;1644;866;12;14;12;0
51939;1656;866;12;14;12;0
51940;1668;866;12;14;12;0
51941;1680;866;12;14;12;0
51942;1692;866;12;14;12;0
51943;1704;866;12;14;12;0
51944;1716;866;12;14;12;0
51945;1728;866;12;14;12;0
51946;1740;866;12;14;12;0
51947;1752;866;12;14;12;0
51948;1764;866;12;14;12;0
51949;1776;866;12;14;12;0
51950;1788;866;12;14;12;0
51951;1800;866;12;14;12;0
51952;1812;866;12;14;12;0
51953;1824;866;12;14;12;0
51954;1836;866;12;14;12;0
51955;1848;866;12;14;12;0
51956;1860;866;12;14;12;0
51957;1872;866;12;14;12;0
51958;1884;866;12;14;12;0
51959;1896;866;12;14;12;0
51960;1908;866;12;14;12;0
51961;1920;866;12;14;12;0
51962;1932;866;12;14;12;0
51963;1944;866;12;14;12;0
51964;1956;866;12;14;12;0
51965;1968;866;12;14;12;0
51966;1980;866;12;14;12;0
51967;1992;866;12;14;12;0
51968;2004;866;12;14;12;0
51969;2016;866;12;14;12;0
51970;2028;866;12;14;12;0
51971;0;882;12;14;12;0
51972;12;882;12;14;12;0
51973;24;882;12;14;12;0
51974;36;882;12;14;12;0
51975;48;882;12;14;12;0
51976;60;882;12;14;12;0
51977;72;882;12;14;12;0
51978;84;882;12;14;12;0
51979;96;882;12;14;12;0
51980;108;882;12;14;12;0
51981;120;882;12;14;12;0
51982;132;882;12;14;12;0
51983;144;882;12;14;12;0
51984;156;882;12;14;12;0
51985;168;882;12;14;12;0
51986;180;882;12;14;12;0
51987;192;882;12;14;12;0
51988;204;882;12;14;12;0
51989;216;882;12;14;12;0
51990;228;882;12;14;12;0
51991;240;882;12;14;12;0
51992;252;882;12;14;12;0
51993;264;882;12;14;12;0
51994;276;882;12;14;12;0
51995;288;882;12;14;12;0
51996;300;882;12;14;12;0
51997;312;882;12;14;12;0
51998;324;882;12;14;12;0
51999;336;882;12;14;12;0
52000;348;882;12;14;12;0
52001;360;882;12;14;12;0
52002;372;882;12;14;12;0
52003;384;882;12;14;12;0
52004;396;882;12;14;12;0
52005;408;882;12;14;12;0
52006;420;882;12;14;12;0
52007;432;882;12;14;12;0
52008;444;882;12;14;12;0
52009;456;882;12;14;12;0
52010;468;882;12;14;12;0
52011;480;882;12;14;12;0
52012;492;882;12;14;12;0
52013;504;882;12;14;12;0
52014;516;882;12;14;12;0
52015;528;882;12;14;12;0
52016;540;882;12;14;12;0
52017;552;882;12;14;12;0
52018;564;882;12;14;12;0
52019;576;882;12;14;12;0
52020;588;882;12;14;12;0
52021;600;882;12;14;12;0
52022;612;882;12;14;12;0
52023;624;882;12;14;12;0
52024;636;882;12;14;12;0
52025;648;882;12;14;12;0
52026;660;882;12;14;12;0
52027;672;882;12;14;12;0
52028;684;882;12;14;12;0
52029;696;882;12;14;12;0
52030;708;882;12;14;12;0
52031;720;882;12;14;12;0
52032;732;882;12;14;12;0
52033;744;882;12;14;12;0
52034;756;882;12;14;12;0
52035;768;882;12;14;12;0
52036;780;882;12;14;12;0
52037;792;882;12;14;12;0
52038;804;882;12;14;12;0
52039;816;882;12;14;12;0
52040;828;882;12;14;12;0
52041;840;882;12;14;12;0
52042;852;882;12;14;12;0
52043;864;882;12;14;12;0
52044;876;882;12;14;12;0
52045;888;882;12;14;12;0
52046;900;882;12;14;12;0
52047;912;882;12;14;12;0
52048;924;882;12;14;12;0
52049;936;882;12;14;12;0
52050;948;882;12;14;12;0
52051;960;882;12;14;12;0
52052;972;882;12;14;12;0
52053;984;882;12;14;12;0
52054;996;882;12;14;12;0
52055;1008;882;12;14;12;0
52056;1020;882;12;14;12;0
52057;1032;882;12;14;12;0
52058;1044;882;12;14;12;0
52059;1056;882;12;14;12;0
52060;1068;882;12;14;12;0
52061;1080;882;12;14;12;0
52062;1092;882;12;14;12;0
52063;1104;882;12;14;12;0
52064;1116;882;12;14;12;0
52065;1128;882;12;14;12;0
52066;1140;882;12;14;12;0
52067;1152;882;12;14;12;0
52068;1164;882;12;14;12;0
52069;1176;882;12;14;12;0
52070;1188;882;12;14;12;0
52071;1200;882;12;14;12;0
52072;1212;882;12;14;12;0
52073;1224;882;12;14;12;0
52074;1236;882;12;14;12;0
52075;1248;882;12;14;12;0
52076;1260;882;12;14;12;0
52077;1272;882;12;14;12;0
52078;1284;882;12;14;12;0
52079;1296;882;12;14;12;0
52080;1308;882;12;14;12;0
52081;1320;882;12;14;12;0
52082;1332;882;12;14;12;0
52083;1344;882;12;14;12;0
52084;1356;882;12;14;12;0
52085;1368;882;12;14;12;0
52086;1380;882;12;14;12;0
52087;1392;882;12;14;12;0
52088;1404;882;12;14;12;0
52089;1416;882;12;14;12;0
52090;1428;882;12;14;12;0
52091;1440;882;12;14;12;0
52092;1452;882;12;14;12;0
52093;1464;882;12;14;12;0
52094;1476;882;12;14;12;0
52095;1488;882;12;14;12;0
52096;1500;882;12;14;12;0
52097;1512;882;12;14;12;0
52098;1524;882;12;14;12;0
52099;1536;882;12;14;12;0
52100;1548;882;12;14;12;0
52101;1560;882;12;14;12;0
52102;1572;882;12;14;12;0
52103;1584;882;12;14;12;0
52104;1596;882;12;14;12;0
52105;1608;882;12;14;12;0
52106;1620;882;12;14;12;0
52107;1632;882;12;14;12;0
52108;1644;882;12;14;12;0
52109;1656;882;12;14;12;0
52110;1668;882;12;14;12;0
52111;1680;882;12;14;12;0
52112;1692;882;12;14;12;0
52113;1704;882;12;14;12;0
52114;1716;882;12;14;12;0
52115;1728;882;12;14;12;0
52116;1740;882;12;14;12;0
52117;1752;882;12;14;12;0
52118;1764;882;12;14;12;0
52119;1776;882;12;14;12;0
52120;1788;882;12;14;12;0
52121;1800;882;12;14;12;0
52122;1812;882;12;14;12;0
52123;1824;882;12;14;12;0
52124;1836;882;12;14;12;0
52125;1848;882;12;14;12;0
52126;1860;882;12;14;12;0
52127;1872;882;12;14;12;0
52128;1884;882;12;14;12;0
52129;1896;882;12;14;12;0
52130;1908;882;12;14;12;0
52131;1920;882;12;14;12;0
52132;1932;882;12;14;12;0
52133;1944;882;12;14;12;0
52134;1956;882;12;14;12;0
52135;1968;882;12;14;12;0
52136;1980;882;12;14;12;0
52137;1992;882;12;14;12;0
52138;2004;882;12;14;12;0
52139;2016;882;12;14;12;0
52140;2028;882;12;14;12;0
52141;0;898;12;14;12;0
52142;12;898;12;14;12;0
52143;24;898;12;14;12;0
52144;36;898;12;14;12;0
52145;48;898;12;14;12;0
52146;60;898;12;14;12;0
52147;72;898;12;14;12;0
52148;84;898;12;14;12;0
52149;96;898;12;14;12;0
52150;108;898;12;14;12;0
52151;120;898;12;14;12;0
52152;132;898;12;14;12;0
52153;144;898;12;14;12;0
52154;156;898;12;14;12;0
52155;168;898;12;14;12;0
52156;180;898;12;14;12;0
52157;192;898;12;14;12;0
52158;204;898;12;14;12;0
52159;216;898;12;14;12;0
52160;228;898;12;14;12;0
52161;240;898;12;14;12;0
52162;252;898;12;14;12;0
52163;264;898;12;14;12;0
52164;276;898;12;14;12;0
52165;288;898;12;14;12;0
52166;300;898;12;14;12;0
52167;312;898;12;14;12;0
52168;324;898;12;14;12;0
52169;336;898;12;14;12;0
52170;348;898;12;14;12;0
52171;360;898;12;14;12;0
52172;372;898;12;14;12;0
52173;384;898;12;14;12;0
52174;396;898;12;14;12;0
52175;408;898;12;14;12;0
52176;420;898;12;14;12;0
52177;432;898;12;14;12;0
52178;444;898;12;14;12;0
52179;456;898;12;14;12;0
52180;468;898;12;14;12;0
52181;480;898;12;14;12;0
52182;492;898;12;14;12;0
52183;504;898;12;14;12;0
52184;516;898;12;14;12;0
52185;528;898;12;14;12;0
52186;540;898;12;14;12;0
52187;552;898;12;14;12;0
52188;564;898;12;14;12;0
52189;576;898;12;14;12;0
52190;588;898;12;14;12;0
52191;600;898;12;14;12;0
52192;612;898;12;14;12;0
52193;624;898;12;14;12;0
52194;636;898;12;14;12;0
52195;648;898;12;14;12;0
52196;660;898;12;14;12;0
52197;672;898;12;14;12;0
52198;684;898;12;14;12;0
52199;696;898;12;14;12;0
52200;708;898;12;14;12;0
52201;720;898;12;14;12;0
52202;732;898;12;14;12;0
52203;744;898;12;14;12;0
52204;756;898;12;14;12;0
52205;768;898;12;14;12;0
52206;780;898;12;14;12;0
52207;792;898;12;14;12;0
52208;804;898;12;14;12;0
52209;816;898;12;14;12;0
52210;828;898;12;14;12;0
52211;840;898;12;14;12;0
52212;852;898;12;14;12;0
52213;864;898;12;14;12;0
52214;876;898;12;14;12;0
52215;888;898;12;14;12;0
52216;900;898;12;14;12;0
52217;912;898;12;14;12;0
52218;924;898;12;14;12;0
52219;936;898;12;14;12;0
52220;948;898;12;14;12;0
52221;960;898;12;14;12;0
52222;972;898;12;14;12;0
52223;984;898;12;14;12;0
52224;996;898;12;14;12;0
52225;1008;898;12;14;12;0
52226;1020;898;12;14;12;0
52227;1032;898;12;14;12;0
52228;1044;898;12;14;12;0
52229;1056;898;12;14;12;0
52230;1068;898;12;14;12;0
52231;1080;898;12;14;12;0
52232;1092;898;12;14;12;0
52233;1104;898;12;14;12;0
52234;1116;898;12;14;12;0
52235;1128;898;12;14;12;0
52236;1140;898;12;14;12;0
52237;1152;898;12;14;12;0
52238;1164;898;12;14;12;0
52239;1176;898;12;14;12;0
52240;1188;898;12;14;12;0
52241;1200;898;12;14;12;0
52242;1212;898;12;14;12;0
52243;1224;898;12;14;12;0
52244;1236;898;12;14;12;0
52245;1248;898;12;14;12;0
52246;1260;898;12;14;12;0
52247;1272;898;12;14;12;0
52248;1284;898;12;14;12;0
52249;1296;898;12;14;12;0
52250;1308;898;12;14;12;0
52251;1320;898;12;14;12;0
52252;1332;898;12;14;12;0
52253;1344;898;12;14;12;0
52254;1356;898;12;14;12;0
52255;1368;898;12;14;12;0
52256;1380;898;12;14;12;0
52257;1392;898;12;14;12;0
52258;1404;898;12;14;12;0
52259;1416;898;12;14;12;0
52260;1428;898;12;14;12;0
52261;1440;898;12;14;12;0
52262;1452;898;12;14;12;0
52263;1464;898;12;14;12;0
52264;1476;898;12;14;12;0
52265;1488;898;12;14;12;0
52266;1500;898;12;14;12;0
52267;1512;898;12;14;12;0
52268;1524;898;12;14;12;0
52269;1536;898;12;14;12;0
52270;1548;898;12;14;12;0
52271;1560;898;12;14;12;0
52272;1572;898;12;14;12;0
52273;1584;898;12;14;12;0
52274;1596;898;12;14;12;0
52275;1608;898;12;14;12;0
52276;1620;898;12;14;12;0
52277;1632;898;12;14;12;0
52278;1644;898;12;14;12;0
52279;1656;898;12;14;12;0
52280;1668;898;12;14;12;0
52281;1680;898;12;14;12;0
52282;1692;898;12;14;12;0
52283;1704;898;12;14;12;0
52284;1716;898;12;14;12;0
52285;1728;898;12;14;12;0
52286;1740;898;12;14;12;0
52287;1752;898;12;14;12;0
52288;1764;898;12;14;12;0
52289;1776;898;12;14;12;0
52290;1788;898;12;14;12;0
52291;1800;898;12;14;12;0
52292;1812;898;12;14;12;0
52293;1824;898;12;14;12;0
52294;1836;898;12;14;12;0
52295;1848;898;12;14;12;0
52296;1860;898;12;14;12;0
52297;1872;898;12;14;12;0
52298;1884;898;12;14;12;0
52299;1896;898;12;14;12;0
52300;1908;898;12;14;12;0
52301;1920;898;12;14;12;0
52302;1932;898;12;14;12;0
52303;1944;898;12;14;12;0
52304;1956;898;12;14;12;0
52305;1968;898;12;14;12;0
52306;1980;898;12;14;12;0
52307;1992;898;12;14;12;0
52308;2004;898;12;14;12;0
52309;2016;898;12;14;12;0
52310;2028;898;12;14;12;0
52311;0;914;12;14;12;0
52312;12;914;12;14;12;0
52313;24;914;12;14;12;0
52314;36;914;12;14;12;0
52315;48;914;12;14;12;0
52316;60;914;12;14;12;0
52317;72;914;12;14;12;0
52318;84;914;12;14;12;0
52319;96;914;12;14;12;0
52320;108;914;12;14;12;0
52321;120;914;12;14;12;0
52322;132;914;12;14;12;0
52323;144;914;12;14;12;0
52324;156;914;12;14;12;0
52325;168;914;12;14;12;0
52326;180;914;12;14;12;0
52327;192;914;12;14;12;0
52328;204;914;12;14;12;0
52329;216;914;12;14;12;0
52330;228;914;12;14;12;0
52331;240;914;12;14;12;0
52332;252;914;12;14;12;0
52333;264;914;12;14;12;0
52334;276;914;12;14;12;0
52335;288;914;12;14;12;0
52336;300;914;12;14;12;0
52337;312;914;12;14;12;0
52338;324;914;12;14;12;0
52339;336;914;12;14;12;0
52340;348;914;12;14;12;0
52341;360;914;12;14;12;0
52342;372;914;12;14;12;0
52343;384;914;12;14;12;0
52344;396;914;12;14;12;0
52345;408;914;12;14;12;0
52346;420;914;12;14;12;0
52347;432;914;12;14;12;0
52348;444;914;12;14;12;0
52349;456;914;12;14;12;0
52350;468;914;12;14;12;0
52351;480;914;12;14;12;0
52352;492;914;12;14;12;0
52353;504;914;12;14;12;0
52354;516;914;12;14;12;0
52355;528;914;12;14;12;0
52356;540;914;12;14;12;0
52357;552;914;12;14;12;0
52358;564;914;12;14;12;0
52359;576;914;12;14;12;0
52360;588;914;12;14;12;0
52361;600;914;12;14;12;0
52362;612;914;12;14;12;0
52363;624;914;12;14;12;0
52364;636;914;12;14;12;0
52365;648;914;12;14;12;0
52366;660;914;12;14;12;0
52367;672;914;12;14;12;0
52368;684;914;12;14;12;0
52369;696;914;12;14;12;0
52370;708;914;12;14;12;0
52371;720;914;12;14;12;0
52372;732;914;12;14;12;0
52373;744;914;12;14;12;0
52374;756;914;12;14;12;0
52375;768;914;12;14;12;0
52376;780;914;12;14;12;0
52377;792;914;12;14;12;0
52378;804;914;12;14;12;0
52379;816;914;12;14;12;0
52380;828;914;12;14;12;0
52381;840;914;12;14;12;0
52382;852;914;12;14;12;0
52383;864;914;12;14;12;0
52384;876;914;12;14;12;0
52385;888;914;12;14;12;0
52386;900;914;12;14;12;0
52387;912;914;12;14;12;0
52388;924;914;12;14;12;0
52389;936;914;12;14;12;0
52390;948;914;12;14;12;0
52391;960;914;12;14;12;0
52392;972;914;12;14;12;0
52393;984;914;12;14;12;0
52394;996;914;12;14;12;0
52395;1008;914;12;14;12;0
52396;1020;914;12;14;12;0
52397;1032;914;12;14;12;0
52398;1044;914;12;14;12;0
52399;1056;914;12;14;12;0
52400;1068;914;12;14;12;0
52401;1080;914;12;14;12;0
52402;1092;914;12;14;12;0
52403;1104;914;12;14;12;0
52404;1116;914;12;14;12;0
52405;1128;914;12;14;12;0
52406;1140;914;12;14;12;0
52407;1152;914;12;14;12;0
52408;1164;914;12;14;12;0
52409;1176;914;12;14;12;0
52410;1188;914;12;14;12;0
52411;1200;914;12;14;12;0
52412;1212;914;12;14;12;0
52413;1224;914;12;14;12;0
52414;1236;914;12;14;12;0
52415;1248;914;12;14;12;0
52416;1260;914;12;14;12;0
52417;1272;914;12;14;12;0
52418;1284;914;12;14;12;0
52419;1296;914;12;14;12;0
52420;1308;914;12;14;12;0
52421;1320;914;12;14;12;0
52422;1332;914;12;14;12;0
52423;1344;914;12;14;12;0
52424;1356;914;12;14;12;0
52425;1368;914;12;14;12;0
52426;1380;914;12;14;12;0
52427;1392;914;12;14;12;0
52428;1404;914;12;14;12;0
52429;1416;914;12;14;12;0
52430;1428;914;12;14;12;0
52431;1440;914;12;14;12;0
52432;1452;914;12;14;12;0
52433;1464;914;12;14;12;0
52434;1476;914;12;14;12;0
52435;1488;914;12;14;12;0
52436;1500;914;12;14;12;0
52437;1512;914;12;14;12;0
52438;1524;914;12;14;12;0
52439;1536;914;12;14;12;0
52440;1548;914;12;14;12;0
52441;1560;914;12;14;12;0
52442;1572;914;12;14;12;0
52443;1584;914;12;14;12;0
52444;1596;914;12;14;12;0
52445;1608;914;12;14;12;0
52446;1620;914;12;14;12;0
52447;1632;914;12;14;12;0
52448;1644;914;12;14;12;0
52449;1656;914;12;14;12;0
52450;1668;914;12;14;12;0
52451;1680;914;12;14;12;0
52452;1692;914;12;14;12;0
52453;1704;914;12;14;12;0
52454;1716;914;12;14;12;0
52455;1728;914;12;14;12;0
52456;1740;914;12;14;12;0
52457;1752;914;12;14;12;0
52458;1764;914;12;14;12;0
52459;1776;914;12;14;12;0
52460;1788;914;12;14;12;0
52461;1800;914;12;14;12;0
52462;1812;914;12;14;12;0
52463;1824;914;12;14;12;0
52464;1836;914;12;14;12;0
52465;1848;914;12;14;12;0
52466;1860;914;12;14;12;0
52467;1872;914;12;14;12;0
52468;1884;914;12;14;12;0
52469;1896;914;12;14;12;0
52470;1908;914;12;14;12;0
52471;1920;914;12;14;12;0
52472;1932;914;12;14;12;0
52473;1944;914;12;14;12;0
52474;1956;914;12;14;12;0
52475;1968;914;12;14;12;0
52476;1980;914;12;14;12;0
52477;1992;914;12;14;12;0
52478;2004;914;12;14;12;0
52479;2016;914;12;14;12;0
52480;2028;914;12;14;12;0
52481;0;930;12;14;12;0
52482;12;930;12;14;12;0
52483;24;930;12;14;12;0
52484;36;930;12;14;12;0
52485;48;930;12;14;12;0
52486;60;930;12;14;12;0
52487;72;930;12;14;12;0
52488;84;930;12;14;12;0
52489;96;930;12;14;12;0
52490;108;930;12;14;12;0
52491;120;930;12;14;12;0
52492;132;930;12;14;12;0
52493;144;930;12;14;12;0
52494;156;930;12;14;12;0
52495;168;930;12;14;12;0
52496;180;930;12;14;12;0
52497;192;930;12;14;12;0
52498;204;930;12;14;12;0
52499;216;930;12;14;12;0
52500;228;930;12;14;12;0
52501;240;930;12;14;12;0
52502;252;930;12;14;12;0
52503;264;930;12;14;12;0
52504;276;930;12;14;12;0
52505;288;930;12;14;12;0
52506;300;930;12;14;12;0
52507;312;930;12;14;12;0
52508;324;930;12;14;12;0
52509;336;930;12;14;12;0
52510;348;930;12;14;12;0
52511;360;930;12;14;12;0
52512;372;930;12;14;12;0
52513;384;930;12;14;12;0
52514;396;930;12;14;12;0
52515;408;930;12;14;12;0
52516;420;930;12;14;12;0
52517;432;930;12;14;12;0
52518;444;930;12;14;12;0
52519;456;930;12;14;12;0
52520;468;930;12;14;12;0
52521;480;930;12;14;12;0
52522;492;930;12;14;12;0
52523;504;930;12;14;12;0
52524;516;930;12;14;12;0
52525;528;930;12;14;12;0
52526;540;930;12;14;12;0
52527;552;930;12;14;12;0
52528;564;930;12;14;12;0
52529;576;930;12;14;12;0
52530;588;930;12;14;12;0
52531;600;930;12;14;12;0
52532;612;930;12;14;12;0
52533;624;930;12;14;12;0
52534;636;930;12;14;12;0
52535;648;930;12;14;12;0
52536;660;930;12;14;12;0
52537;672;930;12;14;12;0
52538;684;930;12;14;12;0
52539;696;930;12;14;12;0
52540;708;930;12;14;12;0
52541;720;930;12;14;12;0
52542;732;930;12;14;12;0
52543;744;930;12;14;12;0
52544;756;930;12;14;12;0
52545;768;930;12;14;12;0
52546;780;930;12;14;12;0
52547;792;930;12;14;12;0
52548;804;930;12;14;12;0
52549;816;930;12;14;12;0
52550;828;930;12;14;12;0
52551;840;930;12;14;12;0
52552;852;930;12;14;12;0
52553;864;930;12;14;12;0
52554;876;930;12;14;12;0
52555;888;930;12;14;12;0
52556;900;930;12;14;12;0
52557;912;930;12;14;12;0
52558;924;930;12;14;12;0
52559;936;930;12;14;12;0
52560;948;930;12;14;12;0
52561;960;930;12;14;12;0
52562;972;930;12;14;12;0
52563;984;930;12;14;12;0
52564;996;930;12;14;12;0
52565;1008;930;12;14;12;0
52566;1020;930;12;14;12;0
52567;1032;930;12;14;12;0
52568;1044;930;12;14;12;0
52569;1056;930;12;14;12;0
52570;1068;930;12;14;12;0
52571;1080;930;12;14;12;0
52572;1092;930;12;14;12;0
52573;1104;930;12;14;12;0
52574;1116;930;12;14;12;0
52575;1128;930;12;14;12;0
52576;1140;930;12;14;12;0
52577;1152;930;12;14;12;0
52578;1164;930;12;14;12;0
52579;1176;930;12;14;12;0
52580;1188;930;12;14;12;0
52581;1200;930;12;14;12;0
52582;1212;930;12;14;12;0
52583;1224;930;12;14;12;0
52584;1236;930;12;14;12;0
52585;1248;930;12;14;12;0
52586;1260;930;12;14;12;0
52587;1272;930;12;14;12;0
52588;1284;930;12;14;12;0
52589;1296;930;12;14;12;0
52590;1308;930;12;14;12;0
52591;1320;930;12;14;12;0
52592;1332;930;12;14;12;0
52593;1344;930;12;14;12;0
52594;1356;930;12;14;12;0
52595;1368;930;12;14;12;0
52596;1380;930;12;14;12;0
52597;1392;930;12;14;12;0
52598;1404;930;12;14;12;0
52599;1416;930;12;14;12;0
52600;1428;930;12;14;12;0
52601;1440;930;12;14;12;0
52602;1452;930;12;14;12;0
52603;1464;930;12;14;12;0
52604;1476;930;12;14;12;0
52605;1488;930;12;14;12;0
52606;1500;930;12;14;12;0
52607;1512;930;12;14;12;0
52608;1524;930;12;14;12;0
52609;1536;930;12;14;12;0
52610;1548;930;12;14;12;0
52611;1560;930;12;14;12;0
52612;1572;930;12;14;12;0
52613;1584;930;12;14;12;0
52614;1596;930;12;14;12;0
52615;1608;930;12;14;12;0
52616;1620;930;12;14;12;0
52617;1632;930;12;14;12;0
52618;1644;930;12;14;12;0
52619;1656;930;12;14;12;0
52620;1668;930;12;14;12;0
52621;1680;930;12;14;12;0
52622;1692;930;12;14;12;0
52623;1704;930;12;14;12;0
52624;1716;930;12;14;12;0
52625;1728;930;12;14;12;0
52626;1740;930;12;14;12;0
52627;1752;930;12;14;12;0
52628;1764;930;12;14;12;0
52629;1776;930;12;14;12;0
52630;1788;930;12;14;12;0
52631;1800;930;12;14;12;0
52632;1812;930;12;14;12;0
52633;1824;930;12;14;12;0
52634;1836;930;12;14;12;0
52635;1848;930;12;14;12;0
52636;1860;930;12;14;12;0
52637;1872;930;12;14;12;0
52638;1884;930;12;14;12;0
52639;1896;930;12;14;12;0
52640;1908;930;12;14;12;0
52641;1920;930;12;14;12;0
52642;1932;930;12;14;12;0
52643;1944;930;12;14;12;0
52644;1956;930;12;14;12;0
52645;1968;930;12;14;12;0
52646;1980;930;12;14;12;0
52647;1992;930;12;14;12;0
52648;2004;930;12;14;12;0
52649;2016;930;12;14;12;0
52650;2028;930;12;14;12;0
52651;0;946;12;14;12;0
52652;12;946;12;14;12;0
52653;24;946;12;14;12;0
52654;36;946;12;14;12;0
52655;48;946;12;14;12;0
52656;60;946;12;14;12;0
52657;72;946;12;14;12;0
52658;84;946;12;14;12;0
52659;96;946;12;14;12;0
52660;108;946;12;14;12;0
52661;120;946;12;14;12;0
52662;132;946;12;14;12;0
52663;144;946;12;14;12;0
52664;156;946;12;14;12;0
52665;168;946;12;14;12;0
52666;180;946;12;14;12;0
52667;192;946;12;14;12;0
52668;204;946;12;14;12;0
52669;216;946;12;14;12;0
52670;228;946;12;14;12;0
52671;240;946;12;14;12;0
52672;252;946;12;14;12;0
52673;264;946;12;14;12;0
52674;276;946;12;14;12;0
52675;288;946;12;14;12;0
52676;300;946;12;14;12;0
52677;312;946;12;14;12;0
52678;324;946;12;14;12;0
52679;336;946;12;14;12;0
52680;348;946;12;14;12;0
52681;360;946;12;14;12;0
52682;372;946;12;14;12;0
52683;384;946;12;14;12;0
52684;396;946;12;14;12;0
52685;408;946;12;14;12;0
52686;420;946;12;14;12;0
52687;432;946;12;14;12;0
52688;444;946;12;14;12;0
52689;456;946;12;14;12;0
52690;468;946;12;14;12;0
52691;480;946;12;14;12;0
52692;492;946;12;14;12;0
52693;504;946;12;14;12;0
52694;516;946;12;14;12;0
52695;528;946;12;14;12;0
52696;540;946;12;14;12;0
52697;552;946;12;14;12;0
52698;564;946;12;14;12;0
52699;576;946;12;14;12;0
52700;588;946;12;14;12;0
52701;600;946;12;14;12;0
52702;612;946;12;14;12;0
52703;624;946;12;14;12;0
52704;636;946;12;14;12;0
52705;648;946;12;14;12;0
52706;660;946;12;14;12;0
52707;672;946;12;14;12;0
52708;684;946;12;14;12;0
52709;696;946;12;14;12;0
52710;708;946;12;14;12;0
52711;720;946;12;14;12;0
52712;732;946;12;14;12;0
52713;744;946;12;14;12;0
52714;756;946;12;14;12;0
52715;768;946;12;14;12;0
52716;780;946;12;14;12;0
52717;792;946;12;14;12;0
52718;804;946;12;14;12;0
52719;816;946;12;14;12;0
52720;828;946;12;14;12;0
52721;840;946;12;14;12;0
52722;852;946;12;14;12;0
52723;864;946;12;14;12;0
52724;876;946;12;14;12;0
52725;888;946;12;14;12;0
52726;900;946;12;14;12;0
52727;912;946;12;14;12;0
52728;924;946;12;14;12;0
52729;936;946;12;14;12;0
52730;948;946;12;14;12;0
52731;960;946;12;14;12;0
52732;972;946;12;14;12;0
52733;984;946;12;14;12;0
52734;996;946;12;14;12;0
52735;1008;946;12;14;12;0
52736;1020;946;12;14;12;0
52737;1032;946;12;14;12;0
52738;1044;946;12;14;12;0
52739;1056;946;12;14;12;0
52740;1068;946;12;14;12;0
52741;1080;946;12;14;12;0
52742;1092;946;12;14;12;0
52743;1104;946;12;14;12;0
52744;1116;946;12;14;12;0
52745;1128;946;12;14;12;0
52746;1140;946;12;14;12;0
52747;1152;946;12;14;12;0
52748;1164;946;12;14;12;0
52749;1176;946;12;14;12;0
52750;1188;946;12;14;12;0
52751;1200;946;12;14;12;0
52752;1212;946;12;14;12;0
52753;1224;946;12;14;12;0
52754;1236;946;12;14;12;0
52755;1248;946;12;14;12;0
52756;1260;946;12;14;12;0
52757;1272;946;12;14;12;0
52758;1284;946;12;14;12;0
52759;1296;946;12;14;12;0
52760;1308;946;12;14;12;0
52761;1320;946;12;14;12;0
52762;1332;946;12;14;12;0
52763;1344;946;12;14;12;0
52764;1356;946;12;14;12;0
52765;1368;946;12;14;12;0
52766;1380;946;12;14;12;0
52767;1392;946;12;14;12;0
52768;1404;946;12;14;12;0
52769;1416;946;12;14;12;0
52770;1428;946;12;14;12;0
52771;1440;946;12;14;12;0
52772;1452;946;12;14;12;0
52773;1464;946;12;14;12;0
52774;1476;946;12;14;12;0
52775;1488;946;12;14;12;0
52776;1500;946;12;14;12;0
52777;1512;946;12;14;12;0
52778;1524;946;12;14;12;0
52779;1536;946;12;14;12;0
52780;1548;946;12;14;12;0
52781;1560;946;12;14;12;0
52782;1572;946;12;14;12;0
52783;1584;946;12;14;12;0
52784;1596;946;12;14;12;0
52785;1608;946;12;14;12;0
52786;1620;946;12;14;12;0
52787;1632;946;12;14;12;0
52788;1644;946;12;14;12;0
52789;1656;946;12;14;12;0
52790;1668;946;12;14;12;0
52791;1680;946;12;14;12;0
52792;1692;946;12;14;12;0
52793;1704;946;12;14;12;0
52794;1716;946;12;14;12;0
52795;1728;946;12;14;12;0
52796;1740;946;12;14;12;0
52797;1752;946;12;14;12;0
52798;1764;946;12;14;12;0
52799;1776;946;12;14;12;0
52800;1788;946;12;14;12;0
52801;1800;946;12;14;12;0
52802;1812;946;12;14;12;0
52803;1824;946;12;14;12;0
52804;1836;946;12;14;12;0
52805;1848;946;12;14;12;0
52806;1860;946;12;14;12;0
52807;1872;946;12;14;12;0
52808;1884;946;12;14;12;0
52809;1896;946;12;14;12;0
52810;1908;946;12;14;12;0
52811;1920;946;12;14;12;0
52812;1932;946;12;14;12;0
52813;1944;946;12;14;12;0
52814;1956;946;12;14;12;0
52815;1968;946;12;14;12;0
52816;1980;946;12;14;12;0
52817;1992;946;12;14;12;0
52818;2004;946;12;14;12;0
52819;2016;946;12;14;12;0
52820;2028;946;12;14;12;0
52821;0;962;12;14;12;0
52822;12;962;12;14;12;0
52823;24;962;12;14;12;0
52824;36;962;12;14;12;0
52825;48;962;12;14;12;0
52826;60;962;12;14;12;0
52827;72;962;12;14;12;0
52828;84;962;12;14;12;0
52829;96;962;12;14;12;0
52830;108;962;12;14;12;0
52831;120;962;12;14;12;0
52832;132;962;12;14;12;0
52833;144;962;12;14;12;0
52834;156;962;12;14;12;0
52835;168;962;12;14;12;0
52836;180;962;12;14;12;0
52837;192;962;12;14;12;0
52838;204;962;12;14;12;0
52839;216;962;12;14;12;0
52840;228;962;12;14;12;0
52841;240;962;12;14;12;0
52842;252;962;12;14;12;0
52843;264;962;12;14;12;0
52844;276;962;12;14;12;0
52845;288;962;12;14;12;0
52846;300;962;12;14;12;0
52847;312;962;12;14;12;0
52848;324;962;12;14;12;0
52849;336;962;12;14;12;0
52850;348;962;12;14;12;0
52851;360;962;12;14;12;0
52852;372;962;12;14;12;0
52853;384;962;12;14;12;0
52854;396;962;12;14;12;0
52855;408;962;12;14;12;0
52856;420;962;12;14;12;0
52857;432;962;12;14;12;0
52858;444;962;12;14;12;0
52859;456;962;12;14;12;0
52860;468;962;12;14;12;0
52861;480;962;12;14;12;0
52862;492;962;12;14;12;0
52863;504;962;12;14;12;0
52864;516;962;12;14;12;0
52865;528;962;12;14;12;0
52866;540;962;12;14;12;0
52867;552;962;12;14;12;0
52868;564;962;12;14;12;0
52869;576;962;12;14;12;0
52870;588;962;12;14;12;0
52871;600;962;12;14;12;0
52872;612;962;12;14;12;0
52873;624;962;12;14;12;0
52874;636;962;12;14;12;0
52875;648;962;12;14;12;0
52876;660;962;12;14;12;0
52877;672;962;12;14;12;0
52878;684;962;12;14;12;0
52879;696;962;12;14;12;0
52880;708;962;12;14;12;0
52881;720;962;12;14;12;0
52882;732;962;12;14;12;0
52883;744;962;12;14;12;0
52884;756;962;12;14;12;0
52885;768;962;12;14;12;0
52886;780;962;12;14;12;0
52887;792;962;12;14;12;0
52888;804;962;12;14;12;0
52889;816;962;12;14;12;0
52890;828;962;12;14;12;0
52891;840;962;12;14;12;0
52892;852;962;12;14;12;0
52893;864;962;12;14;12;0
52894;876;962;12;14;12;0
52895;888;962;12;14;12;0
52896;900;962;12;14;12;0
52897;912;962;12;14;12;0
52898;924;962;12;14;12;0
52899;936;962;12;14;12;0
52900;948;962;12;14;12;0
52901;960;962;12;14;12;0
52902;972;962;12;14;12;0
52903;984;962;12;14;12;0
52904;996;962;12;14;12;0
52905;1008;962;12;14;12;0
52906;1020;962;12;14;12;0
52907;1032;962;12;14;12;0
52908;1044;962;12;14;12;0
52909;1056;962;12;14;12;0
52910;1068;962;12;14;12;0
52911;1080;962;12;14;12;0
52912;1092;962;12;14;12;0
52913;1104;962;12;14;12;0
52914;1116;962;12;14;12;0
52915;1128;962;12;14;12;0
52916;1140;962;12;14;12;0
52917;1152;962;12;14;12;0
52918;1164;962;12;14;12;0
52919;1176;962;12;14;12;0
52920;1188;962;12;14;12;0
52921;1200;962;12;14;12;0
52922;1212;962;12;14;12;0
52923;1224;962;12;14;12;0
52924;1236;962;12;14;12;0
52925;1248;962;12;14;12;0
52926;1260;962;12;14;12;0
52927;1272;962;12;14;12;0
52928;1284;962;12;14;12;0
52929;1296;962;12;14;12;0
52930;1308;962;12;14;12;0
52931;1320;962;12;14;12;0
52932;1332;962;12;14;12;0
52933;1344;962;12;14;12;0
52934;1356;962;12;14;12;0
52935;1368;962;12;14;12;0
52936;1380;962;12;14;12;0
52937;1392;962;12;14;12;0
52938;1404;962;12;14;12;0
52939;1416;962;12;14;12;0
52940;1428;962;12;14;12;0
52941;1440;962;12;14;12;0
52942;1452;962;12;14;12;0
52943;1464;962;12;14;12;0
52944;1476;962;12;14;12;0
52945;1488;962;12;14;12;0
52946;1500;962;12;14;12;0
52947;1512;962;12;14;12;0
52948;1524;962;12;14;12;0
52949;1536;962;12;14;12;0
52950;1548;962;12;14;12;0
52951;1560;962;12;14;12;0
52952;1572;962;12;14;12;0
52953;1584;962;12;14;12;0
52954;1596;962;12;14;12;0
52955;1608;962;12;14;12;0
52956;1620;962;12;14;12;0
52957;1632;962;12;14;12;0
52958;1644;962;12;14;12;0
52959;1656;962;12;14;12;0
52960;1668;962;12;14;12;0
52961;1680;962;12;14;12;0
52962;1692;962;12;14;12;0
52963;1704;962;12;14;12;0
52964;1716;962;12;14;12;0
52965;1728;962;12;14;12;0
52966;1740;962;12;14;12;0
52967;1752;962;12;14;12;0
52968;1764;962;12;14;12;0
52969;1776;962;12;14;12;0
52970;1788;962;12;14;12;0
52971;1800;962;12;14;12;0
52972;1812;962;12;14;12;0
52973;1824;962;12;14;12;0
52974;1836;962;12;14;12;0
52975;1848;962;12;14;12;0
52976;1860;962;12;14;12;0
52977;1872;962;12;14;12;0
52978;1884;962;12;14;12;0
52979;1896;962;12;14;12;0
52980;1908;962;12;14;12;0
52981;1920;962;12;14;12;0
52982;1932;962;12;14;12;0
52983;1944;962;12;14;12;0
52984;1956;962;12;14;12;0
52985;1968;962;12;14;12;0
52986;1980;962;12;14;12;0
52987;1992;962;12;14;12;0
52988;2004;962;12;14;12;0
52989;2016;962;12;14;12;0
52990;2028;962;12;14;12;0
52991;0;978;12;14;12;0
52992;12;978;12;14;12;0
52993;24;978;12;14;12;0
52994;36;978;12;14;12;0
52995;48;978;12;14;12;0
52996;60;978;12;14;12;0
52997;72;978;12;14;12;0
52998;84;978;12;14;12;0
52999;96;978;12;14;12;0
53000;108;978;12;14;12;0
53001;120;978;12;14;12;0
53002;132;978;12;14;12;0
53003;144;978;12;14;12;0
53004;156;978;12;14;12;0
53005;168;978;12;14;12;0
53006;180;978;12;14;12;0
53007;192;978;12;14;12;0
53008;204;978;12;14;12;0
53009;216;978;12;14;12;0
53010;228;978;12;14;12;0
53011;240;978;12;14;12;0
53012;252;978;12;14;12;0
53013;264;978;12;14;12;0
53014;276;978;12;14;12;0
53015;288;978;12;14;12;0
53016;300;978;12;14;12;0
53017;312;978;12;14;12;0
53018;324;978;12;14;12;0
53019;336;978;12;14;12;0
53020;348;978;12;14;12;0
53021;360;978;12;14;12;0
53022;372;978;12;14;12;0
53023;384;978;12;14;12;0
53024;396;978;12;14;12;0
53025;408;978;12;14;12;0
53026;420;978;12;14;12;0
53027;432;978;12;14;12;0
53028;444;978;12;14;12;0
53029;456;978;12;14;12;0
53030;468;978;12;14;12;0
53031;480;978;12;14;12;0
53032;492;978;12;14;12;0
53033;504;978;12;14;12;0
53034;516;978;12;14;12;0
53035;528;978;12;14;12;0
53036;540;978;12;14;12;0
53037;552;978;12;14;12;0
53038;564;978;12;14;12;0
53039;576;978;12;14;12;0
53040;588;978;12;14;12;0
53041;600;978;12;14;12;0
53042;612;978;12;14;12;0
53043;624;978;12;14;12;0
53044;636;978;12;14;12;0
53045;648;978;12;14;12;0
53046;660;978;12;14;12;0
53047;672;978;12;14;12;0
53048;684;978;12;14;12;0
53049;696;978;12;14;12;0
53050;708;978;12;14;12;0
53051;720;978;12;14;12;0
53052;732;978;12;14;12;0
53053;744;978;12;14;12;0
53054;756;978;12;14;12;0
53055;768;978;12;14;12;0
53056;780;978;12;14;12;0
53057;792;978;12;14;12;0
53058;804;978;12;14;12;0
53059;816;978;12;14;12;0
53060;828;978;12;14;12;0
53061;840;978;12;14;12;0
53062;852;978;12;14;12;0
53063;864;978;12;14;12;0
53064;876;978;12;14;12;0
53065;888;978;12;14;12;0
53066;900;978;12;14;12;0
53067;912;978;12;14;12;0
53068;924;978;12;14;12;0
53069;936;978;12;14;12;0
53070;948;978;12;14;12;0
53071;960;978;12;14;12;0
53072;972;978;12;14;12;0
53073;984;978;12;14;12;0
53074;996;978;12;14;12;0
53075;1008;978;12;14;12;0
53076;1020;978;12;14;12;0
53077;1032;978;12;14;12;0
53078;1044;978;12;14;12;0
53079;1056;978;12;14;12;0
53080;1068;978;12;14;12;0
53081;1080;978;12;14;12;0
53082;1092;978;12;14;12;0
53083;1104;978;12;14;12;0
53084;1116;978;12;14;12;0
53085;1128;978;12;14;12;0
53086;1140;978;12;14;12;0
53087;1152;978;12;14;12;0
53088;1164;978;12;14;12;0
53089;1176;978;12;14;12;0
53090;1188;978;12;14;12;0
53091;1200;978;12;14;12;0
53092;1212;978;12;14;12;0
53093;1224;978;12;14;12;0
53094;1236;978;12;14;12;0
53095;1248;978;12;14;12;0
53096;1260;978;12;14;12;0
53097;1272;978;12;14;12;0
53098;1284;978;12;14;12;0
53099;1296;978;12;14;12;0
53100;1308;978;12;14;12;0
53101;1320;978;12;14;12;0
53102;1332;978;12;14;12;0
53103;1344;978;12;14;12;0
53104;1356;978;12;14;12;0
53105;1368;978;12;14;12;0
53106;1380;978;12;14;12;0
53107;1392;978;12;14;12;0
53108;1404;978;12;14;12;0
53109;1416;978;12;14;12;0
53110;1428;978;12;14;12;0
53111;1440;978;12;14;12;0
53112;1452;978;12;14;12;0
53113;1464;978;12;14;12;0
53114;1476;978;12;14;12;0
53115;1488;978;12;14;12;0
53116;1500;978;12;14;12;0
53117;1512;978;12;14;12;0
53118;1524;978;12;14;12;0
53119;1536;978;12;14;12;0
53120;1548;978;12;14;12;0
53121;1560;978;12;14;12;0
53122;1572;978;12;14;12;0
53123;1584;978;12;14;12;0
53124;1596;978;12;14;12;0
53125;1608;978;12;14;12;0
53126;1620;978;12;14;12;0
53127;1632;978;12;14;12;0
53128;1644;978;12;14;12;0
53129;1656;978;12;14;12;0
53130;1668;978;12;14;12;0
53131;1680;978;12;14;12;0
53132;1692;978;12;14;12;0
53133;1704;978;12;14;12;0
53134;1716;978;12;14;12;0
53135;1728;978;12;14;12;0
53136;1740;978;12;14;12;0
53137;1752;978;12;14;12;0
53138;1764;978;12;14;12;0
53139;1776;978;12;14;12;0
53140;1788;978;12;14;12;0
53141;1800;978;12;14;12;0
53142;1812;978;12;14;12;0
53143;1824;978;12;14;12;0
53144;1836;978;12;14;12;0
53145;1848;978;12;14;12;0
53146;1860;978;12;14;12;0
53147;1872;978;12;14;12;0
53148;1884;978;12;14;12;0
53149;1896;978;12;14;12;0
53150;1908;978;12;14;12;0
53151;1920;978;12;14;12;0
53152;1932;978;12;14;12;0
53153;1944;978;12;14;12;0
53154;1956;978;12;14;12;0
53155;1968;978;12;14;12;0
53156;1980;978;12;14;12;0
53157;1992;978;12;14;12;0
53158;2004;978;12;14;12;0
53159;2016;978;12;14;12;0
53160;2028;978;12;14;12;0
53161;0;994;12;14;12;0
53162;12;994;12;14;12;0
53163;24;994;12;14;12;0
53164;36;994;12;14;12;0
53165;48;994;12;14;12;0
53166;60;994;12;14;12;0
53167;72;994;12;14;12;0
53168;84;994;12;14;12;0
53169;96;994;12;14;12;0
53170;108;994;12;14;12;0
53171;120;994;12;14;12;0
53172;132;994;12;14;12;0
53173;144;994;12;14;12;0
53174;156;994;12;14;12;0
53175;168;994;12;14;12;0
53176;180;994;12;14;12;0
53177;192;994;12;14;12;0
53178;204;994;12;14;12;0
53179;216;994;12;14;12;0
53180;228;994;12;14;12;0
53181;240;994;12;14;12;0
53182;252;994;12;14;12;0
53183;264;994;12;14;12;0
53184;276;994;12;14;12;0
53185;288;994;12;14;12;0
53186;300;994;12;14;12;0
53187;312;994;12;14;12;0
53188;324;994;12;14;12;0
53189;336;994;12;14;12;0
53190;348;994;12;14;12;0
53191;360;994;12;14;12;0
53192;372;994;12;14;12;0
53193;384;994;12;14;12;0
53194;396;994;12;14;12;0
53195;408;994;12;14;12;0
53196;420;994;12;14;12;0
53197;432;994;12;14;12;0
53198;444;994;12;14;12;0
53199;456;994;12;14;12;0
53200;468;994;12;14;12;0
53201;480;994;12;14;12;0
53202;492;994;12;14;12;0
53203;504;994;12;14;12;0
53204;516;994;12;14;12;0
53205;528;994;12;14;12;0
53206;540;994;12;14;12;0
53207;552;994;12;14;12;0
53208;564;994;12;14;12;0
53209;576;994;12;14;12;0
53210;588;994;12;14;12;0
53211;600;994;12;14;12;0
53212;612;994;12;14;12;0
53213;624;994;12;14;12;0
53214;636;994;12;14;12;0
53215;648;994;12;14;12;0
53216;660;994;12;14;12;0
53217;672;994;12;14;12;0
53218;684;994;12;14;12;0
53219;696;994;12;14;12;0
53220;708;994;12;14;12;0
53221;720;994;12;14;12;0
53222;732;994;12;14;12;0
53223;744;994;12;14;12;0
53224;756;994;12;14;12;0
53225;768;994;12;14;12;0
53226;780;994;12;14;12;0
53227;792;994;12;14;12;0
53228;804;994;12;14;12;0
53229;816;994;12;14;12;0
53230;828;994;12;14;12;0
53231;840;994;12;14;12;0
53232;852;994;12;14;12;0
53233;864;994;12;14;12;0
53234;876;994;12;14;12;0
53235;888;994;12;14;12;0
53236;900;994;12;14;12;0
53237;912;994;12;14;12;0
53238;924;994;12;14;12;0
53239;936;994;12;14;12;0
53240;948;994;12;14;12;0
53241;960;994;12;14;12;0
53242;972;994;12;14;12;0
53243;984;994;12;14;12;0
53244;996;994;12;14;12;0
53245;1008;994;12;14;12;0
53246;1020;994;12;14;12;0
53247;1032;994;12;14;12;0
53248;1044;994;12;14;12;0
53249;1056;994;12;14;12;0
53250;1068;994;12;14;12;0
53251;1080;994;12;14;12;0
53252;1092;994;12;14;12;0
53253;1104;994;12;14;12;0
53254;1116;994;12;14;12;0
53255;1128;994;12;14;12;0
53256;1140;994;12;14;12;0
53257;1152;994;12;14;12;0
53258;1164;994;12;14;12;0
53259;1176;994;12;14;12;0
53260;1188;994;12;14;12;0
53261;1200;994;12;14;12;0
53262;1212;994;12;14;12;0
53263;1224;994;12;14;12;0
53264;1236;994;12;14;12;0
53265;1248;994;12;14;12;0
53266;1260;994;12;14;12;0
53267;1272;994;12;14;12;0
53268;1284;994;12;14;12;0
53269;1296;994;12;14;12;0
53270;1308;994;12;14;12;0
53271;1320;994;12;14;12;0
53272;1332;994;12;14;12;0
53273;1344;994;12;14;12;0
53274;1356;994;12;14;12;0
53275;1368;994;12;14;12;0
53276;1380;994;12;14;12;0
53277;1392;994;12;14;12;0
53278;1404;994;12;14;12;0
53279;1416;994;12;14;12;0
53280;1428;994;12;14;12;0
53281;1440;994;12;14;12;0
53282;1452;994;12;14;12;0
53283;1464;994;12;14;12;0
53284;1476;994;12;14;12;0
53285;1488;994;12;14;12;0
53286;1500;994;12;14;12;0
53287;1512;994;12;14;12;0
53288;1524;994;12;14;12;0
53289;1536;994;12;14;12;0
53290;1548;994;12;14;12;0
53291;1560;994;12;14;12;0
53292;1572;994;12;14;12;0
53293;1584;994;12;14;12;0
53294;1596;994;12;14;12;0
53295;1608;994;12;14;12;0
53296;1620;994;12;14;12;0
53297;1632;994;12;14;12;0
53298;1644;994;12;14;12;0
53299;1656;994;12;14;12;0
53300;1668;994;12;14;12;0
53301;1680;994;12;14;12;0
53302;1692;994;12;14;12;0
53303;1704;994;12;14;12;0
53304;1716;994;12;14;12;0
53305;1728;994;12;14;12;0
53306;1740;994;12;14;12;0
53307;1752;994;12;14;12;0
53308;1764;994;12;14;12;0
53309;1776;994;12;14;12;0
53310;1788;994;12;14;12;0
53311;1800;994;12;14;12;0
53312;1812;994;12;14;12;0
53313;1824;994;12;14;12;0
53314;1836;994;12;14;12;0
53315;1848;994;12;14;12;0
53316;1860;994;12;14;12;0
53317;1872;994;12;14;12;0
53318;1884;994;12;14;12;0
53319;1896;994;12;14;12;0
53320;1908;994;12;14;12;0
53321;1920;994;12;14;12;0
53322;1932;994;12;14;12;0
53323;1944;994;12;14;12;0
53324;1956;994;12;14;12;0
53325;1968;994;12;14;12;0
53326;1980;994;12;14;12;0
53327;1992;994;12;14;12;0
53328;2004;994;12;14;12;0
53329;2016;994;12;14;12;0
53330;2028;994;12;14;12;0
53331;0;1010;12;14;12;0
53332;12;1010;12;14;12;0
53333;24;1010;12;14;12;0
53334;36;1010;12;14;12;0
53335;48;1010;12;14;12;0
53336;60;1010;12;14;12;0
53337;72;1010;12;14;12;0
53338;84;1010;12;14;12;0
53339;96;1010;12;14;12;0
53340;108;1010;12;14;12;0
53341;120;1010;12;14;12;0
53342;132;1010;12;14;12;0
53343;144;1010;12;14;12;0
53344;156;1010;12;14;12;0
53345;168;1010;12;14;12;0
53346;180;1010;12;14;12;0
53347;192;1010;12;14;12;0
53348;204;1010;12;14;12;0
53349;216;1010;12;14;12;0
53350;228;1010;12;14;12;0
53351;240;1010;12;14;12;0
53352;252;1010;12;14;12;0
53353;264;1010;12;14;12;0
53354;276;1010;12;14;12;0
53355;288;1010;12;14;12;0
53356;300;1010;12;14;12;0
53357;312;1010;12;14;12;0
53358;324;1010;12;14;12;0
53359;336;1010;12;14;12;0
53360;348;1010;12;14;12;0
53361;360;1010;12;14;12;0
53362;372;1010;12;14;12;0
53363;384;1010;12;14;12;0
53364;396;1010;12;14;12;0
53365;408;1010;12;14;12;0
53366;420;1010;12;14;12;0
53367;432;1010;12;14;12;0
53368;444;1010;12;14;12;0
53369;456;1010;12;14;12;0
53370;468;1010;12;14;12;0
53371;480;1010;12;14;12;0
53372;492;1010;12;14;12;0
53373;504;1010;12;14;12;0
53374;516;1010;12;14;12;0
53375;528;1010;12;14;12;0
53376;540;1010;12;14;12;0
53377;552;1010;12;14;12;0
53378;564;1010;12;14;12;0
53379;576;1010;12;14;12;0
53380;588;1010;12;14;12;0
53381;600;1010;12;14;12;0
53382;612;1010;12;14;12;0
53383;624;1010;12;14;12;0
53384;636;1010;12;14;12;0
53385;648;1010;12;14;12;0
53386;660;1010;12;14;12;0
53387;672;1010;12;14;12;0
53388;684;1010;12;14;12;0
53389;696;1010;12;14;12;0
53390;708;1010;12;14;12;0
53391;720;1010;12;14;12;0
53392;732;1010;12;14;12;0
53393;744;1010;12;14;12;0
53394;756;1010;12;14;12;0
53395;768;1010;12;14;12;0
53396;780;1010;12;14;12;0
53397;792;1010;12;14;12;0
53398;804;1010;12;14;12;0
53399;816;1010;12;14;12;0
53400;828;1010;12;14;12;0
53401;840;1010;12;14;12;0
53402;852;1010;12;14;12;0
53403;864;1010;12;14;12;0
53404;876;1010;12;14;12;0
53405;888;1010;12;14;12;0
53406;900;1010;12;14;12;0
53407;912;1010;12;14;12;0
53408;924;1010;12;14;12;0
53409;936;1010;12;14;12;0
53410;948;1010;12;14;12;0
53411;960;1010;12;14;12;0
53412;972;1010;12;14;12;0
53413;984;1010;12;14;12;0
53414;996;1010;12;14;12;0
53415;1008;1010;12;14;12;0
53416;1020;1010;12;14;12;0
53417;1032;1010;12;14;12;0
53418;1044;1010;12;14;12;0
53419;1056;1010;12;14;12;0
53420;1068;1010;12;14;12;0
53421;1080;1010;12;14;12;0
53422;1092;1010;12;14;12;0
53423;1104;1010;12;14;12;0
53424;1116;1010;12;14;12;0
53425;1128;1010;12;14;12;0
53426;1140;1010;12;14;12;0
53427;1152;1010;12;14;12;0
53428;1164;1010;12;14;12;0
53429;1176;1010;12;14;12;0
53430;1188;1010;12;14;12;0
53431;1200;1010;12;14;12;0
53432;1212;1010;12;14;12;0
53433;1224;1010;12;14;12;0
53434;1236;1010;12;14;12;0
53435;1248;1010;12;14;12;0
53436;1260;1010;12;14;12;0
53437;1272;1010;12;14;12;0
53438;1284;1010;12;14;12;0
53439;1296;1010;12;14;12;0
53440;1308;1010;12;14;12;0
53441;1320;1010;12;14;12;0
53442;1332;1010;12;14;12;0
53443;1344;1010;12;14;12;0
53444;1356;1010;12;14;12;0
53445;1368;1010;12;14;12;0
53446;1380;1010;12;14;12;0
53447;1392;1010;12;14;12;0
53448;1404;1010;12;14;12;0
53449;1416;1010;12;14;12;0
53450;1428;1010;12;14;12;0
53451;1440;1010;12;14;12;0
53452;1452;1010;12;14;12;0
53453;1464;1010;12;14;12;0
53454;1476;1010;12;14;12;0
53455;1488;1010;12;14;12;0
53456;1500;1010;12;14;12;0
53457;1512;1010;12;14;12;0
53458;1524;1010;12;14;12;0
53459;1536;1010;12;14;12;0
53460;1548;1010;12;14;12;0
53461;1560;1010;12;14;12;0
53462;1572;1010;12;14;12;0
53463;1584;1010;12;14;12;0
53464;1596;1010;12;14;12;0
53465;1608;1010;12;14;12;0
53466;1620;1010;12;14;12;0
53467;1632;1010;12;14;12;0
53468;1644;1010;12;14;12;0
53469;1656;1010;12;14;12;0
53470;1668;1010;12;14;12;0
53471;1680;1010;12;14;12;0
53472;1692;1010;12;14;12;0
53473;1704;1010;12;14;12;0
53474;1716;1010;12;14;12;0
53475;1728;1010;12;14;12;0
53476;1740;1010;12;14;12;0
53477;1752;1010;12;14;12;0
53478;1764;1010;12;14;12;0
53479;1776;1010;12;14;12;0
53480;1788;1010;12;14;12;0
53481;1800;1010;12;14;12;0
53482;1812;1010;12;14;12;0
53483;1824;1010;12;14;12;0
53484;1836;1010;12;14;12;0
53485;1848;1010;12;14;12;0
53486;1860;1010;12;14;12;0
53487;1872;1010;12;14;12;0
53488;1884;1010;12;14;12;0
53489;1896;1010;12;14;12;0
53490;1908;1010;12;14;12;0
53491;1920;1010;12;14;12;0
53492;1932;1010;12;14;12;0
53493;1944;1010;12;14;12;0
53494;1956;1010;12;14;12;0
53495;1968;1010;12;14;12;0
53496;1980;1010;12;14;12;0
53497;1992;1010;12;14;12;0
53498;2004;1010;12;14;12;0
53499;2016;1010;12;14;12;0
53500;2028;1010;12;14;12;0
53501;0;1026;12;14;12;0
53502;12;1026;12;14;12;0
53503;24;1026;12;14;12;0
53504;36;1026;12;14;12;0
53505;48;1026;12;14;12;0
53506;60;1026;12;14;12;0
53507;72;1026;12;14;12;0
53508;84;1026;12;14;12;0
53509;96;1026;12;14;12;0
53510;108;1026;12;14;12;0
53511;120;1026;12;14;12;0
53512;132;1026;12;14;12;0
53513;144;1026;12;14;12;0
53514;156;1026;12;14;12;0
53515;168;1026;12;14;12;0
53516;180;1026;12;14;12;0
53517;192;1026;12;14;12;0
53518;204;1026;12;14;12;0
53519;216;1026;12;14;12;0
53520;228;1026;12;14;12;0
53521;240;1026;12;14;12;0
53522;252;1026;12;14;12;0
53523;264;1026;12;14;12;0
53524;276;1026;12;14;12;0
53525;288;1026;12;14;12;0
53526;300;1026;12;14;12;0
53527;312;1026;12;14;12;0
53528;324;1026;12;14;12;0
53529;336;1026;12;14;12;0
53530;348;1026;12;14;12;0
53531;360;1026;12;14;12;0
53532;372;1026;12;14;12;0
53533;384;1026;12;14;12;0
53534;396;1026;12;14;12;0
53535;408;1026;12;14;12;0
53536;420;1026;12;14;12;0
53537;432;1026;12;14;12;0
53538;444;1026;12;14;12;0
53539;456;1026;12;14;12;0
53540;468;1026;12;14;12;0
53541;480;1026;12;14;12;0
53542;492;1026;12;14;12;0
53543;504;1026;12;14;12;0
53544;516;1026;12;14;12;0
53545;528;1026;12;14;12;0
53546;540;1026;12;14;12;0
53547;552;1026;12;14;12;0
53548;564;1026;12;14;12;0
53549;576;1026;12;14;12;0
53550;588;1026;12;14;12;0
53551;600;1026;12;14;12;0
53552;612;1026;12;14;12;0
53553;624;1026;12;14;12;0
53554;636;1026;12;14;12;0
53555;648;1026;12;14;12;0
53556;660;1026;12;14;12;0
53557;672;1026;12;14;12;0
53558;684;1026;12;14;12;0
53559;696;1026;12;14;12;0
53560;708;1026;12;14;12;0
53561;720;1026;12;14;12;0
53562;732;1026;12;14;12;0
53563;744;1026;12;14;12;0
53564;756;1026;12;14;12;0
53565;768;1026;12;14;12;0
53566;780;1026;12;14;12;0
53567;792;1026;12;14;12;0
53568;804;1026;12;14;12;0
53569;816;1026;12;14;12;0
53570;828;1026;12;14;12;0
53571;840;1026;12;14;12;0
53572;852;1026;12;14;12;0
53573;864;1026;12;14;12;0
53574;876;1026;12;14;12;0
53575;888;1026;12;14;12;0
53576;900;1026;12;14;12;0
53577;912;1026;12;14;12;0
53578;924;1026;12;14;12;0
53579;936;1026;12;14;12;0
53580;948;1026;12;14;12;0
53581;960;1026;12;14;12;0
53582;972;1026;12;14;12;0
53583;984;1026;12;14;12;0
53584;996;1026;12;14;12;0
53585;1008;1026;12;14;12;0
53586;1020;1026;12;14;12;0
53587;1032;1026;12;14;12;0
53588;1044;1026;12;14;12;0
53589;1056;1026;12;14;12;0
53590;1068;1026;12;14;12;0
53591;1080;1026;12;14;12;0
53592;1092;1026;12;14;12;0
53593;1104;1026;12;14;12;0
53594;1116;1026;12;14;12;0
53595;1128;1026;12;14;12;0
53596;1140;1026;12;14;12;0
53597;1152;1026;12;14;12;0
53598;1164;1026;12;14;12;0
53599;1176;1026;12;14;12;0
53600;1188;1026;12;14;12;0
53601;1200;1026;12;14;12;0
53602;1212;1026;12;14;12;0
53603;1224;1026;12;14;12;0
53604;1236;1026;12;14;12;0
53605;1248;1026;12;14;12;0
53606;1260;1026;12;14;12;0
53607;1272;1026;12;14;12;0
53608;1284;1026;12;14;12;0
53609;1296;1026;12;14;12;0
53610;1308;1026;12;14;12;0
53611;1320;1026;12;14;12;0
53612;1332;1026;12;14;12;0
53613;1344;1026;12;14;12;0
53614;1356;1026;12;14;12;0
53615;1368;1026;12;14;12;0
53616;1380;1026;12;14;12;0
53617;1392;1026;12;14;12;0
53618;1404;1026;12;14;12;0
53619;1416;1026;12;14;12;0
53620;1428;1026;12;14;12;0
53621;1440;1026;12;14;12;0
53622;1452;1026;12;14;12;0
53623;1464;1026;12;14;12;0
53624;1476;1026;12;14;12;0
53625;1488;1026;12;14;12;0
53626;1500;1026;12;14;12;0
53627;1512;1026;12;14;12;0
53628;1524;1026;12;14;12;0
53629;1536;1026;12;14;12;0
53630;1548;1026;12;14;12;0
53631;1560;1026;12;14;12;0
53632;1572;1026;12;14;12;0
53633;1584;1026;12;14;12;0
53634;1596;1026;12;14;12;0
53635;1608;1026;12;14;12;0
53636;1620;1026;12;14;12;0
53637;1632;1026;12;14;12;0
53638;1644;1026;12;14;12;0
53639;1656;1026;12;14;12;0
53640;1668;1026;12;14;12;0
53641;1680;1026;12;14;12;0
53642;1692;1026;12;14;12;0
53643;1704;1026;12;14;12;0
53644;1716;1026;12;14;12;0
53645;1728;1026;12;14;12;0
53646;1740;1026;12;14;12;0
53647;1752;1026;12;14;12;0
53648;1764;1026;12;14;12;0
53649;1776;1026;12;14;12;0
53650;1788;1026;12;14;12;0
53651;1800;1026;12;14;12;0
53652;1812;1026;12;14;12;0
53653;1824;1026;12;14;12;0
53654;1836;1026;12;14;12;0
53655;1848;1026;12;14;12;0
53656;1860;1026;12;14;12;0
53657;1872;1026;12;14;12;0
53658;1884;1026;12;14;12;0
53659;1896;1026;12;14;12;0
53660;1908;1026;12;14;12;0
53661;1920;1026;12;14;12;0
53662;1932;1026;12;14;12;0
53663;1944;1026;12;14;12;0
53664;1956;1026;12;14;12;0
53665;1968;1026;12;14;12;0
53666;1980;1026;12;14;12;0
53667;1992;1026;12;14;12;0
53668;2004;1026;12;14;12;0
53669;2016;1026;12;14;12;0
53670;2028;1026;12;14;12;0
53671;0;1042;12;14;12;0
53672;12;1042;12;14;12;0
53673;24;1042;12;14;12;0
53674;36;1042;12;14;12;0
53675;48;1042;12;14;12;0
53676;60;1042;12;14;12;0
53677;72;1042;12;14;12;0
53678;84;1042;12;14;12;0
53679;96;1042;12;14;12;0
53680;108;1042;12;14;12;0
53681;120;1042;12;14;12;0
53682;132;1042;12;14;12;0
53683;144;1042;12;14;12;0
53684;156;1042;12;14;12;0
53685;168;1042;12;14;12;0
53686;180;1042;12;14;12;0
53687;192;1042;12;14;12;0
53688;204;1042;12;14;12;0
53689;216;1042;12;14;12;0
53690;228;1042;12;14;12;0
53691;240;1042;12;14;12;0
53692;252;1042;12;14;12;0
53693;264;1042;12;14;12;0
53694;276;1042;12;14;12;0
53695;288;1042;12;14;12;0
53696;300;1042;12;14;12;0
53697;312;1042;12;14;12;0
53698;324;1042;12;14;12;0
53699;336;1042;12;14;12;0
53700;348;1042;12;14;12;0
53701;360;1042;12;14;12;0
53702;372;1042;12;14;12;0
53703;384;1042;12;14;12;0
53704;396;1042;12;14;12;0
53705;408;1042;12;14;12;0
53706;420;1042;12;14;12;0
53707;432;1042;12;14;12;0
53708;444;1042;12;14;12;0
53709;456;1042;12;14;12;0
53710;468;1042;12;14;12;0
53711;480;1042;12;14;12;0
53712;492;1042;12;14;12;0
53713;504;1042;12;14;12;0
53714;516;1042;12;14;12;0
53715;528;1042;12;14;12;0
53716;540;1042;12;14;12;0
53717;552;1042;12;14;12;0
53718;564;1042;12;14;12;0
53719;576;1042;12;14;12;0
53720;588;1042;12;14;12;0
53721;600;1042;12;14;12;0
53722;612;1042;12;14;12;0
53723;624;1042;12;14;12;0
53724;636;1042;12;14;12;0
53725;648;1042;12;14;12;0
53726;660;1042;12;14;12;0
53727;672;1042;12;14;12;0
53728;684;1042;12;14;12;0
53729;696;1042;12;14;12;0
53730;708;1042;12;14;12;0
53731;720;1042;12;14;12;0
53732;732;1042;12;14;12;0
53733;744;1042;12;14;12;0
53734;756;1042;12;14;12;0
53735;768;1042;12;14;12;0
53736;780;1042;12;14;12;0
53737;792;1042;12;14;12;0
53738;804;1042;12;14;12;0
53739;816;1042;12;14;12;0
53740;828;1042;12;14;12;0
53741;840;1042;12;14;12;0
53742;852;1042;12;14;12;0
53743;864;1042;12;14;12;0
53744;876;1042;12;14;12;0
53745;888;1042;12;14;12;0
53746;900;1042;12;14;12;0
53747;912;1042;12;14;12;0
53748;924;1042;12;14;12;0
53749;936;1042;12;14;12;0
53750;948;1042;12;14;12;0
53751;960;1042;12;14;12;0
53752;972;1042;12;14;12;0
53753;984;1042;12;14;12;0
53754;996;1042;12;14;12;0
53755;1008;1042;12;14;12;0
53756;1020;1042;12;14;12;0
53757;1032;1042;12;14;12;0
53758;1044;1042;12;14;12;0
53759;1056;1042;12;14;12;0
53760;1068;1042;12;14;12;0
53761;1080;1042;12;14;12;0
53762;1092;1042;12;14;12;0
53763;1104;1042;12;14;12;0
53764;1116;1042;12;14;12;0
53765;1128;1042;12;14;12;0
53766;1140;1042;12;14;12;0
53767;1152;1042;12;14;12;0
53768;1164;1042;12;14;12;0
53769;1176;1042;12;14;12;0
53770;1188;1042;12;14;12;0
53771;1200;1042;12;14;12;0
53772;1212;1042;12;14;12;0
53773;1224;1042;12;14;12;0
53774;1236;1042;12;14;12;0
53775;1248;1042;12;14;12;0
53776;1260;1042;12;14;12;0
53777;1272;1042;12;14;12;0
53778;1284;1042;12;14;12;0
53779;1296;1042;12;14;12;0
53780;1308;1042;12;14;12;0
53781;1320;1042;12;14;12;0
53782;1332;1042;12;14;12;0
53783;1344;1042;12;14;12;0
53784;1356;1042;12;14;12;0
53785;1368;1042;12;14;12;0
53786;1380;1042;12;14;12;0
53787;1392;1042;12;14;12;0
53788;1404;1042;12;14;12;0
53789;1416;1042;12;14;12;0
53790;1428;1042;12;14;12;0
53791;1440;1042;12;14;12;0
53792;1452;1042;12;14;12;0
53793;1464;1042;12;14;12;0
53794;1476;1042;12;14;12;0
53795;1488;1042;12;14;12;0
53796;1500;1042;12;14;12;0
53797;1512;1042;12;14;12;0
53798;1524;1042;12;14;12;0
53799;1536;1042;12;14;12;0
53800;1548;1042;12;14;12;0
53801;1560;1042;12;14;12;0
53802;1572;1042;12;14;12;0
53803;1584;1042;12;14;12;0
53804;1596;1042;12;14;12;0
53805;1608;1042;12;14;12;0
53806;1620;1042;12;14;12;0
53807;1632;1042;12;14;12;0
53808;1644;1042;12;14;12;0
53809;1656;1042;12;14;12;0
53810;1668;1042;12;14;12;0
53811;1680;1042;12;14;12;0
53812;1692;1042;12;14;12;0
53813;1704;1042;12;14;12;0
53814;1716;1042;12;14;12;0
53815;1728;1042;12;14;12;0
53816;1740;1042;12;14;12;0
53817;1752;1042;12;14;12;0
53818;1764;1042;12;14;12;0
53819;1776;1042;12;14;12;0
53820;1788;1042;12;14;12;0
53821;1800;1042;12;14;12;0
53822;1812;1042;12;14;12;0
53823;1824;1042;12;14;12;0
53824;1836;1042;12;14;12;0
53825;1848;1042;12;14;12;0
53826;1860;1042;12;14;12;0
53827;1872;1042;12;14;12;0
53828;1884;1042;12;14;12;0
53829;1896;1042;12;14;12;0
53830;1908;1042;12;14;12;0
53831;1920;1042;12;14;12;0
53832;1932;1042;12;14;12;0
53833;1944;1042;12;14;12;0
53834;1956;1042;12;14;12;0
53835;1968;1042;12;14;12;0
53836;1980;1042;12;14;12;0
53837;1992;1042;12;14;12;0
53838;2004;1042;12;14;12;0
53839;2016;1042;12;14;12;0
53840;2028;1042;12;14;12;0
53841;0;1058;12;14;12;0
53842;12;1058;12;14;12;0
53843;24;1058;12;14;12;0
53844;36;1058;12;14;12;0
53845;48;1058;12;14;12;0
53846;60;1058;12;14;12;0
53847;72;1058;12;14;12;0
53848;84;1058;12;14;12;0
53849;96;1058;12;14;12;0
53850;108;1058;12;14;12;0
53851;120;1058;12;14;12;0
53852;132;1058;12;14;12;0
53853;144;1058;12;14;12;0
53854;156;1058;12;14;12;0
53855;168;1058;12;14;12;0
53856;180;1058;12;14;12;0
53857;192;1058;12;14;12;0
53858;204;1058;12;14;12;0
53859;216;1058;12;14;12;0
53860;228;1058;12;14;12;0
53861;240;1058;12;14;12;0
53862;252;1058;12;14;12;0
53863;264;1058;12;14;12;0
53864;276;1058;12;14;12;0
53865;288;1058;12;14;12;0
53866;300;1058;12;14;12;0
53867;312;1058;12;14;12;0
53868;324;1058;12;14;12;0
53869;336;1058;12;14;12;0
53870;348;1058;12;14;12;0
53871;360;1058;12;14;12;0
53872;372;1058;12;14;12;0
53873;384;1058;12;14;12;0
53874;396;1058;12;14;12;0
53875;408;1058;12;14;12;0
53876;420;1058;12;14;12;0
53877;432;1058;12;14;12;0
53878;444;1058;12;14;12;0
53879;456;1058;12;14;12;0
53880;468;1058;12;14;12;0
53881;480;1058;12;14;12;0
53882;492;1058;12;14;12;0
53883;504;1058;12;14;12;0
53884;516;1058;12;14;12;0
53885;528;1058;12;14;12;0
53886;540;1058;12;14;12;0
53887;552;1058;12;14;12;0
53888;564;1058;12;14;12;0
53889;576;1058;12;14;12;0
53890;588;1058;12;14;12;0
53891;600;1058;12;14;12;0
53892;612;1058;12;14;12;0
53893;624;1058;12;14;12;0
53894;636;1058;12;14;12;0
53895;648;1058;12;14;12;0
53896;660;1058;12;14;12;0
53897;672;1058;12;14;12;0
53898;684;1058;12;14;12;0
53899;696;1058;12;14;12;0
53900;708;1058;12;14;12;0
53901;720;1058;12;14;12;0
53902;732;1058;12;14;12;0
53903;744;1058;12;14;12;0
53904;756;1058;12;14;12;0
53905;768;1058;12;14;12;0
53906;780;1058;12;14;12;0
53907;792;1058;12;14;12;0
53908;804;1058;12;14;12;0
53909;816;1058;12;14;12;0
53910;828;1058;12;14;12;0
53911;840;1058;12;14;12;0
53912;852;1058;12;14;12;0
53913;864;1058;12;14;12;0
53914;876;1058;12;14;12;0
53915;888;1058;12;14;12;0
53916;900;1058;12;14;12;0
53917;912;1058;12;14;12;0
53918;924;1058;12;14;12;0
53919;936;1058;12;14;12;0
53920;948;1058;12;14;12;0
53921;960;1058;12;14;12;0
53922;972;1058;12;14;12;0
53923;984;1058;12;14;12;0
53924;996;1058;12;14;12;0
53925;1008;1058;12;14;12;0
53926;1020;1058;12;14;12;0
53927;1032;1058;12;14;12;0
53928;1044;1058;12;14;12;0
53929;1056;1058;12;14;12;0
53930;1068;1058;12;14;12;0
53931;1080;1058;12;14;12;0
53932;1092;1058;12;14;12;0
53933;1104;1058;12;14;12;0
53934;1116;1058;12;14;12;0
53935;1128;1058;12;14;12;0
53936;1140;1058;12;14;12;0
53937;1152;1058;12;14;12;0
53938;1164;1058;12;14;12;0
53939;1176;1058;12;14;12;0
53940;1188;1058;12;14;12;0
53941;1200;1058;12;14;12;0
53942;1212;1058;12;14;12;0
53943;1224;1058;12;14;12;0
53944;1236;1058;12;14;12;0
53945;1248;1058;12;14;12;0
53946;1260;1058;12;14;12;0
53947;1272;1058;12;14;12;0
53948;1284;1058;12;14;12;0
53949;1296;1058;12;14;12;0
53950;1308;1058;12;14;12;0
53951;1320;1058;12;14;12;0
53952;1332;1058;12;14;12;0
53953;1344;1058;12;14;12;0
53954;1356;1058;12;14;12;0
53955;1368;1058;12;14;12;0
53956;1380;1058;12;14;12;0
53957;1392;1058;12;14;12;0
53958;1404;1058;12;14;12;0
53959;1416;1058;12;14;12;0
53960;1428;1058;12;14;12;0
53961;1440;1058;12;14;12;0
53962;1452;1058;12;14;12;0
53963;1464;1058;12;14;12;0
53964;1476;1058;12;14;12;0
53965;1488;1058;12;14;12;0
53966;1500;1058;12;14;12;0
53967;1512;1058;12;14;12;0
53968;1524;1058;12;14;12;0
53969;1536;1058;12;14;12;0
53970;1548;1058;12;14;12;0
53971;1560;1058;12;14;12;0
53972;1572;1058;12;14;12;0
53973;1584;1058;12;14;12;0
53974;1596;1058;12;14;12;0
53975;1608;1058;12;14;12;0
53976;1620;1058;12;14;12;0
53977;1632;1058;12;14;12;0
53978;1644;1058;12;14;12;0
53979;1656;1058;12;14;12;0
53980;1668;1058;12;14;12;0
53981;1680;1058;12;14;12;0
53982;1692;1058;12;14;12;0
53983;1704;1058;12;14;12;0
53984;1716;1058;12;14;12;0
53985;1728;1058;12;14;12;0
53986;1740;1058;12;14;12;0
53987;1752;1058;12;14;12;0
53988;1764;1058;12;14;12;0
53989;1776;1058;12;14;12;0
53990;1788;1058;12;14;12;0
53991;1800;1058;12;14;12;0
53992;1812;1058;12;14;12;0
53993;1824;1058;12;14;12;0
53994;1836;1058;12;14;12;0
53995;1848;1058;12;14;12;0
53996;1860;1058;12;14;12;0
53997;1872;1058;12;14;12;0
53998;1884;1058;12;14;12;0
53999;1896;1058;12;14;12;0
54000;1908;1058;12;14;12;0
54001;1920;1058;12;14;12;0
54002;1932;1058;12;14;12;0
54003;1944;1058;12;14;12;0
54004;1956;1058;12;14;12;0
54005;1968;1058;12;14;12;0
54006;1980;1058;12;14;12;0
54007;1992;1058;12;14;12;0
54008;2004;1058;12;14;12;0
54009;2016;1058;12;14;12;0
54010;2028;1058;12;14;12;0
54011;0;1074;12;14;12;0
54012;12;1074;12;14;12;0
54013;24;1074;12;14;12;0
54014;36;1074;12;14;12;0
54015;48;1074;12;14;12;0
54016;60;1074;12;14;12;0
54017;72;1074;12;14;12;0
54018;84;1074;12;14;12;0
54019;96;1074;12;14;12;0
54020;108;1074;12;14;12;0
54021;120;1074;12;14;12;0
54022;132;1074;12;14;12;0
54023;144;1074;12;14;12;0
54024;156;1074;12;14;12;0
54025;168;1074;12;14;12;0
54026;180;1074;12;14;12;0
54027;192;1074;12;14;12;0
54028;204;1074;12;14;12;0
54029;216;1074;12;14;12;0
54030;228;1074;12;14;12;0
54031;240;1074;12;14;12;0
54032;252;1074;12;14;12;0
54033;264;1074;12;14;12;0
54034;276;1074;12;14;12;0
54035;288;1074;12;14;12;0
54036;300;1074;12;14;12;0
54037;312;1074;12;14;12;0
54038;324;1074;12;14;12;0
54039;336;1074;12;14;12;0
54040;348;1074;12;14;12;0
54041;360;1074;12;14;12;0
54042;372;1074;12;14;12;0
54043;384;1074;12;14;12;0
54044;396;1074;12;14;12;0
54045;408;1074;12;14;12;0
54046;420;1074;12;14;12;0
54047;432;1074;12;14;12;0
54048;444;1074;12;14;12;0
54049;456;1074;12;14;12;0
54050;468;1074;12;14;12;0
54051;480;1074;12;14;12;0
54052;492;1074;12;14;12;0
54053;504;1074;12;14;12;0
54054;516;1074;12;14;12;0
54055;528;1074;12;14;12;0
54056;540;1074;12;14;12;0
54057;552;1074;12;14;12;0
54058;564;1074;12;14;12;0
54059;576;1074;12;14;12;0
54060;588;1074;12;14;12;0
54061;600;1074;12;14;12;0
54062;612;1074;12;14;12;0
54063;624;1074;12;14;12;0
54064;636;1074;12;14;12;0
54065;648;1074;12;14;12;0
54066;660;1074;12;14;12;0
54067;672;1074;12;14;12;0
54068;684;1074;12;14;12;0
54069;696;1074;12;14;12;0
54070;708;1074;12;14;12;0
54071;720;1074;12;14;12;0
54072;732;1074;12;14;12;0
54073;744;1074;12;14;12;0
54074;756;1074;12;14;12;0
54075;768;1074;12;14;12;0
54076;780;1074;12;14;12;0
54077;792;1074;12;14;12;0
54078;804;1074;12;14;12;0
54079;816;1074;12;14;12;0
54080;828;1074;12;14;12;0
54081;840;1074;12;14;12;0
54082;852;1074;12;14;12;0
54083;864;1074;12;14;12;0
54084;876;1074;12;14;12;0
54085;888;1074;12;14;12;0
54086;900;1074;12;14;12;0
54087;912;1074;12;14;12;0
54088;924;1074;12;14;12;0
54089;936;1074;12;14;12;0
54090;948;1074;12;14;12;0
54091;960;1074;12;14;12;0
54092;972;1074;12;14;12;0
54093;984;1074;12;14;12;0
54094;996;1074;12;14;12;0
54095;1008;1074;12;14;12;0
54096;1020;1074;12;14;12;0
54097;1032;1074;12;14;12;0
54098;1044;1074;12;14;12;0
54099;1056;1074;12;14;12;0
54100;1068;1074;12;14;12;0
54101;1080;1074;12;14;12;0
54102;1092;1074;12;14;12;0
54103;1104;1074;12;14;12;0
54104;1116;1074;12;14;12;0
54105;1128;1074;12;14;12;0
54106;1140;1074;12;14;12;0
54107;1152;1074;12;14;12;0
54108;1164;1074;12;14;12;0
54109;1176;1074;12;14;12;0
54110;1188;1074;12;14;12;0
54111;1200;1074;12;14;12;0
54112;1212;1074;12;14;12;0
54113;1224;1074;12;14;12;0
54114;1236;1074;12;14;12;0
54115;1248;1074;12;14;12;0
54116;1260;1074;12;14;12;0
54117;1272;1074;12;14;12;0
54118;1284;1074;12;14;12;0
54119;1296;1074;12;14;12;0
54120;1308;1074;12;14;12;0
54121;1320;1074;12;14;12;0
54122;1332;1074;12;14;12;0
54123;1344;1074;12;14;12;0
54124;1356;1074;12;14;12;0
54125;1368;1074;12;14;12;0
54126;1380;1074;12;14;12;0
54127;1392;1074;12;14;12;0
54128;1404;1074;12;14;12;0
54129;1416;1074;12;14;12;0
54130;1428;1074;12;14;12;0
54131;1440;1074;12;14;12;0
54132;1452;1074;12;14;12;0
54133;1464;1074;12;14;12;0
54134;1476;1074;12;14;12;0
54135;1488;1074;12;14;12;0
54136;1500;1074;12;14;12;0
54137;1512;1074;12;14;12;0
54138;1524;1074;12;14;12;0
54139;1536;1074;12;14;12;0
54140;1548;1074;12;14;12;0
54141;1560;1074;12;14;12;0
54142;1572;1074;12;14;12;0
54143;1584;1074;12;14;12;0
54144;1596;1074;12;14;12;0
54145;1608;1074;12;14;12;0
54146;1620;1074;12;14;12;0
54147;1632;1074;12;14;12;0
54148;1644;1074;12;14;12;0
54149;1656;1074;12;14;12;0
54150;1668;1074;12;14;12;0
54151;1680;1074;12;14;12;0
54152;1692;1074;12;14;12;0
54153;1704;1074;12;14;12;0
54154;1716;1074;12;14;12;0
54155;1728;1074;12;14;12;0
54156;1740;1074;12;14;12;0
54157;1752;1074;12;14;12;0
54158;1764;1074;12;14;12;0
54159;1776;1074;12;14;12;0
54160;1788;1074;12;14;12;0
54161;1800;1074;12;14;12;0
54162;1812;1074;12;14;12;0
54163;1824;1074;12;14;12;0
54164;1836;1074;12;14;12;0
54165;1848;1074;12;14;12;0
54166;1860;1074;12;14;12;0
54167;1872;1074;12;14;12;0
54168;1884;1074;12;14;12;0
54169;1896;1074;12;14;12;0
54170;1908;1074;12;14;12;0
54171;1920;1074;12;14;12;0
54172;1932;1074;12;14;12;0
54173;1944;1074;12;14;12;0
54174;1956;1074;12;14;12;0
54175;1968;1074;12;14;12;0
54176;1980;1074;12;14;12;0
54177;1992;1074;12;14;12;0
54178;2004;1074;12;14;12;0
54179;2016;1074;12;14;12;0
54180;2028;1074;12;14;12;0
54181;0;1090;12;14;12;0
54182;12;1090;12;14;12;0
54183;24;1090;12;14;12;0
54184;36;1090;12;14;12;0
54185;48;1090;12;14;12;0
54186;60;1090;12;14;12;0
54187;72;1090;12;14;12;0
54188;84;1090;12;14;12;0
54189;96;1090;12;14;12;0
54190;108;1090;12;14;12;0
54191;120;1090;12;14;12;0
54192;132;1090;12;14;12;0
54193;144;1090;12;14;12;0
54194;156;1090;12;14;12;0
54195;168;1090;12;14;12;0
54196;180;1090;12;14;12;0
54197;192;1090;12;14;12;0
54198;204;1090;12;14;12;0
54199;216;1090;12;14;12;0
54200;228;1090;12;14;12;0
54201;240;1090;12;14;12;0
54202;252;1090;12;14;12;0
54203;264;1090;12;14;12;0
54204;276;1090;12;14;12;0
54205;288;1090;12;14;12;0
54206;300;1090;12;14;12;0
54207;312;1090;12;14;12;0
54208;324;1090;12;14;12;0
54209;336;1090;12;14;12;0
54210;348;1090;12;14;12;0
54211;360;1090;12;14;12;0
54212;372;1090;12;14;12;0
54213;384;1090;12;14;12;0
54214;396;1090;12;14;12;0
54215;408;1090;12;14;12;0
54216;420;1090;12;14;12;0
54217;432;1090;12;14;12;0
54218;444;1090;12;14;12;0
54219;456;1090;12;14;12;0
54220;468;1090;12;14;12;0
54221;480;1090;12;14;12;0
54222;492;1090;12;14;12;0
54223;504;1090;12;14;12;0
54224;516;1090;12;14;12;0
54225;528;1090;12;14;12;0
54226;540;1090;12;14;12;0
54227;552;1090;12;14;12;0
54228;564;1090;12;14;12;0
54229;576;1090;12;14;12;0
54230;588;1090;12;14;12;0
54231;600;1090;12;14;12;0
54232;612;1090;12;14;12;0
54233;624;1090;12;14;12;0
54234;636;1090;12;14;12;0
54235;648;1090;12;14;12;0
54236;660;1090;12;14;12;0
54237;672;1090;12;14;12;0
54238;684;1090;12;14;12;0
54239;696;1090;12;14;12;0
54240;708;1090;12;14;12;0
54241;720;1090;12;14;12;0
54242;732;1090;12;14;12;0
54243;744;1090;12;14;12;0
54244;756;1090;12;14;12;0
54245;768;1090;12;14;12;0
54246;780;1090;12;14;12;0
54247;792;1090;12;14;12;0
54248;804;1090;12;14;12;0
54249;816;1090;12;14;12;0
54250;828;1090;12;14;12;0
54251;840;1090;12;14;12;0
54252;852;1090;12;14;12;0
54253;864;1090;12;14;12;0
54254;876;1090;12;14;12;0
54255;888;1090;12;14;12;0
54256;900;1090;12;14;12;0
54257;912;1090;12;14;12;0
54258;924;1090;12;14;12;0
54259;936;1090;12;14;12;0
54260;948;1090;12;14;12;0
54261;960;1090;12;14;12;0
54262;972;1090;12;14;12;0
54263;984;1090;12;14;12;0
54264;996;1090;12;14;12;0
54265;1008;1090;12;14;12;0
54266;1020;1090;12;14;12;0
54267;1032;1090;12;14;12;0
54268;1044;1090;12;14;12;0
54269;1056;1090;12;14;12;0
54270;1068;1090;12;14;12;0
54271;1080;1090;12;14;12;0
54272;1092;1090;12;14;12;0
54273;1104;1090;12;14;12;0
54274;1116;1090;12;14;12;0
54275;1128;1090;12;14;12;0
54276;1140;1090;12;14;12;0
54277;1152;1090;12;14;12;0
54278;1164;1090;12;14;12;0
54279;1176;1090;12;14;12;0
54280;1188;1090;12;14;12;0
54281;1200;1090;12;14;12;0
54282;1212;1090;12;14;12;0
54283;1224;1090;12;14;12;0
54284;1236;1090;12;14;12;0
54285;1248;1090;12;14;12;0
54286;1260;1090;12;14;12;0
54287;1272;1090;12;14;12;0
54288;1284;1090;12;14;12;0
54289;1296;1090;12;14;12;0
54290;1308;1090;12;14;12;0
54291;1320;1090;12;14;12;0
54292;1332;1090;12;14;12;0
54293;1344;1090;12;14;12;0
54294;1356;1090;12;14;12;0
54295;1368;1090;12;14;12;0
54296;1380;1090;12;14;12;0
54297;1392;1090;12;14;12;0
54298;1404;1090;12;14;12;0
54299;1416;1090;12;14;12;0
54300;1428;1090;12;14;12;0
54301;1440;1090;12;14;12;0
54302;1452;1090;12;14;12;0
54303;1464;1090;12;14;12;0
54304;1476;1090;12;14;12;0
54305;1488;1090;12;14;12;0
54306;1500;1090;12;14;12;0
54307;1512;1090;12;14;12;0
54308;1524;1090;12;14;12;0
54309;1536;1090;12;14;12;0
54310;1548;1090;12;14;12;0
54311;1560;1090;12;14;12;0
54312;1572;1090;12;14;12;0
54313;1584;1090;12;14;12;0
54314;1596;1090;12;14;12;0
54315;1608;1090;12;14;12;0
54316;1620;1090;12;14;12;0
54317;1632;1090;12;14;12;0
54318;1644;1090;12;14;12;0
54319;1656;1090;12;14;12;0
54320;1668;1090;12;14;12;0
54321;1680;1090;12;14;12;0
54322;1692;1090;12;14;12;0
54323;1704;1090;12;14;12;0
54324;1716;1090;12;14;12;0
54325;1728;1090;12;14;12;0
54326;1740;1090;12;14;12;0
54327;1752;1090;12;14;12;0
54328;1764;1090;12;14;12;0
54329;1776;1090;12;14;12;0
54330;1788;1090;12;14;12;0
54331;1800;1090;12;14;12;0
54332;1812;1090;12;14;12;0
54333;1824;1090;12;14;12;0
54334;1836;1090;12;14;12;0
54335;1848;1090;12;14;12;0
54336;1860;1090;12;14;12;0
54337;1872;1090;12;14;12;0
54338;1884;1090;12;14;12;0
54339;1896;1090;12;14;12;0
54340;1908;1090;12;14;12;0
54341;1920;1090;12;14;12;0
54342;1932;1090;12;14;12;0
54343;1944;1090;12;14;12;0
54344;1956;1090;12;14;12;0
54345;1968;1090;12;14;12;0
54346;1980;1090;12;14;12;0
54347;1992;1090;12;14;12;0
54348;2004;1090;12;14;12;0
54349;2016;1090;12;14;12;0
54350;2028;1090;12;14;12;0
54351;0;1106;12;14;12;0
54352;12;1106;12;14;12;0
54353;24;1106;12;14;12;0
54354;36;1106;12;14;12;0
54355;48;1106;12;14;12;0
54356;60;1106;12;14;12;0
54357;72;1106;12;14;12;0
54358;84;1106;12;14;12;0
54359;96;1106;12;14;12;0
54360;108;1106;12;14;12;0
54361;120;1106;12;14;12;0
54362;132;1106;12;14;12;0
54363;144;1106;12;14;12;0
54364;156;1106;12;14;12;0
54365;168;1106;12;14;12;0
54366;180;1106;12;14;12;0
54367;192;1106;12;14;12;0
54368;204;1106;12;14;12;0
54369;216;1106;12;14;12;0
54370;228;1106;12;14;12;0
54371;240;1106;12;14;12;0
54372;252;1106;12;14;12;0
54373;264;1106;12;14;12;0
54374;276;1106;12;14;12;0
54375;288;1106;12;14;12;0
54376;300;1106;12;14;12;0
54377;312;1106;12;14;12;0
54378;324;1106;12;14;12;0
54379;336;1106;12;14;12;0
54380;348;1106;12;14;12;0
54381;360;1106;12;14;12;0
54382;372;1106;12;14;12;0
54383;384;1106;12;14;12;0
54384;396;1106;12;14;12;0
54385;408;1106;12;14;12;0
54386;420;1106;12;14;12;0
54387;432;1106;12;14;12;0
54388;444;1106;12;14;12;0
54389;456;1106;12;14;12;0
54390;468;1106;12;14;12;0
54391;480;1106;12;14;12;0
54392;492;1106;12;14;12;0
54393;504;1106;12;14;12;0
54394;516;1106;12;14;12;0
54395;528;1106;12;14;12;0
54396;540;1106;12;14;12;0
54397;552;1106;12;14;12;0
54398;564;1106;12;14;12;0
54399;576;1106;12;14;12;0
54400;588;1106;12;14;12;0
54401;600;1106;12;14;12;0
54402;612;1106;12;14;12;0
54403;624;1106;12;14;12;0
54404;636;1106;12;14;12;0
54405;648;1106;12;14;12;0
54406;660;1106;12;14;12;0
54407;672;1106;12;14;12;0
54408;684;1106;12;14;12;0
54409;696;1106;12;14;12;0
54410;708;1106;12;14;12;0
54411;720;1106;12;14;12;0
54412;732;1106;12;14;12;0
54413;744;1106;12;14;12;0
54414;756;1106;12;14;12;0
54415;768;1106;12;14;12;0
54416;780;1106;12;14;12;0
54417;792;1106;12;14;12;0
54418;804;1106;12;14;12;0
54419;816;1106;12;14;12;0
54420;828;1106;12;14;12;0
54421;840;1106;12;14;12;0
54422;852;1106;12;14;12;0
54423;864;1106;12;14;12;0
54424;876;1106;12;14;12;0
54425;888;1106;12;14;12;0
54426;900;1106;12;14;12;0
54427;912;1106;12;14;12;0
54428;924;1106;12;14;12;0
54429;936;1106;12;14;12;0
54430;948;1106;12;14;12;0
54431;960;1106;12;14;12;0
54432;972;1106;12;14;12;0
54433;984;1106;12;14;12;0
54434;996;1106;12;14;12;0
54435;1008;1106;12;14;12;0
54436;1020;1106;12;14;12;0
54437;1032;1106;12;14;12;0
54438;1044;1106;12;14;12;0
54439;1056;1106;12;14;12;0
54440;1068;1106;12;14;12;0
54441;1080;1106;12;14;12;0
54442;1092;1106;12;14;12;0
54443;1104;1106;12;14;12;0
54444;1116;1106;12;14;12;0
54445;1128;1106;12;14;12;0
54446;1140;1106;12;14;12;0
54447;1152;1106;12;14;12;0
54448;1164;1106;12;14;12;0
54449;1176;1106;12;14;12;0
54450;1188;1106;12;14;12;0
54451;1200;1106;12;14;12;0
54452;1212;1106;12;14;12;0
54453;1224;1106;12;14;12;0
54454;1236;1106;12;14;12;0
54455;1248;1106;12;14;12;0
54456;1260;1106;12;14;12;0
54457;1272;1106;12;14;12;0
54458;1284;1106;12;14;12;0
54459;1296;1106;12;14;12;0
54460;1308;1106;12;14;12;0
54461;1320;1106;12;14;12;0
54462;1332;1106;12;14;12;0
54463;1344;1106;12;14;12;0
54464;1356;1106;12;14;12;0
54465;1368;1106;12;14;12;0
54466;1380;1106;12;14;12;0
54467;1392;1106;12;14;12;0
54468;1404;1106;12;14;12;0
54469;1416;1106;12;14;12;0
54470;1428;1106;12;14;12;0
54471;1440;1106;12;14;12;0
54472;1452;1106;12;14;12;0
54473;1464;1106;12;14;12;0
54474;1476;1106;12;14;12;0
54475;1488;1106;12;14;12;0
54476;1500;1106;12;14;12;0
54477;1512;1106;12;14;12;0
54478;1524;1106;12;14;12;0
54479;1536;1106;12;14;12;0
54480;1548;1106;12;14;12;0
54481;1560;1106;12;14;12;0
54482;1572;1106;12;14;12;0
54483;1584;1106;12;14;12;0
54484;1596;1106;12;14;12;0
54485;1608;1106;12;14;12;0
54486;1620;1106;12;14;12;0
54487;1632;1106;12;14;12;0
54488;1644;1106;12;14;12;0
54489;1656;1106;12;14;12;0
54490;1668;1106;12;14;12;0
54491;1680;1106;12;14;12;0
54492;1692;1106;12;14;12;0
54493;1704;1106;12;14;12;0
54494;1716;1106;12;14;12;0
54495;1728;1106;12;14;12;0
54496;1740;1106;12;14;12;0
54497;1752;1106;12;14;12;0
54498;1764;1106;12;14;12;0
54499;1776;1106;12;14;12;0
54500;1788;1106;12;14;12;0
54501;1800;1106;12;14;12;0
54502;1812;1106;12;14;12;0
54503;1824;1106;12;14;12;0
54504;1836;1106;12;14;12;0
54505;1848;1106;12;14;12;0
54506;1860;1106;12;14;12;0
54507;1872;1106;12;14;12;0
54508;1884;1106;12;14;12;0
54509;1896;1106;12;14;12;0
54510;1908;1106;12;14;12;0
54511;1920;1106;12;14;12;0
54512;1932;1106;12;14;12;0
54513;1944;1106;12;14;12;0
54514;1956;1106;12;14;12;0
54515;1968;1106;12;14;12;0
54516;1980;1106;12;14;12;0
54517;1992;1106;12;14;12;0
54518;2004;1106;12;14;12;0
54519;2016;1106;12;14;12;0
54520;2028;1106;12;14;12;0
54521;0;1122;12;14;12;0
54522;12;1122;12;14;12;0
54523;24;1122;12;14;12;0
54524;36;1122;12;14;12;0
54525;48;1122;12;14;12;0
54526;60;1122;12;14;12;0
54527;72;1122;12;14;12;0
54528;84;1122;12;14;12;0
54529;96;1122;12;14;12;0
54530;108;1122;12;14;12;0
54531;120;1122;12;14;12;0
54532;132;1122;12;14;12;0
54533;144;1122;12;14;12;0
54534;156;1122;12;14;12;0
54535;168;1122;12;14;12;0
54536;180;1122;12;14;12;0
54537;192;1122;12;14;12;0
54538;204;1122;12;14;12;0
54539;216;1122;12;14;12;0
54540;228;1122;12;14;12;0
54541;240;1122;12;14;12;0
54542;252;1122;12;14;12;0
54543;264;1122;12;14;12;0
54544;276;1122;12;14;12;0
54545;288;1122;12;14;12;0
54546;300;1122;12;14;12;0
54547;312;1122;12;14;12;0
54548;324;1122;12;14;12;0
54549;336;1122;12;14;12;0
54550;348;1122;12;14;12;0
54551;360;1122;12;14;12;0
54552;372;1122;12;14;12;0
54553;384;1122;12;14;12;0
54554;396;1122;12;14;12;0
54555;408;1122;12;14;12;0
54556;420;1122;12;14;12;0
54557;432;1122;12;14;12;0
54558;444;1122;12;14;12;0
54559;456;1122;12;14;12;0
54560;468;1122;12;14;12;0
54561;480;1122;12;14;12;0
54562;492;1122;12;14;12;0
54563;504;1122;12;14;12;0
54564;516;1122;12;14;12;0
54565;528;1122;12;14;12;0
54566;540;1122;12;14;12;0
54567;552;1122;12;14;12;0
54568;564;1122;12;14;12;0
54569;576;1122;12;14;12;0
54570;588;1122;12;14;12;0
54571;600;1122;12;14;12;0
54572;612;1122;12;14;12;0
54573;624;1122;12;14;12;0
54574;636;1122;12;14;12;0
54575;648;1122;12;14;12;0
54576;660;1122;12;14;12;0
54577;672;1122;12;14;12;0
54578;684;1122;12;14;12;0
54579;696;1122;12;14;12;0
54580;708;1122;12;14;12;0
54581;720;1122;12;14;12;0
54582;732;1122;12;14;12;0
54583;744;1122;12;14;12;0
54584;756;1122;12;14;12;0
54585;768;1122;12;14;12;0
54586;780;1122;12;14;12;0
54587;792;1122;12;14;12;0
54588;804;1122;12;14;12;0
54589;816;1122;12;14;12;0
54590;828;1122;12;14;12;0
54591;840;1122;12;14;12;0
54592;852;1122;12;14;12;0
54593;864;1122;12;14;12;0
54594;876;1122;12;14;12;0
54595;888;1122;12;14;12;0
54596;900;1122;12;14;12;0
54597;912;1122;12;14;12;0
54598;924;1122;12;14;12;0
54599;936;1122;12;14;12;0
54600;948;1122;12;14;12;0
54601;960;1122;12;14;12;0
54602;972;1122;12;14;12;0
54603;984;1122;12;14;12;0
54604;996;1122;12;14;12;0
54605;1008;1122;12;14;12;0
54606;1020;1122;12;14;12;0
54607;1032;1122;12;14;12;0
54608;1044;1122;12;14;12;0
54609;1056;1122;12;14;12;0
54610;1068;1122;12;14;12;0
54611;1080;1122;12;14;12;0
54612;1092;1122;12;14;12;0
54613;1104;1122;12;14;12;0
54614;1116;1122;12;14;12;0
54615;1128;1122;12;14;12;0
54616;1140;1122;12;14;12;0
54617;1152;1122;12;14;12;0
54618;1164;1122;12;14;12;0
54619;1176;1122;12;14;12;0
54620;1188;1122;12;14;12;0
54621;1200;1122;12;14;12;0
54622;1212;1122;12;14;12;0
54623;1224;1122;12;14;12;0
54624;1236;1122;12;14;12;0
54625;1248;1122;12;14;12;0
54626;1260;1122;12;14;12;0
54627;1272;1122;12;14;12;0
54628;1284;1122;12;14;12;0
54629;1296;1122;12;14;12;0
54630;1308;1122;12;14;12;0
54631;1320;1122;12;14;12;0
54632;1332;1122;12;14;12;0
54633;1344;1122;12;14;12;0
54634;1356;1122;12;14;12;0
54635;1368;1122;12;14;12;0
54636;1380;1122;12;14;12;0
54637;1392;1122;12;14;12;0
54638;1404;1122;12;14;12;0
54639;1416;1122;12;14;12;0
54640;1428;1122;12;14;12;0
54641;1440;1122;12;14;12;0
54642;1452;1122;12;14;12;0
54643;1464;1122;12;14;12;0
54644;1476;1122;12;14;12;0
54645;1488;1122;12;14;12;0
54646;1500;1122;12;14;12;0
54647;1512;1122;12;14;12;0
54648;1524;1122;12;14;12;0
54649;1536;1122;12;14;12;0
54650;1548;1122;12;14;12;0
54651;1560;1122;12;14;12;0
54652;1572;1122;12;14;12;0
54653;1584;1122;12;14;12;0
54654;1596;1122;12;14;12;0
54655;1608;1122;12;14;12;0
54656;1620;1122;12;14;12;0
54657;1632;1122;12;14;12;0
54658;1644;1122;12;14;12;0
54659;1656;1122;12;14;12;0
54660;1668;1122;12;14;12;0
54661;1680;1122;12;14;12;0
54662;1692;1122;12;14;12;0
54663;1704;1122;12;14;12;0
54664;1716;1122;12;14;12;0
54665;1728;1122;12;14;12;0
54666;1740;1122;12;14;12;0
54667;1752;1122;12;14;12;0
54668;1764;1122;12;14;12;0
54669;1776;1122;12;14;12;0
54670;1788;1122;12;14;12;0
54671;1800;1122;12;14;12;0
54672;1812;1122;12;14;12;0
54673;1824;1122;12;14;12;0
54674;1836;1122;12;14;12;0
54675;1848;1122;12;14;12;0
54676;1860;1122;12;14;12;0
54677;1872;1122;12;14;12;0
54678;1884;1122;12;14;12;0
54679;1896;1122;12;14;12;0
54680;1908;1122;12;14;12;0
54681;1920;1122;12;14;12;0
54682;1932;1122;12;14;12;0
54683;1944;1122;12;14;12;0
54684;1956;1122;12;14;12;0
54685;1968;1122;12;14;12;0
54686;1980;1122;12;14;12;0
54687;1992;1122;12;14;12;0
54688;2004;1122;12;14;12;0
54689;2016;1122;12;14;12;0
54690;2028;1122;12;14;12;0
54691;0;1138;12;14;12;0
54692;12;1138;12;14;12;0
54693;24;1138;12;14;12;0
54694;36;1138;12;14;12;0
54695;48;1138;12;14;12;0
54696;60;1138;12;14;12;0
54697;72;1138;12;14;12;0
54698;84;1138;12;14;12;0
54699;96;1138;12;14;12;0
54700;108;1138;12;14;12;0
54701;120;1138;12;14;12;0
54702;132;1138;12;14;12;0
54703;144;1138;12;14;12;0
54704;156;1138;12;14;12;0
54705;168;1138;12;14;12;0
54706;180;1138;12;14;12;0
54707;192;1138;12;14;12;0
54708;204;1138;12;14;12;0
54709;216;1138;12;14;12;0
54710;228;1138;12;14;12;0
54711;240;1138;12;14;12;0
54712;252;1138;12;14;12;0
54713;264;1138;12;14;12;0
54714;276;1138;12;14;12;0
54715;288;1138;12;14;12;0
54716;300;1138;12;14;12;0
54717;312;1138;12;14;12;0
54718;324;1138;12;14;12;0
54719;336;1138;12;14;12;0
54720;348;1138;12;14;12;0
54721;360;1138;12;14;12;0
54722;372;1138;12;14;12;0
54723;384;1138;12;14;12;0
54724;396;1138;12;14;12;0
54725;408;1138;12;14;12;0
54726;420;1138;12;14;12;0
54727;432;1138;12;14;12;0
54728;444;1138;12;14;12;0
54729;456;1138;12;14;12;0
54730;468;1138;12;14;12;0
54731;480;1138;12;14;12;0
54732;492;1138;12;14;12;0
54733;504;1138;12;14;12;0
54734;516;1138;12;14;12;0
54735;528;1138;12;14;12;0
54736;540;1138;12;14;12;0
54737;552;1138;12;14;12;0
54738;564;1138;12;14;12;0
54739;576;1138;12;14;12;0
54740;588;1138;12;14;12;0
54741;600;1138;12;14;12;0
54742;612;1138;12;14;12;0
54743;624;1138;12;14;12;0
54744;636;1138;12;14;12;0
54745;648;1138;12;14;12;0
54746;660;1138;12;14;12;0
54747;672;1138;12;14;12;0
54748;684;1138;12;14;12;0
54749;696;1138;12;14;12;0
54750;708;1138;12;14;12;0
54751;720;1138;12;14;12;0
54752;732;1138;12;14;12;0
54753;744;1138;12;14;12;0
54754;756;1138;12;14;12;0
54755;768;1138;12;14;12;0
54756;780;1138;12;14;12;0
54757;792;1138;12;14;12;0
54758;804;1138;12;14;12;0
54759;816;1138;12;14;12;0
54760;828;1138;12;14;12;0
54761;840;1138;12;14;12;0
54762;852;1138;12;14;12;0
54763;864;1138;12;14;12;0
54764;876;1138;12;14;12;0
54765;888;1138;12;14;12;0
54766;900;1138;12;14;12;0
54767;912;1138;12;14;12;0
54768;924;1138;12;14;12;0
54769;936;1138;12;14;12;0
54770;948;1138;12;14;12;0
54771;960;1138;12;14;12;0
54772;972;1138;12;14;12;0
54773;984;1138;12;14;12;0
54774;996;1138;12;14;12;0
54775;1008;1138;12;14;12;0
54776;1020;1138;12;14;12;0
54777;1032;1138;12;14;12;0
54778;1044;1138;12;14;12;0
54779;1056;1138;12;14;12;0
54780;1068;1138;12;14;12;0
54781;1080;1138;12;14;12;0
54782;1092;1138;12;14;12;0
54783;1104;1138;12;14;12;0
54784;1116;1138;12;14;12;0
54785;1128;1138;12;14;12;0
54786;1140;1138;12;14;12;0
54787;1152;1138;12;14;12;0
54788;1164;1138;12;14;12;0
54789;1176;1138;12;14;12;0
54790;1188;1138;12;14;12;0
54791;1200;1138;12;14;12;0
54792;1212;1138;12;14;12;0
54793;1224;1138;12;14;12;0
54794;1236;1138;12;14;12;0
54795;1248;1138;12;14;12;0
54796;1260;1138;12;14;12;0
54797;1272;1138;12;14;12;0
54798;1284;1138;12;14;12;0
54799;1296;1138;12;14;12;0
54800;1308;1138;12;14;12;0
54801;1320;1138;12;14;12;0
54802;1332;1138;12;14;12;0
54803;1344;1138;12;14;12;0
54804;1356;1138;12;14;12;0
54805;1368;1138;12;14;12;0
54806;1380;1138;12;14;12;0
54807;1392;1138;12;14;12;0
54808;1404;1138;12;14;12;0
54809;1416;1138;12;14;12;0
54810;1428;1138;12;14;12;0
54811;1440;1138;12;14;12;0
54812;1452;1138;12;14;12;0
54813;1464;1138;12;14;12;0
54814;1476;1138;12;14;12;0
54815;1488;1138;12;14;12;0
54816;1500;1138;12;14;12;0
54817;1512;1138;12;14;12;0
54818;1524;1138;12;14;12;0
54819;1536;1138;12;14;12;0
54820;1548;1138;12;14;12;0
54821;1560;1138;12;14;12;0
54822;1572;1138;12;14;12;0
54823;1584;1138;12;14;12;0
54824;1596;1138;12;14;12;0
54825;1608;1138;12;14;12;0
54826;1620;1138;12;14;12;0
54827;1632;1138;12;14;12;0
54828;1644;1138;12;14;12;0
54829;1656;1138;12;14;12;0
54830;1668;1138;12;14;12;0
54831;1680;1138;12;14;12;0
54832;1692;1138;12;14;12;0
54833;1704;1138;12;14;12;0
54834;1716;1138;12;14;12;0
54835;1728;1138;12;14;12;0
54836;1740;1138;12;14;12;0
54837;1752;1138;12;14;12;0
54838;1764;1138;12;14;12;0
54839;1776;1138;12;14;12;0
54840;1788;1138;12;14;12;0
54841;1800;1138;12;14;12;0
54842;1812;1138;12;14;12;0
54843;1824;1138;12;14;12;0
54844;1836;1138;12;14;12;0
54845;1848;1138;12;14;12;0
54846;1860;1138;12;14;12;0
54847;1872;1138;12;14;12;0
54848;1884;1138;12;14;12;0
54849;1896;1138;12;14;12;0
54850;1908;1138;12;14;12;0
54851;1920;1138;12;14;12;0
54852;1932;1138;12;14;12;0
54853;1944;1138;12;14;12;0
54854;1956;1138;12;14;12;0
54855;1968;1138;12;14;12;0
54856;1980;1138;12;14;12;0
54857;1992;1138;12;14;12;0
54858;2004;1138;12;14;12;0
54859;2016;1138;12;14;12;0
54860;2028;1138;12;14;12;0
54861;0;1154;12;14;12;0
54862;12;1154;12;14;12;0
54863;24;1154;12;14;12;0
54864;36;1154;12;14;12;0
54865;48;1154;12;14;12;0
54866;60;1154;12;14;12;0
54867;72;1154;12;14;12;0
54868;84;1154;12;14;12;0
54869;96;1154;12;14;12;0
54870;108;1154;12;14;12;0
54871;120;1154;12;14;12;0
54872;132;1154;12;14;12;0
54873;144;1154;12;14;12;0
54874;156;1154;12;14;12;0
54875;168;1154;12;14;12;0
54876;180;1154;12;14;12;0
54877;192;1154;12;14;12;0
54878;204;1154;12;14;12;0
54879;216;1154;12;14;12;0
54880;228;1154;12;14;12;0
54881;240;1154;12;14;12;0
54882;252;1154;12;14;12;0
54883;264;1154;12;14;12;0
54884;276;1154;12;14;12;0
54885;288;1154;12;14;12;0
54886;300;1154;12;14;12;0
54887;312;1154;12;14;12;0
54888;324;1154;12;14;12;0
54889;336;1154;12;14;12;0
54890;348;1154;12;14;12;0
54891;360;1154;12;14;12;0
54892;372;1154;12;14;12;0
54893;384;1154;12;14;12;0
54894;396;1154;12;14;12;0
54895;408;1154;12;14;12;0
54896;420;1154;12;14;12;0
54897;432;1154;12;14;12;0
54898;444;1154;12;14;12;0
54899;456;1154;12;14;12;0
54900;468;1154;12;14;12;0
54901;480;1154;12;14;12;0
54902;492;1154;12;14;12;0
54903;504;1154;12;14;12;0
54904;516;1154;12;14;12;0
54905;528;1154;12;14;12;0
54906;540;1154;12;14;12;0
54907;552;1154;12;14;12;0
54908;564;1154;12;14;12;0
54909;576;1154;12;14;12;0
54910;588;1154;12;14;12;0
54911;600;1154;12;14;12;0
54912;612;1154;12;14;12;0
54913;624;1154;12;14;12;0
54914;636;1154;12;14;12;0
54915;648;1154;12;14;12;0
54916;660;1154;12;14;12;0
54917;672;1154;12;14;12;0
54918;684;1154;12;14;12;0
54919;696;1154;12;14;12;0
54920;708;1154;12;14;12;0
54921;720;1154;12;14;12;0
54922;732;1154;12;14;12;0
54923;744;1154;12;14;12;0
54924;756;1154;12;14;12;0
54925;768;1154;12;14;12;0
54926;780;1154;12;14;12;0
54927;792;1154;12;14;12;0
54928;804;1154;12;14;12;0
54929;816;1154;12;14;12;0
54930;828;1154;12;14;12;0
54931;840;1154;12;14;12;0
54932;852;1154;12;14;12;0
54933;864;1154;12;14;12;0
54934;876;1154;12;14;12;0
54935;888;1154;12;14;12;0
54936;900;1154;12;14;12;0
54937;912;1154;12;14;12;0
54938;924;1154;12;14;12;0
54939;936;1154;12;14;12;0
54940;948;1154;12;14;12;0
54941;960;1154;12;14;12;0
54942;972;1154;12;14;12;0
54943;984;1154;12;14;12;0
54944;996;1154;12;14;12;0
54945;1008;1154;12;14;12;0
54946;1020;1154;12;14;12;0
54947;1032;1154;12;14;12;0
54948;1044;1154;12;14;12;0
54949;1056;1154;12;14;12;0
54950;1068;1154;12;14;12;0
54951;1080;1154;12;14;12;0
54952;1092;1154;12;14;12;0
54953;1104;1154;12;14;12;0
54954;1116;1154;12;14;12;0
54955;1128;1154;12;14;12;0
54956;1140;1154;12;14;12;0
54957;1152;1154;12;14;12;0
54958;1164;1154;12;14;12;0
54959;1176;1154;12;14;12;0
54960;1188;1154;12;14;12;0
54961;1200;1154;12;14;12;0
54962;1212;1154;12;14;12;0
54963;1224;1154;12;14;12;0
54964;1236;1154;12;14;12;0
54965;1248;1154;12;14;12;0
54966;1260;1154;12;14;12;0
54967;1272;1154;12;14;12;0
54968;1284;1154;12;14;12;0
54969;1296;1154;12;14;12;0
54970;1308;1154;12;14;12;0
54971;1320;1154;12;14;12;0
54972;1332;1154;12;14;12;0
54973;1344;1154;12;14;12;0
54974;1356;1154;12;14;12;0
54975;1368;1154;12;14;12;0
54976;1380;1154;12;14;12;0
54977;1392;1154;12;14;12;0
54978;1404;1154;12;14;12;0
54979;1416;1154;12;14;12;0
54980;1428;1154;12;14;12;0
54981;1440;1154;12;14;12;0
54982;1452;1154;12;14;12;0
54983;1464;1154;12;14;12;0
54984;1476;1154;12;14;12;0
54985;1488;1154;12;14;12;0
54986;1500;1154;12;14;12;0
54987;1512;1154;12;14;12;0
54988;1524;1154;12;14;12;0
54989;1536;1154;12;14;12;0
54990;1548;1154;12;14;12;0
54991;1560;1154;12;14;12;0
54992;1572;1154;12;14;12;0
54993;1584;1154;12;14;12;0
54994;1596;1154;12;14;12;0
54995;1608;1154;12;14;12;0
54996;1620;1154;12;14;12;0
54997;1632;1154;12;14;12;0
54998;1644;1154;12;14;12;0
54999;1656;1154;12;14;12;0
55000;1668;1154;12;14;12;0
55001;1680;1154;12;14;12;0
55002;1692;1154;12;14;12;0
55003;1704;1154;12;14;12;0
55004;1716;1154;12;14;12;0
55005;1728;1154;12;14;12;0
55006;1740;1154;12;14;12;0
55007;1752;1154;12;14;12;0
55008;1764;1154;12;14;12;0
55009;1776;1154;12;14;12;0
55010;1788;1154;12;14;12;0
55011;1800;1154;12;14;12;0
55012;1812;1154;12;14;12;0
55013;1824;1154;12;14;12;0
55014;1836;1154;12;14;12;0
55015;1848;1154;12;14;12;0
55016;1860;1154;12;14;12;0
55017;1872;1154;12;14;12;0
55018;1884;1154;12;14;12;0
55019;1896;1154;12;14;12;0
55020;1908;1154;12;14;12;0
55021;1920;1154;12;14;12;0
55022;1932;1154;12;14;12;0
55023;1944;1154;12;14;12;0
55024;1956;1154;12;14;12;0
55025;1968;1154;12;14;12;0
55026;1980;1154;12;14;12;0
55027;1992;1154;12;14;12;0
55028;2004;1154;12;14;12;0
55029;2016;1154;12;14;12;0
55030;2028;1154;12;14;12;0
55031;0;1170;12;14;12;0
55032;12;1170;12;14;12;0
55033;24;1170;12;14;12;0
55034;36;1170;12;14;12;0
55035;48;1170;12;14;12;0
55036;60;1170;12;14;12;0
55037;72;1170;12;14;12;0
55038;84;1170;12;14;12;0
55039;96;1170;12;14;12;0
55040;108;1170;12;14;12;0
55041;120;1170;12;14;12;0
55042;132;1170;12;14;12;0
55043;144;1170;12;14;12;0
55044;156;1170;12;14;12;0
55045;168;1170;12;14;12;0
55046;180;1170;12;14;12;0
55047;192;1170;12;14;12;0
55048;204;1170;12;14;12;0
55049;216;1170;12;14;12;0
55050;228;1170;12;14;12;0
55051;240;1170;12;14;12;0
55052;252;1170;12;14;12;0
55053;264;1170;12;14;12;0
55054;276;1170;12;14;12;0
55055;288;1170;12;14;12;0
55056;300;1170;12;14;12;0
55057;312;1170;12;14;12;0
55058;324;1170;12;14;12;0
55059;336;1170;12;14;12;0
55060;348;1170;12;14;12;0
55061;360;1170;12;14;12;0
55062;372;1170;12;14;12;0
55063;384;1170;12;14;12;0
55064;396;1170;12;14;12;0
55065;408;1170;12;14;12;0
55066;420;1170;12;14;12;0
55067;432;1170;12;14;12;0
55068;444;1170;12;14;12;0
55069;456;1170;12;14;12;0
55070;468;1170;12;14;12;0
55071;480;1170;12;14;12;0
55072;492;1170;12;14;12;0
55073;504;1170;12;14;12;0
55074;516;1170;12;14;12;0
55075;528;1170;12;14;12;0
55076;540;1170;12;14;12;0
55077;552;1170;12;14;12;0
55078;564;1170;12;14;12;0
55079;576;1170;12;14;12;0
55080;588;1170;12;14;12;0
55081;600;1170;12;14;12;0
55082;612;1170;12;14;12;0
55083;624;1170;12;14;12;0
55084;636;1170;12;14;12;0
55085;648;1170;12;14;12;0
55086;660;1170;12;14;12;0
55087;672;1170;12;14;12;0
55088;684;1170;12;14;12;0
55089;696;1170;12;14;12;0
55090;708;1170;12;14;12;0
55091;720;1170;12;14;12;0
55092;732;1170;12;14;12;0
55093;744;1170;12;14;12;0
55094;756;1170;12;14;12;0
55095;768;1170;12;14;12;0
55096;780;1170;12;14;12;0
55097;792;1170;12;14;12;0
55098;804;1170;12;14;12;0
55099;816;1170;12;14;12;0
55100;828;1170;12;14;12;0
55101;840;1170;12;14;12;0
55102;852;1170;12;14;12;0
55103;864;1170;12;14;12;0
55104;876;1170;12;14;12;0
55105;888;1170;12;14;12;0
55106;900;1170;12;14;12;0
55107;912;1170;12;14;12;0
55108;924;1170;12;14;12;0
55109;936;1170;12;14;12;0
55110;948;1170;12;14;12;0
55111;960;1170;12;14;12;0
55112;972;1170;12;14;12;0
55113;984;1170;12;14;12;0
55114;996;1170;12;14;12;0
55115;1008;1170;12;14;12;0
55116;1020;1170;12;14;12;0
55117;1032;1170;12;14;12;0
55118;1044;1170;12;14;12;0
55119;1056;1170;12;14;12;0
55120;1068;1170;12;14;12;0
55121;1080;1170;12;14;12;0
55122;1092;1170;12;14;12;0
55123;1104;1170;12;14;12;0
55124;1116;1170;12;14;12;0
55125;1128;1170;12;14;12;0
55126;1140;1170;12;14;12;0
55127;1152;1170;12;14;12;0
55128;1164;1170;12;14;12;0
55129;1176;1170;12;14;12;0
55130;1188;1170;12;14;12;0
55131;1200;1170;12;14;12;0
55132;1212;1170;12;14;12;0
55133;1224;1170;12;14;12;0
55134;1236;1170;12;14;12;0
55135;1248;1170;12;14;12;0
55136;1260;1170;12;14;12;0
55137;1272;1170;12;14;12;0
55138;1284;1170;12;14;12;0
55139;1296;1170;12;14;12;0
55140;1308;1170;12;14;12;0
55141;1320;1170;12;14;12;0
55142;1332;1170;12;14;12;0
55143;1344;1170;12;14;12;0
55144;1356;1170;12;14;12;0
55145;1368;1170;12;14;12;0
55146;1380;1170;12;14;12;0
55147;1392;1170;12;14;12;0
55148;1404;1170;12;14;12;0
55149;1416;1170;12;14;12;0
55150;1428;1170;12;14;12;0
55151;1440;1170;12;14;12;0
55152;1452;1170;12;14;12;0
55153;1464;1170;12;14;12;0
55154;1476;1170;12;14;12;0
55155;1488;1170;12;14;12;0
55156;1500;1170;12;14;12;0
55157;1512;1170;12;14;12;0
55158;1524;1170;12;14;12;0
55159;1536;1170;12;14;12;0
55160;1548;1170;12;14;12;0
55161;1560;1170;12;14;12;0
55162;1572;1170;12;14;12;0
55163;1584;1170;12;14;12;0
55164;1596;1170;12;14;12;0
55165;1608;1170;12;14;12;0
55166;1620;1170;12;14;12;0
55167;1632;1170;12;14;12;0
55168;1644;1170;12;14;12;0
55169;1656;1170;12;14;12;0
55170;1668;1170;12;14;12;0
55171;1680;1170;12;14;12;0
55172;1692;1170;12;14;12;0
55173;1704;1170;12;14;12;0
55174;1716;1170;12;14;12;0
55175;1728;1170;12;14;12;0
55176;1740;1170;12;14;12;0
55177;1752;1170;12;14;12;0
55178;1764;1170;12;14;12;0
55179;1776;1170;12;14;12;0
55180;1788;1170;12;14;12;0
55181;1800;1170;12;14;12;0
55182;1812;1170;12;14;12;0
55183;1824;1170;12;14;12;0
55184;1836;1170;12;14;12;0
55185;1848;1170;12;14;12;0
55186;1860;1170;12;14;12;0
55187;1872;1170;12;14;12;0
55188;1884;1170;12;14;12;0
55189;1896;1170;12;14;12;0
55190;1908;1170;12;14;12;0
55191;1920;1170;12;14;12;0
55192;1932;1170;12;14;12;0
55193;1944;1170;12;14;12;0
55194;1956;1170;12;14;12;0
55195;1968;1170;12;14;12;0
55196;1980;1170;12;14;12;0
55197;1992;1170;12;14;12;0
55198;2004;1170;12;14;12;0
55199;2016;1170;12;14;12;0
55200;2028;1170;12;14;12;0
55201;0;1186;12;14;12;0
55202;12;1186;12;14;12;0
55203;24;1186;12;14;12;0
